epoch,time,train/box_loss,train/cls_loss,train/dfl_loss,metrics/precision(B),metrics/recall(B),metrics/mAP50(B),metrics/mAP50-95(B),val/box_loss,val/cls_loss,val/dfl_loss,lr/pg0,lr/pg1,lr/pg2
1,58.8894,1.21003,2.06573,1.6077,0,0,0,0,0,0,0,0.0701176,0.00332026,0.00332026
2,117.623,1.23269,1.56603,1.59241,0,0,0,0,0,0,0,0.0397883,0.00632424,0.00632424
3,176.352,1.28321,1.67,1.56468,0,0,0,0,0,0,0,0.00912894,0.00899822,0.00899822
4,235.049,1.34881,1.65954,1.6623,0,0,0,0,0,0,0,0.008515,0.008515,0.008515
5,293.699,1.35259,1.59487,1.66765,0,0,0,0,0,0,0,0.00802,0.00802,0.00802
6,352.304,1.44333,1.55201,1.72713,0,0,0,0,0,0,0,0.007525,0.007525,0.007525
7,410.983,1.33142,1.43898,1.66057,0,0,0,0,0,0,0,0.00703,0.00703,0.00703
8,469.64,1.33241,1.39153,1.66193,0,0,0,0,0,0,0,0.006535,0.006535,0.006535
9,528.333,1.23943,1.31606,1.57604,0,0,0,0,0,0,0,0.00604,0.00604,0.00604
10,587.048,1.24376,1.26115,1.59898,0,0,0,0,0,0,0,0.005545,0.005545,0.005545
11,646.106,1.16637,1.07958,1.56855,0,0,0,0,0,0,0,0.00505,0.00505,0.00505
12,704.841,1.13726,0.97021,1.51504,0,0,0,0,0,0,0,0.004555,0.004555,0.004555
13,763.52,1.13757,0.96881,1.49305,0,0,0,0,0,0,0,0.00406,0.00406,0.00406
14,822.171,1.08239,0.92174,1.48439,0,0,0,0,0,0,0,0.003565,0.003565,0.003565
15,880.776,1.05284,0.87271,1.43802,0,0,0,0,0,0,0,0.00307,0.00307,0.00307
16,939.391,1.01844,0.80203,1.41944,0,0,0,0,0,0,0,0.002575,0.002575,0.002575
17,997.987,0.97812,0.73547,1.40377,0,0,0,0,0,0,0,0.00208,0.00208,0.00208
18,1056.55,0.923,0.68906,1.35097,0,0,0,0,0,0,0,0.001585,0.001585,0.001585
19,1115.11,0.90445,0.65385,1.32802,0,0,0,0,0,0,0,0.00109,0.00109,0.00109
20,1175.72,0.89308,0.62953,1.30902,0.8629,0.80646,0.89551,0.63906,1.06519,0.76991,1.15526,0.000595,0.000595,0.000595
1,60.0832,1.21861,2.08504,1.62465,0,0,0,0,0,0,0,0.072128,0.00302822,0.00302822
2,119.121,1.20124,1.40613,1.56798,0,0,0,0,0,0,0,0.0438459,0.00576804,0.00576804
3,177.94,1.20803,1.52494,1.54001,0,0,0,0,0,0,0,0.0152629,0.00820693,0.00820693
4,236.651,1.3034,1.51563,1.60601,0,0,0,0,0,0,0,0.00834495,0.00834495,0.00834495
5,295.349,1.28466,1.40574,1.63024,0,0,0,0,0,0,0,0.00785993,0.00785993,0.00785993
6,354.003,1.30792,1.34945,1.64909,0,0,0,0,0,0,0,0.00737492,0.00737492,0.00737492
7,412.674,1.2697,1.29279,1.63313,0,0,0,0,0,0,0,0.0068899,0.0068899,0.0068899
8,471.368,1.25376,1.22738,1.62173,0,0,0,0,0,0,0,0.00640488,0.00640488,0.00640488
9,530.042,1.20675,1.17242,1.54899,0,0,0,0,0,0,0,0.00591987,0.00591987,0.00591987
10,588.705,1.18697,1.13472,1.55812,0,0,0,0,0,0,0,0.00543485,0.00543485,0.00543485
11,647.719,1.12246,0.97432,1.51825,0,0,0,0,0,0,0,0.00494983,0.00494983,0.00494983
12,706.267,1.12777,0.90877,1.52666,0,0,0,0,0,0,0,0.00446482,0.00446482,0.00446482
13,764.873,1.1309,0.90903,1.51244,0,0,0,0,0,0,0,0.0039798,0.0039798,0.0039798
14,823.4,1.06632,0.81007,1.46545,0,0,0,0,0,0,0,0.00349478,0.00349478,0.00349478
15,881.918,1.05492,0.82959,1.4571,0,0,0,0,0,0,0,0.00300977,0.00300977,0.00300977
16,940.497,1.02054,0.75482,1.41659,0,0,0,0,0,0,0,0.00252475,0.00252475,0.00252475
17,998.996,0.9462,0.68783,1.37928,0,0,0,0,0,0,0,0.00203973,0.00203973,0.00203973
18,1057.53,0.91535,0.64276,1.35004,0,0,0,0,0,0,0,0.00155472,0.00155472,0.00155472
19,1116.12,0.89302,0.62514,1.32093,0,0,0,0,0,0,0,0.0010697,0.0010697,0.0010697
20,1176.67,0.87871,0.59762,1.31107,0.89277,0.76602,0.89437,0.63834,1.07842,0.73182,1.19787,0.000584683,0.000584683,0.000584683
1,59.9165,1.27959,2.11841,1.68606,0,0,0,0,0,0,0,0.0700114,0.00321401,0.00321401
2,118.923,1.18684,1.43953,1.53962,0,0,0,0,0,0,0,0.0395859,0.00612187,0.00612187
3,177.67,1.26592,1.63808,1.61264,0,0,0,0,0,0,0,0.008841,0.00871028,0.00871028
4,236.378,1.3741,1.68355,1.6772,0,0,0,0,0,0,0,0.00824252,0.00824252,0.00824252
5,295.02,1.35517,1.51777,1.69779,0,0,0,0,0,0,0,0.00776336,0.00776336,0.00776336
6,353.688,1.34279,1.4043,1.67269,0,0,0,0,0,0,0,0.0072842,0.0072842,0.0072842
7,412.305,1.30771,1.43164,1.65666,0,0,0,0,0,0,0,0.00680504,0.00680504,0.00680504
8,470.899,1.28301,1.32797,1.61307,0,0,0,0,0,0,0,0.00632588,0.00632588,0.00632588
9,529.509,1.24986,1.25602,1.59901,0,0,0,0,0,0,0,0.00584672,0.00584672,0.00584672
10,588.174,1.22263,1.21002,1.58705,0,0,0,0,0,0,0,0.00536756,0.00536756,0.00536756
11,647.153,1.15926,1.02505,1.54839,0,0,0,0,0,0,0,0.0048884,0.0048884,0.0048884
12,705.758,1.12846,0.97023,1.51886,0,0,0,0,0,0,0,0.00440924,0.00440924,0.00440924
13,764.414,1.166,0.97004,1.55343,0,0,0,0,0,0,0,0.00393008,0.00393008,0.00393008
14,823.029,1.07079,0.8559,1.47204,0,0,0,0,0,0,0,0.00345092,0.00345092,0.00345092
15,881.626,1.07861,0.85485,1.457,0,0,0,0,0,0,0,0.00297176,0.00297176,0.00297176
16,940.252,1.03742,0.7788,1.44273,0,0,0,0,0,0,0,0.0024926,0.0024926,0.0024926
17,998.785,0.96709,0.72885,1.3858,0,0,0,0,0,0,0,0.00201344,0.00201344,0.00201344
18,1057.35,0.94294,0.66691,1.37183,0,0,0,0,0,0,0,0.00153428,0.00153428,0.00153428
19,1115.9,0.93528,0.66712,1.35498,0,0,0,0,0,0,0,0.00105512,0.00105512,0.00105512
20,1176.47,0.90761,0.6438,1.33077,0.78657,0.80501,0.87629,0.61541,1.12077,0.77345,1.20808,0.00057596,0.00057596,0.00057596
1,60.1302,1.2079,2.16845,1.66696,0,0,0,0,0,0,0,0.0727584,0.00260566,0.00260566
2,119.22,1.13596,1.32473,1.53161,0,0,0,0,0,0,0,0.0451514,0.00496337,0.00496337
3,178.087,1.13579,1.37517,1.49392,0,0,0,0,0,0,0,0.0172856,0.00706235,0.00706235
4,236.818,1.20721,1.39378,1.5632,0,0,0,0,0,0,0,0.00743485,0.00743485,0.00743485
5,295.445,1.2712,1.2321,1.57741,0,0,0,0,0,0,0,0.00700314,0.00700314,0.00700314
6,354.119,1.28039,1.24847,1.63538,0,0,0,0,0,0,0,0.00657142,0.00657142,0.00657142
7,412.7,1.21641,1.19434,1.59376,0,0,0,0,0,0,0,0.0061397,0.0061397,0.0061397
8,471.34,1.16199,1.13616,1.53523,0,0,0,0,0,0,0,0.00570799,0.00570799,0.00570799
9,529.996,1.15767,1.04913,1.5189,0,0,0,0,0,0,0,0.00527627,0.00527627,0.00527627
10,588.688,1.08865,0.95476,1.49052,0,0,0,0,0,0,0,0.00484456,0.00484456,0.00484456
11,647.728,1.03503,0.79302,1.43772,0,0,0,0,0,0,0,0.00441284,0.00441284,0.00441284
12,706.321,1.02909,0.7357,1.44587,0,0,0,0,0,0,0,0.00398112,0.00398112,0.00398112
13,764.951,0.99977,0.71539,1.39528,0,0,0,0,0,0,0,0.00354941,0.00354941,0.00354941
14,823.565,0.94519,0.70557,1.37566,0,0,0,0,0,0,0,0.00311769,0.00311769,0.00311769
15,882.251,0.92636,0.65811,1.3374,0,0,0,0,0,0,0,0.00268598,0.00268598,0.00268598
16,940.846,0.90177,0.59917,1.32391,0,0,0,0,0,0,0,0.00225426,0.00225426,0.00225426
17,999.429,0.85155,0.55897,1.28481,0,0,0,0,0,0,0,0.00182254,0.00182254,0.00182254
18,1057.96,0.84716,0.52031,1.28441,0,0,0,0,0,0,0,0.00139083,0.00139083,0.00139083
19,1116.56,0.80909,0.50571,1.25562,0,0,0,0,0,0,0,0.000959113,0.000959113,0.000959113
20,1177.22,0.80144,0.5023,1.23578,0.87447,0.83438,0.92168,0.68021,0.98594,0.58096,1.13145,0.000527397,0.000527397,0.000527397
1,59.8851,1.15933,2.0926,1.58779,0,0,0,0,0,0,0,0.0727533,0.00302741,0.00302741
2,118.931,1.16139,1.48211,1.57525,0,0,0,0,0,0,0,0.0450993,0.00576678,0.00576678
3,177.813,1.11676,1.60154,1.49919,0,0,0,0,0,0,0,0.0171448,0.00820561,0.00820561
4,236.606,1.19193,1.42281,1.53638,0,0,0,0,0,0,0,0.00851669,0.00851669,0.00851669
5,295.282,1.20201,1.36402,1.58084,0,0,0,0,0,0,0,0.00802226,0.00802226,0.00802226
6,353.981,1.15733,1.32633,1.55085,0,0,0,0,0,0,0,0.00752783,0.00752783,0.00752783
7,412.708,1.12174,1.16908,1.50573,0,0,0,0,0,0,0,0.00703339,0.00703339,0.00703339
8,471.442,1.1172,1.14264,1.50424,0,0,0,0,0,0,0,0.00653895,0.00653895,0.00653895
9,530.195,1.04913,1.04726,1.43142,0,0,0,0,0,0,0,0.00604452,0.00604452,0.00604452
10,588.912,1.03245,1.01499,1.44888,0,0,0,0,0,0,0,0.00555009,0.00555009,0.00555009
11,647.937,0.9969,0.85859,1.42957,0,0,0,0,0,0,0,0.00505565,0.00505565,0.00505565
12,706.521,0.95975,0.78655,1.39142,0,0,0,0,0,0,0,0.00456121,0.00456121,0.00456121
13,764.99,0.97321,0.76639,1.38288,0,0,0,0,0,0,0,0.00406678,0.00406678,0.00406678
14,823.548,0.91998,0.72047,1.36014,0,0,0,0,0,0,0,0.00357234,0.00357234,0.00357234
15,882.077,0.91526,0.66727,1.34109,0,0,0,0,0,0,0,0.00307791,0.00307791,0.00307791
16,940.55,0.87729,0.61227,1.30486,0,0,0,0,0,0,0,0.00258348,0.00258348,0.00258348
17,999.133,0.81975,0.57579,1.27368,0,0,0,0,0,0,0,0.00208904,0.00208904,0.00208904
18,1057.72,0.80448,0.54399,1.25288,0,0,0,0,0,0,0,0.00159461,0.00159461,0.00159461
19,1116.35,0.78484,0.53137,1.23033,0,0,0,0,0,0,0,0.00110017,0.00110017,0.00110017
20,1176.96,0.78226,0.52335,1.22557,0.90796,0.85179,0.93569,0.67226,0.9988,0.60003,1.13117,0.000605735,0.000605735,0.000605735
1,60.0868,1.1706,1.63132,1.76994,0,0,0,0,0,0,0,0.0676318,0.00305721,0.00305721
2,119.14,1.15198,1.22873,1.71909,0,0,0,0,0,0,0,0.0348328,0.00582308,0.00582308
3,177.993,1.11218,1.1539,1.64371,0,0,0,0,0,0,0,0.0077753,0.0077753,0.0077753
4,236.716,1.10818,1.16857,1.63543,0,0,0,0,0,0,0,0.00734795,0.00734795,0.00734795
5,295.448,1.06521,0.88593,1.63418,0,0,0,0,0,0,0,0.0069206,0.0069206,0.0069206
6,354.233,1.07253,0.91172,1.64813,0,0,0,0,0,0,0,0.00649326,0.00649326,0.00649326
7,412.963,1.02952,0.81759,1.60768,0,0,0,0,0,0,0,0.00606591,0.00606591,0.00606591
8,471.709,1.03657,0.80381,1.61248,0,0,0,0,0,0,0,0.00563856,0.00563856,0.00563856
9,530.405,0.98929,0.74368,1.55206,0,0,0,0,0,0,0,0.00521121,0.00521121,0.00521121
10,589.145,0.97584,0.72261,1.55563,0,0,0,0,0,0,0,0.00478386,0.00478386,0.00478386
11,648.073,0.96816,0.61324,1.57109,0,0,0,0,0,0,0,0.00435651,0.00435651,0.00435651
12,706.577,0.95869,0.60293,1.54766,0,0,0,0,0,0,0,0.00392916,0.00392916,0.00392916
13,765.106,0.93812,0.54961,1.51993,0,0,0,0,0,0,0,0.00350181,0.00350181,0.00350181
14,823.713,0.87984,0.50842,1.47772,0,0,0,0,0,0,0,0.00307446,0.00307446,0.00307446
15,882.298,0.88586,0.51631,1.47423,0,0,0,0,0,0,0,0.00264711,0.00264711,0.00264711
16,940.918,0.87455,0.47997,1.46161,0,0,0,0,0,0,0,0.00221977,0.00221977,0.00221977
17,999.586,0.79875,0.44861,1.39671,0,0,0,0,0,0,0,0.00179242,0.00179242,0.00179242
18,1058.08,0.7874,0.41281,1.38132,0,0,0,0,0,0,0,0.00136507,0.00136507,0.00136507
19,1116.59,0.7704,0.4092,1.36571,0,0,0,0,0,0,0,0.000937719,0.000937719,0.000937719
20,1177.13,0.78814,0.41905,1.35894,0.83249,0.89136,0.92657,0.68065,0.96464,0.47262,1.26384,0.00051037,0.00051037,0.00051037
1,59.931,1.16495,1.82056,1.61266,0,0,0,0,0,0,0,0.0670615,0.00248686,0.00248686
2,118.994,1.01948,1.05632,1.421,0,0,0,0,0,0,0,0.0337473,0.00473755,0.00473755
3,177.829,1.05685,1.14425,1.44714,0,0,0,0,0,0,0,0.00632705,0.00632705,0.00632705
4,236.507,1.03359,0.93736,1.39968,0,0,0,0,0,0,0,0.00598057,0.00598057,0.00598057
5,295.143,0.97258,0.85822,1.3791,0,0,0,0,0,0,0,0.0056341,0.0056341,0.0056341
6,353.837,0.99891,0.78457,1.35458,0,0,0,0,0,0,0,0.00528762,0.00528762,0.00528762
7,412.551,0.94012,0.71846,1.33875,0,0,0,0,0,0,0,0.00494115,0.00494115,0.00494115
8,471.226,0.94274,0.68929,1.32449,0,0,0,0,0,0,0,0.00459467,0.00459467,0.00459467
9,529.896,0.94428,0.72017,1.37846,0,0,0,0,0,0,0,0.0042482,0.0042482,0.0042482
10,588.554,0.9204,0.64933,1.31693,0,0,0,0,0,0,0,0.00390172,0.00390172,0.00390172
11,647.476,0.93175,0.5839,1.36187,0,0,0,0,0,0,0,0.00355524,0.00355524,0.00355524
12,706.054,0.90603,0.54666,1.34984,0,0,0,0,0,0,0,0.00320877,0.00320877,0.00320877
13,764.642,0.91603,0.52297,1.34138,0,0,0,0,0,0,0,0.00286229,0.00286229,0.00286229
14,823.272,0.83426,0.49446,1.27194,0,0,0,0,0,0,0,0.00251582,0.00251582,0.00251582
15,881.787,0.86269,0.49865,1.29979,0,0,0,0,0,0,0,0.00216934,0.00216934,0.00216934
16,940.364,0.83625,0.46936,1.29085,0,0,0,0,0,0,0,0.00182287,0.00182287,0.00182287
17,998.969,0.79778,0.4493,1.25942,0,0,0,0,0,0,0,0.00147639,0.00147639,0.00147639
18,1057.53,0.77957,0.42695,1.22716,0,0,0,0,0,0,0,0.00112991,0.00112991,0.00112991
19,1116.13,0.76991,0.42169,1.211,0,0,0,0,0,0,0,0.000783439,0.000783439,0.000783439
20,1176.73,0.79145,0.43989,1.23355,0.87275,0.85974,0.93038,0.68298,0.95093,0.44645,1.12985,0.000436963,0.000436963,0.000436963
1,60.1351,1.20333,2.18717,1.64249,0,0,0,0,0,0,0,0.0743449,0.00269308,0.00269308
2,119.13,1.17778,1.34451,1.56526,0,0,0,0,0,0,0,0.0483221,0.00513013,0.00513013
3,177.944,1.25938,1.64758,1.58768,0,0,0,0,0,0,0,0.0220322,0.00730002,0.00730002
4,236.699,1.39514,1.68985,1.75222,0,0,0,0,0,0,0,0.00809191,0.00809191,0.00809191
5,295.296,1.47556,1.70895,1.79342,0,0,0,0,0,0,0,0.00762255,0.00762255,0.00762255
6,353.949,1.54667,1.72995,1.87202,0,0,0,0,0,0,0,0.00715319,0.00715319,0.00715319
7,412.645,1.53345,1.76676,1.84953,0,0,0,0,0,0,0,0.00668383,0.00668383,0.00668383
8,471.351,1.47325,1.64341,1.8107,0,0,0,0,0,0,0,0.00621447,0.00621447,0.00621447
9,530.045,1.45719,1.59825,1.77586,0,0,0,0,0,0,0,0.00574511,0.00574511,0.00574511
10,588.786,1.38808,1.51636,1.71993,0,0,0,0,0,0,0,0.00527574,0.00527574,0.00527574
11,647.773,1.32895,1.35838,1.71623,0,0,0,0,0,0,0,0.00480638,0.00480638,0.00480638
12,706.385,1.31446,1.23563,1.71434,0,0,0,0,0,0,0,0.00433702,0.00433702,0.00433702
13,764.972,1.29557,1.21841,1.68122,0,0,0,0,0,0,0,0.00386766,0.00386766,0.00386766
14,823.56,1.22435,1.14858,1.64338,0,0,0,0,0,0,0,0.0033983,0.0033983,0.0033983
15,882.105,1.23488,1.0961,1.65227,0,0,0,0,0,0,0,0.00292894,0.00292894,0.00292894
16,940.689,1.22726,1.05769,1.64113,0,0,0,0,0,0,0,0.00245957,0.00245957,0.00245957
17,999.185,1.13156,0.95344,1.56686,0,0,0,0,0,0,0,0.00199021,0.00199021,0.00199021
18,1057.67,1.12272,0.90272,1.55465,0,0,0,0,0,0,0,0.00152085,0.00152085,0.00152085
19,1116.17,1.0824,0.88316,1.51587,0,0,0,0,0,0,0,0.00105149,0.00105149,0.00105149
20,1176.75,1.04352,0.84128,1.47371,0.78924,0.68844,0.77526,0.53402,1.19601,1.09311,1.2724,0.000582127,0.000582127,0.000582127
1,60.0091,1.53672,2.46623,1.48259,0,0,0,0,0,0,0,0.0709488,0.00269875,0.00269875
2,119.035,1.39407,1.49013,1.35159,0,0,0,0,0,0,0,0.0415157,0.00514066,0.00514066
3,177.801,1.40032,1.55199,1.32114,0,0,0,0,0,0,0,0.0118146,0.00731458,0.00731458
4,236.434,1.42636,1.50603,1.3486,0,0,0,0,0,0,0,0.00723887,0.00723887,0.00723887
5,295.073,1.41869,1.22277,1.32607,0,0,0,0,0,0,0,0.0068185,0.0068185,0.0068185
6,353.715,1.40864,1.14786,1.33791,0,0,0,0,0,0,0,0.00639812,0.00639812,0.00639812
7,412.375,1.37505,1.08887,1.32821,0,0,0,0,0,0,0,0.00597774,0.00597774,0.00597774
8,470.957,1.32565,1.00359,1.28064,0,0,0,0,0,0,0,0.00555737,0.00555737,0.00555737
9,529.614,1.32067,0.96759,1.28133,0,0,0,0,0,0,0,0.00513699,0.00513699,0.00513699
10,588.258,1.25307,0.90939,1.25804,0,0,0,0,0,0,0,0.00471662,0.00471662,0.00471662
11,647.33,1.18193,0.7104,1.2204,0,0,0,0,0,0,0,0.00429624,0.00429624,0.00429624
12,705.847,1.12543,0.65734,1.18617,0,0,0,0,0,0,0,0.00387586,0.00387586,0.00387586
13,764.379,1.16379,0.64156,1.19364,0,0,0,0,0,0,0,0.00345549,0.00345549,0.00345549
14,822.99,1.08081,0.6087,1.15743,0,0,0,0,0,0,0,0.00303511,0.00303511,0.00303511
15,881.701,1.04828,0.56503,1.11516,0,0,0,0,0,0,0,0.00261474,0.00261474,0.00261474
16,940.322,1.0398,0.53516,1.12593,0,0,0,0,0,0,0,0.00219436,0.00219436,0.00219436
17,998.968,0.97207,0.50362,1.08924,0,0,0,0,0,0,0,0.00177398,0.00177398,0.00177398
18,1057.61,0.97797,0.48587,1.09358,0,0,0,0,0,0,0,0.00135361,0.00135361,0.00135361
19,1116.15,0.95372,0.48974,1.08121,0,0,0,0,0,0,0,0.000933232,0.000933232,0.000933232
20,1176.77,0.94229,0.48348,1.07054,0.8928,0.85834,0.93437,0.68622,1.25588,0.58636,0.99501,0.000512856,0.000512856,0.000512856
1,59.9523,1.17527,1.86668,1.61775,0,0,0,0,0,0,0,0.0670615,0.00248686,0.00248686
2,119.042,1.04248,1.0978,1.4384,0,0,0,0,0,0,0,0.0337473,0.00473755,0.00473755
3,177.84,1.03947,1.19787,1.44969,0,0,0,0,0,0,0,0.00632705,0.00632705,0.00632705
4,236.516,1.02986,1.00069,1.40166,0,0,0,0,0,0,0,0.00598057,0.00598057,0.00598057
5,295.185,0.98059,0.83383,1.39223,0,0,0,0,0,0,0,0.0056341,0.0056341,0.0056341
6,353.878,0.9977,0.78337,1.348,0,0,0,0,0,0,0,0.00528762,0.00528762,0.00528762
7,412.518,0.93467,0.73377,1.35835,0,0,0,0,0,0,0,0.00494115,0.00494115,0.00494115
8,471.219,0.95722,0.68459,1.33904,0,0,0,0,0,0,0,0.00459467,0.00459467,0.00459467
9,529.875,0.92099,0.69108,1.35217,0,0,0,0,0,0,0,0.0042482,0.0042482,0.0042482
10,588.507,0.8945,0.64021,1.30318,0,0,0,0,0,0,0,0.00390172,0.00390172,0.00390172
11,647.449,0.94242,0.56407,1.35932,0,0,0,0,0,0,0,0.00355524,0.00355524,0.00355524
12,705.988,0.9015,0.51961,1.33089,0,0,0,0,0,0,0,0.00320877,0.00320877,0.00320877
13,764.484,0.91579,0.53122,1.33015,0,0,0,0,0,0,0,0.00286229,0.00286229,0.00286229
14,823.113,0.83345,0.4918,1.275,0,0,0,0,0,0,0,0.00251582,0.00251582,0.00251582
15,881.637,0.84284,0.48068,1.28432,0,0,0,0,0,0,0,0.00216934,0.00216934,0.00216934
16,940.21,0.83773,0.47582,1.29212,0,0,0,0,0,0,0,0.00182287,0.00182287,0.00182287
17,998.805,0.80228,0.44869,1.25714,0,0,0,0,0,0,0,0.00147639,0.00147639,0.00147639
18,1057.41,0.78834,0.42427,1.23894,0,0,0,0,0,0,0,0.00112991,0.00112991,0.00112991
19,1115.98,0.76863,0.41475,1.21503,0,0,0,0,0,0,0,0.000783439,0.000783439,0.000783439
20,1176.51,0.78292,0.43433,1.22014,0.88366,0.84123,0.92796,0.68413,0.95258,0.45071,1.1409,0.000436963,0.000436963,0.000436963
1,59.9167,1.14476,1.98841,1.57284,0,0,0,0,0,0,0,0.0665035,0.00232863,0.00232863
2,118.849,1.06797,1.17012,1.47536,0,0,0,0,0,0,0,0.0326447,0.00443597,0.00443597
3,177.644,0.99347,1.05886,1.37507,0,0,0,0,0,0,0,0.00585796,0.00585796,0.00585796
4,236.313,0.99869,0.97726,1.3763,0,0,0,0,0,0,0,0.00553693,0.00553693,0.00553693
5,295.086,0.95342,0.93331,1.35472,0,0,0,0,0,0,0,0.00521591,0.00521591,0.00521591
6,353.79,0.96096,0.85134,1.35657,0,0,0,0,0,0,0,0.00489489,0.00489489,0.00489489
7,412.43,0.93859,0.76281,1.34482,0,0,0,0,0,0,0,0.00457387,0.00457387,0.00457387
8,471.134,0.94667,0.70998,1.35123,0,0,0,0,0,0,0,0.00425285,0.00425285,0.00425285
9,529.858,0.88555,0.68019,1.26522,0,0,0,0,0,0,0,0.00393182,0.00393182,0.00393182
10,588.566,0.87577,0.67728,1.28693,0,0,0,0,0,0,0,0.0036108,0.0036108,0.0036108
11,647.532,0.92465,0.59463,1.32294,0,0,0,0,0,0,0,0.00328978,0.00328978,0.00328978
12,706.117,0.87775,0.55814,1.30687,0,0,0,0,0,0,0,0.00296876,0.00296876,0.00296876
13,764.581,0.90082,0.5429,1.31067,0,0,0,0,0,0,0,0.00264774,0.00264774,0.00264774
14,823.152,0.83278,0.50753,1.26423,0,0,0,0,0,0,0,0.00232671,0.00232671,0.00232671
15,881.707,0.83973,0.4865,1.25535,0,0,0,0,0,0,0,0.00200569,0.00200569,0.00200569
16,940.26,0.83797,0.47805,1.27401,0,0,0,0,0,0,0,0.00168467,0.00168467,0.00168467
17,998.85,0.78478,0.46423,1.23441,0,0,0,0,0,0,0,0.00136365,0.00136365,0.00136365
18,1057.43,0.78396,0.44403,1.22639,0,0,0,0,0,0,0,0.00104263,0.00104263,0.00104263
19,1115.94,0.76086,0.43096,1.18372,0,0,0,0,0,0,0,0.000721604,0.000721604,0.000721604
20,1176.46,0.75998,0.45022,1.19461,0.81497,0.88339,0.93169,0.69479,0.92321,0.49139,1.07804,0.000400582,0.000400582,0.000400582
1,60.3717,1.76447,2.96066,1.48359,0,0,0,0,0,0,0,0.0788432,0.00158267,0.00158267
2,119.483,1.50157,1.57475,1.30461,0,0,0,0,0,0,0,0.0574462,0.00301471,0.00301471
3,178.309,1.57964,1.51568,1.32155,0,0,0,0,0,0,0,0.0358921,0.0042896,0.0042896
4,237.025,1.53425,1.51071,1.30343,0,0,0,0,0,0,0,0.0141808,0.00540732,0.00540732
5,295.723,1.58577,1.51014,1.30958,0,0,0,0,0,0,0,0.00558314,0.00558314,0.00558314
6,354.395,1.60423,1.35036,1.33472,0,0,0,0,0,0,0,0.00523893,0.00523893,0.00523893
7,413.057,1.50558,1.23934,1.27982,0,0,0,0,0,0,0,0.00489472,0.00489472,0.00489472
8,471.72,1.50597,1.21102,1.29677,0,0,0,0,0,0,0,0.0045505,0.0045505,0.0045505
9,530.379,1.51493,1.15552,1.27729,0,0,0,0,0,0,0,0.00420629,0.00420629,0.00420629
10,588.933,1.45084,1.09739,1.237,0,0,0,0,0,0,0,0.00386208,0.00386208,0.00386208
11,647.946,1.33211,0.84257,1.1935,0,0,0,0,0,0,0,0.00351786,0.00351786,0.00351786
12,706.558,1.30289,0.80175,1.20916,0,0,0,0,0,0,0,0.00317365,0.00317365,0.00317365
13,765.135,1.33004,0.8165,1.22402,0,0,0,0,0,0,0,0.00282943,0.00282943,0.00282943
14,823.743,1.23125,0.72477,1.15775,0,0,0,0,0,0,0,0.00248522,0.00248522,0.00248522
15,882.311,1.21772,0.68701,1.14539,0,0,0,0,0,0,0,0.00214101,0.00214101,0.00214101
16,940.882,1.18857,0.67268,1.14114,0,0,0,0,0,0,0,0.00179679,0.00179679,0.00179679
17,999.533,1.10059,0.60617,1.08853,0,0,0,0,0,0,0,0.00145258,0.00145258,0.00145258
18,1058.24,1.10332,0.57481,1.0829,0,0,0,0,0,0,0,0.00110837,0.00110837,0.00110837
19,1116.9,1.05484,0.55237,1.05758,0,0,0,0,0,0,0,0.000764152,0.000764152,0.000764152
20,1177.51,1.06099,0.55497,1.06035,0.86448,0.86908,0.93162,0.69114,1.37061,0.7093,0.95499,0.000419939,0.000419939,0.000419939
1,60.4168,1.74586,3.05478,1.58677,0,0,0,0,0,0,0,0.0787613,0.00150081,0.00150081
2,119.688,1.51948,1.59658,1.44151,0,0,0,0,0,0,0,0.0572903,0.00285878,0.00285878
3,178.535,1.5219,1.51857,1.40052,0,0,0,0,0,0,0,0.0356702,0.00406772,0.00406772
4,237.237,1.53381,1.46614,1.39885,0,0,0,0,0,0,0,0.0139011,0.00512763,0.00512763
5,295.928,1.53734,1.41964,1.40199,0,0,0,0,0,0,0,0.00529436,0.00529436,0.00529436
6,354.57,1.57552,1.35685,1.42517,0,0,0,0,0,0,0,0.00496795,0.00496795,0.00496795
7,413.144,1.5028,1.26716,1.39,0,0,0,0,0,0,0,0.00464154,0.00464154,0.00464154
8,471.756,1.50645,1.2355,1.3875,0,0,0,0,0,0,0,0.00431513,0.00431513,0.00431513
9,530.361,1.44247,1.14571,1.3374,0,0,0,0,0,0,0,0.00398872,0.00398872,0.00398872
10,588.982,1.37918,1.09394,1.31818,0,0,0,0,0,0,0,0.00366231,0.00366231,0.00366231
11,647.968,1.3204,0.85564,1.28288,0,0,0,0,0,0,0,0.0033359,0.0033359,0.0033359
12,706.585,1.25848,0.78321,1.2692,0,0,0,0,0,0,0,0.00300949,0.00300949,0.00300949
13,765.247,1.26962,0.7778,1.25149,0,0,0,0,0,0,0,0.00268308,0.00268308,0.00268308
14,823.947,1.17857,0.68519,1.2072,0,0,0,0,0,0,0,0.00235668,0.00235668,0.00235668
15,882.656,1.19505,0.70599,1.21368,0,0,0,0,0,0,0,0.00203027,0.00203027,0.00203027
16,941.294,1.17492,0.6494,1.2016,0,0,0,0,0,0,0,0.00170386,0.00170386,0.00170386
17,999.882,1.07381,0.6142,1.15946,0,0,0,0,0,0,0,0.00137745,0.00137745,0.00137745
18,1058.55,1.09114,0.57296,1.16794,0,0,0,0,0,0,0,0.00105104,0.00105104,0.00105104
19,1117.17,1.04852,0.56058,1.12903,0,0,0,0,0,0,0,0.000724627,0.000724627,0.000724627
20,1177.86,1.03586,0.55181,1.13105,0.91401,0.83844,0.92111,0.6822,1.40154,0.69405,1.04267,0.000398218,0.000398218,0.000398218
1,59.813,1.26663,1.98283,1.6289,0,0,0,0,0,0,0,0.0667846,0.00230909,0.00230909
2,118.808,1.08448,1.02634,1.4272,0,0,0,0,0,0,0,0.03321,0.00439883,0.00439883
3,177.632,1.08174,1.1956,1.41717,0,0,0,0,0,0,0,0.00585821,0.00585821,0.00585821
4,236.331,1.06489,0.91597,1.38468,0,0,0,0,0,0,0,0.00553731,0.00553731,0.00553731
5,295.03,1.0499,0.80951,1.36784,0,0,0,0,0,0,0,0.00521642,0.00521642,0.00521642
6,353.78,1.04313,0.78316,1.37029,0,0,0,0,0,0,0,0.00489552,0.00489552,0.00489552
7,412.525,0.97034,0.73071,1.32208,0,0,0,0,0,0,0,0.00457463,0.00457463,0.00457463
8,471.241,1.02372,0.69541,1.35618,0,0,0,0,0,0,0,0.00425373,0.00425373,0.00425373
9,529.976,0.96503,0.65904,1.30196,0,0,0,0,0,0,0,0.00393284,0.00393284,0.00393284
10,588.649,0.95713,0.6485,1.30383,0,0,0,0,0,0,0,0.00361194,0.00361194,0.00361194
11,647.793,0.9853,0.56932,1.36784,0,0,0,0,0,0,0,0.00329105,0.00329105,0.00329105
12,706.435,0.94893,0.53878,1.32892,0,0,0,0,0,0,0,0.00297015,0.00297015,0.00297015
13,765.121,0.96132,0.52057,1.31148,0,0,0,0,0,0,0,0.00264926,0.00264926,0.00264926
14,823.804,0.88763,0.49359,1.25897,0,0,0,0,0,0,0,0.00232836,0.00232836,0.00232836
15,882.482,0.89966,0.48369,1.27448,0,0,0,0,0,0,0,0.00200747,0.00200747,0.00200747
16,941.082,0.89665,0.48492,1.29202,0,0,0,0,0,0,0,0.00168657,0.00168657,0.00168657
17,999.724,0.84394,0.45495,1.24177,0,0,0,0,0,0,0,0.00136568,0.00136568,0.00136568
18,1058.39,0.83515,0.42671,1.23842,0,0,0,0,0,0,0,0.00104478,0.00104478,0.00104478
19,1116.94,0.81895,0.42668,1.19831,0,0,0,0,0,0,0,0.000723885,0.000723885,0.000723885
20,1177.58,0.85448,0.44274,1.23992,0.86273,0.87465,0.92509,0.6851,1.04681,0.4423,1.12693,0.00040299,0.00040299,0.00040299
1,59.9669,1.15505,1.95317,2.02047,0,0,0,0,0,0,0,0.0636636,0.00268046,0.00268046
2,118.987,1.08003,1.16726,1.86767,0,0,0,0,0,0,0,0.0269188,0.00510617,0.00510617
3,177.853,0.98243,1.15558,1.7269,0,0,0,0,0,0,0,0.00619137,0.00619137,0.00619137
4,236.599,0.99324,0.94168,1.7519,0,0,0,0,0,0,0,0.00585206,0.00585206,0.00585206
5,295.31,0.97712,0.85572,1.71426,0,0,0,0,0,0,0,0.00551275,0.00551275,0.00551275
6,354.039,0.98719,0.78152,1.7268,0,0,0,0,0,0,0,0.00517344,0.00517344,0.00517344
7,412.705,0.93911,0.75101,1.68649,0,0,0,0,0,0,0,0.00483412,0.00483412,0.00483412
8,471.472,0.9078,0.68061,1.64613,0,0,0,0,0,0,0,0.00449481,0.00449481,0.00449481
9,530.247,0.89672,0.6518,1.65083,0,0,0,0,0,0,0,0.0041555,0.0041555,0.0041555
10,588.965,0.89277,0.66344,1.63865,0,0,0,0,0,0,0,0.00381619,0.00381619,0.00381619
11,648.079,0.89867,0.559,1.67019,0,0,0,0,0,0,0,0.00347687,0.00347687,0.00347687
12,706.788,0.8613,0.52608,1.62897,0,0,0,0,0,0,0,0.00313756,0.00313756,0.00313756
13,765.446,0.86158,0.51552,1.62521,0,0,0,0,0,0,0,0.00279825,0.00279825,0.00279825
14,824.042,0.80902,0.47702,1.57247,0,0,0,0,0,0,0,0.00245893,0.00245893,0.00245893
15,882.742,0.82101,0.4627,1.57336,0,0,0,0,0,0,0,0.00211962,0.00211962,0.00211962
16,941.339,0.80525,0.44469,1.56892,0,0,0,0,0,0,0,0.00178031,0.00178031,0.00178031
17,1000.01,0.74993,0.42019,1.52188,0,0,0,0,0,0,0,0.001441,0.001441,0.001441
18,1058.71,0.74264,0.41192,1.50799,0,0,0,0,0,0,0,0.00110168,0.00110168,0.00110168
19,1117.42,0.73912,0.40954,1.46342,0,0,0,0,0,0,0,0.000762371,0.000762371,0.000762371
20,1178.09,0.75591,0.41897,1.49291,0.8816,0.85041,0.91801,0.67707,0.95423,0.46935,1.3699,0.000423058,0.000423058,0.000423058
1,60.0271,1.1607,2.02587,1.64625,0,0,0,0,0,0,0,0.0688958,0.00209841,0.00209841
2,119.152,1.08674,1.16959,1.54568,0,0,0,0,0,0,0,0.0374614,0.00399739,0.00399739
3,178.074,1.00566,1.109,1.45739,0,0,0,0,0,0,0,0.00581901,0.00568829,0.00568829
4,236.771,1.00623,0.98349,1.43713,0,0,0,0,0,0,0,0.0053836,0.0053836,0.0053836
5,295.482,0.97877,0.91856,1.45178,0,0,0,0,0,0,0,0.00507147,0.00507147,0.00507147
6,354.185,0.98016,0.86694,1.44734,0,0,0,0,0,0,0,0.00475934,0.00475934,0.00475934
7,412.802,0.95848,0.80917,1.42859,0,0,0,0,0,0,0,0.00444721,0.00444721,0.00444721
8,471.538,0.94106,0.74002,1.41237,0,0,0,0,0,0,0,0.00413507,0.00413507,0.00413507
9,530.256,0.90476,0.69565,1.34452,0,0,0,0,0,0,0,0.00382294,0.00382294,0.00382294
10,588.984,0.9045,0.68916,1.37273,0,0,0,0,0,0,0,0.00351081,0.00351081,0.00351081
11,648.144,0.9206,0.61,1.41325,0,0,0,0,0,0,0,0.00319868,0.00319868,0.00319868
12,706.832,0.88397,0.58192,1.40782,0,0,0,0,0,0,0,0.00288655,0.00288655,0.00288655
13,765.509,0.9303,0.56804,1.40181,0,0,0,0,0,0,0,0.00257441,0.00257441,0.00257441
14,824.167,0.84501,0.51753,1.3344,0,0,0,0,0,0,0,0.00226228,0.00226228,0.00226228
15,882.789,0.87685,0.49823,1.34958,0,0,0,0,0,0,0,0.00195015,0.00195015,0.00195015
16,941.474,0.8512,0.50562,1.34861,0,0,0,0,0,0,0,0.00163802,0.00163802,0.00163802
17,1000.13,0.79664,0.48135,1.31722,0,0,0,0,0,0,0,0.00132589,0.00132589,0.00132589
18,1058.77,0.78499,0.44693,1.29191,0,0,0,0,0,0,0,0.00101375,0.00101375,0.00101375
19,1117.39,0.80116,0.45431,1.28529,0,0,0,0,0,0,0,0.000701621,0.000701621,0.000701621
20,1178.06,0.78406,0.44754,1.2728,0.9022,0.8078,0.92797,0.69123,0.94736,0.47294,1.17227,0.000389489,0.000389489,0.000389489
1,60.015,1.32542,1.93424,1.60463,0,0,0,0,0,0,0,0.0678083,0.00217911,0.00217911
2,118.952,1.1098,1.01738,1.38323,0,0,0,0,0,0,0,0.0352739,0.00415079,0.00415079
3,177.818,1.13513,1.10404,1.39888,0,0,0,0,0,0,0,0.00571279,0.00571279,0.00571279
4,236.572,1.0901,0.9357,1.3449,0,0,0,0,0,0,0,0.00539919,0.00539919,0.00539919
5,295.283,1.08301,0.86638,1.34866,0,0,0,0,0,0,0,0.00508558,0.00508558,0.00508558
6,353.94,1.07824,0.75336,1.32788,0,0,0,0,0,0,0,0.00477198,0.00477198,0.00477198
7,412.621,1.01515,0.71702,1.2889,0,0,0,0,0,0,0,0.00445837,0.00445837,0.00445837
8,471.262,1.06731,0.6935,1.33042,0,0,0,0,0,0,0,0.00414477,0.00414477,0.00414477
9,529.969,0.99855,0.66728,1.27125,0,0,0,0,0,0,0,0.00383116,0.00383116,0.00383116
10,588.631,0.99016,0.61786,1.27512,0,0,0,0,0,0,0,0.00351756,0.00351756,0.00351756
11,647.651,1.03912,0.58961,1.32482,0,0,0,0,0,0,0,0.00320395,0.00320395,0.00320395
12,706.289,0.98689,0.53249,1.29387,0,0,0,0,0,0,0,0.00289035,0.00289035,0.00289035
13,764.847,0.99446,0.52374,1.28499,0,0,0,0,0,0,0,0.00257674,0.00257674,0.00257674
14,823.461,0.90279,0.47402,1.23973,0,0,0,0,0,0,0,0.00226314,0.00226314,0.00226314
15,882.073,0.93471,0.46262,1.2535,0,0,0,0,0,0,0,0.00194953,0.00194953,0.00194953
16,940.735,0.93968,0.46251,1.25996,0,0,0,0,0,0,0,0.00163593,0.00163593,0.00163593
17,999.382,0.88767,0.44598,1.23845,0,0,0,0,0,0,0,0.00132232,0.00132232,0.00132232
18,1058,0.88332,0.42075,1.21619,0,0,0,0,0,0,0,0.00100872,0.00100872,0.00100872
19,1116.52,0.85669,0.41468,1.17608,0,0,0,0,0,0,0,0.000695111,0.000695111,0.000695111
20,1177.09,0.87807,0.43809,1.19403,0.87774,0.8399,0.93099,0.67931,1.06497,0.45476,1.0941,0.000381506,0.000381506,0.000381506
1,59.8532,1.13706,1.78272,1.59056,0,0,0,0,0,0,0,0.0660414,0.00186649,0.00186649
2,118.862,1.05094,1.00085,1.48244,0,0,0,0,0,0,0,0.0317636,0.00355482,0.00355482
3,177.699,1.02736,0.99499,1.43613,0,0,0,0,0,0,0,0.00469321,0.00469321,0.00469321
4,236.475,1.02499,0.85582,1.38937,0,0,0,0,0,0,0,0.00443481,0.00443481,0.00443481
5,295.232,0.99788,0.80144,1.42423,0,0,0,0,0,0,0,0.00417642,0.00417642,0.00417642
6,353.967,1.01295,0.76656,1.40916,0,0,0,0,0,0,0,0.00391802,0.00391802,0.00391802
7,412.684,0.97994,0.71257,1.40979,0,0,0,0,0,0,0,0.00365963,0.00365963,0.00365963
8,471.367,0.97617,0.68108,1.39562,0,0,0,0,0,0,0,0.00340123,0.00340123,0.00340123
9,530.031,0.9446,0.64369,1.33807,0,0,0,0,0,0,0,0.00314284,0.00314284,0.00314284
10,588.759,0.93898,0.64467,1.37481,0,0,0,0,0,0,0,0.00288444,0.00288444,0.00288444
11,647.765,0.91385,0.53985,1.3701,0,0,0,0,0,0,0,0.00262605,0.00262605,0.00262605
12,706.368,0.87505,0.51462,1.31466,0,0,0,0,0,0,0,0.00236765,0.00236765,0.00236765
13,765.01,0.90705,0.49446,1.33011,0,0,0,0,0,0,0,0.00210926,0.00210926,0.00210926
14,823.685,0.82906,0.47075,1.28373,0,0,0,0,0,0,0,0.00185086,0.00185086,0.00185086
15,882.248,0.82297,0.43736,1.28358,0,0,0,0,0,0,0,0.00159247,0.00159247,0.00159247
16,940.849,0.83654,0.44894,1.28972,0,0,0,0,0,0,0,0.00133407,0.00133407,0.00133407
17,999.449,0.76087,0.40583,1.24921,0,0,0,0,0,0,0,0.00107568,0.00107568,0.00107568
18,1058.05,0.75876,0.39399,1.23736,0,0,0,0,0,0,0,0.000817282,0.000817282,0.000817282
19,1116.68,0.72938,0.37667,1.20539,0,0,0,0,0,0,0,0.000558887,0.000558887,0.000558887
20,1177.28,0.76666,0.3976,1.22346,0.88653,0.8705,0.93988,0.69137,0.95622,0.43578,1.14737,0.000300492,0.000300492,0.000300492
1,59.928,1.06411,2.06261,1.71057,0,0,0,0,0,0,0,0.0671168,0.0021997,0.0021997
2,118.965,0.95998,1.19703,1.53738,0,0,0,0,0,0,0,0.0338859,0.00418979,0.00418979
3,177.824,0.94892,1.23733,1.51154,0,0,0,0,0,0,0,0.0056491,0.0056491,0.0056491
4,236.546,0.9509,1.053,1.48718,0,0,0,0,0,0,0,0.00533865,0.00533865,0.00533865
5,295.284,0.87373,0.87086,1.45558,0,0,0,0,0,0,0,0.0050282,0.0050282,0.0050282
6,353.896,0.90515,0.85436,1.42109,0,0,0,0,0,0,0,0.00471775,0.00471775,0.00471775
7,412.569,0.87069,0.82241,1.42195,0,0,0,0,0,0,0,0.0044073,0.0044073,0.0044073
8,471.222,0.88505,0.74099,1.42498,0,0,0,0,0,0,0,0.00409685,0.00409685,0.00409685
9,529.966,0.83732,0.75571,1.40488,0,0,0,0,0,0,0,0.0037864,0.0037864,0.0037864
10,588.702,0.80493,0.68391,1.34352,0,0,0,0,0,0,0,0.00347595,0.00347595,0.00347595
11,647.886,0.83971,0.60875,1.41104,0,0,0,0,0,0,0,0.0031655,0.0031655,0.0031655
12,706.502,0.79819,0.56362,1.39848,0,0,0,0,0,0,0,0.00285505,0.00285505,0.00285505
13,765.086,0.83442,0.56299,1.4088,0,0,0,0,0,0,0,0.0025446,0.0025446,0.0025446
14,823.717,0.76303,0.53576,1.34594,0,0,0,0,0,0,0,0.00223415,0.00223415,0.00223415
15,882.355,0.79262,0.51904,1.36018,0,0,0,0,0,0,0,0.0019237,0.0019237,0.0019237
16,940.999,0.77112,0.50654,1.34182,0,0,0,0,0,0,0,0.00161326,0.00161326,0.00161326
17,999.67,0.7241,0.47216,1.32512,0,0,0,0,0,0,0,0.00130281,0.00130281,0.00130281
18,1058.29,0.71948,0.45313,1.30806,0,0,0,0,0,0,0,0.000992356,0.000992356,0.000992356
19,1116.97,0.7107,0.45935,1.27583,0,0,0,0,0,0,0,0.000681906,0.000681906,0.000681906
20,1177.54,0.73485,0.48587,1.29976,0.90835,0.81616,0.93606,0.68196,0.89669,0.51213,1.17887,0.000371457,0.000371457,0.000371457
1,60.0645,1.16568,1.97038,1.58607,0,0,0,0,0,0,0,0.0663756,0.00235292,0.00235292
2,118.979,1.06344,1.17533,1.48662,0,0,0,0,0,0,0,0.0323859,0.00448225,0.00448225
3,177.674,1.03179,1.16623,1.4366,0,0,0,0,0,0,0,0.00589407,0.00589407,0.00589407
4,236.31,1.01057,1.0611,1.41937,0,0,0,0,0,0,0,0.00557111,0.00557111,0.00557111
5,294.963,0.96908,0.88434,1.36501,0,0,0,0,0,0,0,0.00524814,0.00524814,0.00524814
6,353.567,0.97813,0.83039,1.36977,0,0,0,0,0,0,0,0.00492518,0.00492518,0.00492518
7,412.193,0.91041,0.77521,1.31787,0,0,0,0,0,0,0,0.00460221,0.00460221,0.00460221
8,470.782,0.9655,0.76364,1.36511,0,0,0,0,0,0,0,0.00427925,0.00427925,0.00427925
9,529.382,0.90086,0.68577,1.31427,0,0,0,0,0,0,0,0.00395628,0.00395628,0.00395628
10,588.063,0.90729,0.70024,1.32691,0,0,0,0,0,0,0,0.00363332,0.00363332,0.00363332
11,647.137,0.90742,0.60522,1.33177,0,0,0,0,0,0,0,0.00331035,0.00331035,0.00331035
12,705.724,0.89588,0.5607,1.3315,0,0,0,0,0,0,0,0.00298739,0.00298739,0.00298739
13,764.248,0.88588,0.55166,1.32688,0,0,0,0,0,0,0,0.00266442,0.00266442,0.00266442
14,822.828,0.84271,0.52001,1.28129,0,0,0,0,0,0,0,0.00234146,0.00234146,0.00234146
15,881.452,0.84405,0.50363,1.26522,0,0,0,0,0,0,0,0.00201849,0.00201849,0.00201849
16,940.058,0.83769,0.49383,1.27409,0,0,0,0,0,0,0,0.00169553,0.00169553,0.00169553
17,998.618,0.78316,0.46365,1.23279,0,0,0,0,0,0,0,0.00137256,0.00137256,0.00137256
18,1057.18,0.77215,0.44555,1.21924,0,0,0,0,0,0,0,0.0010496,0.0010496,0.0010496
19,1115.79,0.76778,0.44508,1.18627,0,0,0,0,0,0,0,0.000726633,0.000726633,0.000726633
20,1176.36,0.77845,0.45545,1.21752,0.89993,0.83844,0.92844,0.68759,0.93458,0.47504,1.09053,0.000403668,0.000403668,0.000403668
1,60.0177,1.10788,1.86654,1.59901,0,0,0,0,0,0,0,0.067464,0.0017883,0.0017883
2,119.064,1.03767,1.01846,1.50615,0,0,0,0,0,0,0,0.0346221,0.00340593,0.00340593
3,177.855,0.97479,0.99038,1.42159,0,0,0,0,0,0,0,0.00469329,0.00469329,0.00469329
4,236.519,0.98685,0.89303,1.42736,0,0,0,0,0,0,0,0.00443494,0.00443494,0.00443494
5,295.25,0.96646,0.80299,1.43131,0,0,0,0,0,0,0,0.00417659,0.00417659,0.00417659
6,353.947,0.9805,0.78379,1.4153,0,0,0,0,0,0,0,0.00391823,0.00391823,0.00391823
7,412.674,0.92745,0.69295,1.39629,0,0,0,0,0,0,0,0.00365988,0.00365988,0.00365988
8,471.391,0.94371,0.70296,1.41295,0,0,0,0,0,0,0,0.00340153,0.00340153,0.00340153
9,530.005,0.89075,0.63189,1.33967,0,0,0,0,0,0,0,0.00314317,0.00314317,0.00314317
10,588.668,0.8969,0.64275,1.36919,0,0,0,0,0,0,0,0.00288482,0.00288482,0.00288482
11,647.658,0.87322,0.54108,1.3641,0,0,0,0,0,0,0,0.00262647,0.00262647,0.00262647
12,706.292,0.86182,0.51474,1.34899,0,0,0,0,0,0,0,0.00236811,0.00236811,0.00236811
13,764.905,0.84185,0.48706,1.32497,0,0,0,0,0,0,0,0.00210976,0.00210976,0.00210976
14,823.53,0.77072,0.44471,1.27514,0,0,0,0,0,0,0,0.0018514,0.0018514,0.0018514
15,882.105,0.79529,0.4345,1.28256,0,0,0,0,0,0,0,0.00159305,0.00159305,0.00159305
16,940.661,0.80386,0.43413,1.28787,0,0,0,0,0,0,0,0.0013347,0.0013347,0.0013347
17,999.279,0.72273,0.39543,1.22965,0,0,0,0,0,0,0,0.00107634,0.00107634,0.00107634
18,1057.97,0.71825,0.37631,1.21659,0,0,0,0,0,0,0,0.000817991,0.000817991,0.000817991
19,1116.63,0.69634,0.36509,1.20123,0,0,0,0,0,0,0,0.000559637,0.000559637,0.000559637
20,1177.26,0.72899,0.38689,1.21851,0.86604,0.88579,0.9359,0.69118,0.9021,0.42815,1.08808,0.000301284,0.000301284,0.000301284
1,60.0362,1.1892,1.74651,1.65321,0,0,0,0,0,0,0,0.0684404,0.00155645,0.00155645
2,118.968,1.07953,0.99178,1.49501,0,0,0,0,0,0,0,0.0366018,0.00296425,0.00296425
3,177.667,1.04355,0.98923,1.48546,0,0,0,0,0,0,0,0.00460809,0.00421695,0.00421695
4,236.313,1.01639,0.82133,1.43121,0,0,0,0,0,0,0,0.00400027,0.00400027,0.00400027
5,294.976,0.99406,0.76281,1.42732,0,0,0,0,0,0,0,0.00376702,0.00376702,0.00376702
6,353.72,0.96196,0.69694,1.38436,0,0,0,0,0,0,0,0.00353378,0.00353378,0.00353378
7,412.419,0.95781,0.67132,1.38468,0,0,0,0,0,0,0,0.00330053,0.00330053,0.00330053
8,471.15,0.91855,0.63133,1.34645,0,0,0,0,0,0,0,0.00306729,0.00306729,0.00306729
9,529.855,0.95615,0.61632,1.38026,0,0,0,0,0,0,0,0.00283404,0.00283404,0.00283404
10,588.58,0.89828,0.57969,1.31365,0,0,0,0,0,0,0,0.0026008,0.0026008,0.0026008
11,647.674,0.8889,0.48525,1.31078,0,0,0,0,0,0,0,0.00236755,0.00236755,0.00236755
12,706.289,0.87813,0.45988,1.31057,0,0,0,0,0,0,0,0.00213431,0.00213431,0.00213431
13,764.863,0.88983,0.45751,1.30363,0,0,0,0,0,0,0,0.00190107,0.00190107,0.00190107
14,823.446,0.80832,0.4243,1.23802,0,0,0,0,0,0,0,0.00166782,0.00166782,0.00166782
15,882.153,0.81037,0.4208,1.24586,0,0,0,0,0,0,0,0.00143458,0.00143458,0.00143458
16,940.839,0.80127,0.40918,1.25108,0,0,0,0,0,0,0,0.00120133,0.00120133,0.00120133
17,999.462,0.76425,0.37127,1.21935,0,0,0,0,0,0,0,0.000968087,0.000968087,0.000968087
18,1058.11,0.75022,0.36335,1.2024,0,0,0,0,0,0,0,0.000734843,0.000734843,0.000734843
19,1116.82,0.71211,0.34672,1.16178,0,0,0,0,0,0,0,0.000501598,0.000501598,0.000501598
20,1177.53,0.74266,0.35852,1.19181,0.86559,0.86104,0.93365,0.68231,0.97374,0.39784,1.12103,0.000268354,0.000268354,0.000268354
1,59.8545,1.4034,2.14197,1.60957,0,0,0,0,0,0,0,0.0667041,0.00252925,0.00252925
2,118.915,1.32587,1.30151,1.49432,0,0,0,0,0,0,0,0.0330266,0.00481788,0.00481788
3,177.805,1.20949,1.29953,1.39041,0,0,0,0,0,0,0,0.00636191,0.00636191,0.00636191
4,236.485,1.23335,1.10517,1.41738,0,0,0,0,0,0,0,0.00601286,0.00601286,0.00601286
5,295.247,1.14471,0.88811,1.32984,0,0,0,0,0,0,0,0.00566381,0.00566381,0.00566381
6,354.01,1.19229,0.8958,1.38095,0,0,0,0,0,0,0,0.00531477,0.00531477,0.00531477
7,412.691,1.17702,0.82552,1.39172,0,0,0,0,0,0,0,0.00496572,0.00496572,0.00496572
8,471.368,1.14508,0.76557,1.34512,0,0,0,0,0,0,0,0.00461668,0.00461668,0.00461668
9,530.058,1.10584,0.72445,1.34838,0,0,0,0,0,0,0,0.00426763,0.00426763,0.00426763
10,588.756,1.09835,0.75817,1.33745,0,0,0,0,0,0,0,0.00391858,0.00391858,0.00391858
11,647.707,1.09321,0.62564,1.33081,0,0,0,0,0,0,0,0.00356954,0.00356954,0.00356954
12,706.396,1.07992,0.59963,1.34897,0,0,0,0,0,0,0,0.00322049,0.00322049,0.00322049
13,764.982,1.07551,0.58704,1.33297,0,0,0,0,0,0,0,0.00287144,0.00287144,0.00287144
14,823.574,1.00013,0.55327,1.29864,0,0,0,0,0,0,0,0.0025224,0.0025224,0.0025224
15,882.289,1.01965,0.51623,1.27832,0,0,0,0,0,0,0,0.00217335,0.00217335,0.00217335
16,940.942,1.00637,0.51045,1.26929,0,0,0,0,0,0,0,0.0018243,0.0018243,0.0018243
17,999.591,0.94322,0.49585,1.24738,0,0,0,0,0,0,0,0.00147526,0.00147526,0.00147526
18,1058.29,0.93748,0.47393,1.23962,0,0,0,0,0,0,0,0.00112621,0.00112621,0.00112621
19,1116.94,0.91306,0.47105,1.19507,0,0,0,0,0,0,0,0.000777165,0.000777165,0.000777165
20,1177.63,0.92045,0.4776,1.2195,0.89222,0.81894,0.92254,0.67674,1.15722,0.52442,1.14648,0.000428118,0.000428118,0.000428118
1,59.9981,1.1205,2.01498,1.65037,0,0,0,0,0,0,0,0.0664483,0.00237474,0.00237474
2,119.045,1.03654,1.17412,1.54843,0,0,0,0,0,0,0,0.0325296,0.00452394,0.00452394
3,177.861,0.98737,1.22738,1.46681,0,0,0,0,0,0,0,0.00595748,0.00595748,0.00595748
4,236.536,0.94354,0.99952,1.41821,0,0,0,0,0,0,0,0.00563122,0.00563122,0.00563122
5,295.209,0.93391,0.90662,1.4272,0,0,0,0,0,0,0,0.00530496,0.00530496,0.00530496
6,353.916,0.94345,0.84003,1.42928,0,0,0,0,0,0,0,0.0049787,0.0049787,0.0049787
7,412.524,0.91336,0.79768,1.41247,0,0,0,0,0,0,0,0.00465244,0.00465244,0.00465244
8,471.228,0.91329,0.7291,1.40633,0,0,0,0,0,0,0,0.00432618,0.00432618,0.00432618
9,529.961,0.8813,0.69092,1.35564,0,0,0,0,0,0,0,0.00399992,0.00399992,0.00399992
10,588.662,0.87283,0.70867,1.36682,0,0,0,0,0,0,0,0.00367366,0.00367366,0.00367366
11,647.786,0.88169,0.60675,1.39622,0,0,0,0,0,0,0,0.0033474,0.0033474,0.0033474
12,706.442,0.84966,0.56144,1.37101,0,0,0,0,0,0,0,0.00302114,0.00302114,0.00302114
13,765.06,0.86166,0.55086,1.36889,0,0,0,0,0,0,0,0.00269488,0.00269488,0.00269488
14,823.589,0.79774,0.50899,1.32305,0,0,0,0,0,0,0,0.00236862,0.00236862,0.00236862
15,882.22,0.80827,0.49336,1.32118,0,0,0,0,0,0,0,0.00204236,0.00204236,0.00204236
16,940.851,0.80739,0.4906,1.33579,0,0,0,0,0,0,0,0.0017161,0.0017161,0.0017161
17,999.485,0.75921,0.46648,1.28573,0,0,0,0,0,0,0,0.00138985,0.00138985,0.00138985
18,1058.05,0.74733,0.44561,1.27382,0,0,0,0,0,0,0,0.00106359,0.00106359,0.00106359
19,1116.67,0.73155,0.42984,1.24692,0,0,0,0,0,0,0,0.000737326,0.000737326,0.000737326
20,1177.3,0.74787,0.45189,1.26473,0.88669,0.8065,0.9133,0.67572,0.93671,0.50454,1.16877,0.000411066,0.000411066,0.000411066
1,59.8936,1.13729,1.98679,1.5775,0,0,0,0,0,0,0,0.0650394,0.00250254,0.00250254
2,118.818,1.05834,1.21613,1.48865,0,0,0,0,0,0,0,0.0296934,0.00476714,0.00476714
3,177.609,0.98511,1.16387,1.40129,0,0,0,0,0,0,0,0.00601989,0.00601989,0.00601989
4,236.324,0.9705,0.90405,1.38554,0,0,0,0,0,0,0,0.00568983,0.00568983,0.00568983
5,294.982,0.93152,0.87938,1.37029,0,0,0,0,0,0,0,0.00535978,0.00535978,0.00535978
6,353.662,0.94701,0.85168,1.3642,0,0,0,0,0,0,0,0.00502972,0.00502972,0.00502972
7,412.312,0.91922,0.77718,1.3641,0,0,0,0,0,0,0,0.00469967,0.00469967,0.00469967
8,470.951,0.92349,0.75652,1.36102,0,0,0,0,0,0,0,0.00436961,0.00436961,0.00436961
9,529.575,0.86873,0.68491,1.29697,0,0,0,0,0,0,0,0.00403956,0.00403956,0.00403956
10,588.283,0.86156,0.70238,1.30675,0,0,0,0,0,0,0,0.0037095,0.0037095,0.0037095
11,647.283,0.87724,0.60616,1.32401,0,0,0,0,0,0,0,0.00337945,0.00337945,0.00337945
12,705.939,0.86212,0.54073,1.32689,0,0,0,0,0,0,0,0.00304939,0.00304939,0.00304939
13,764.584,0.87736,0.55479,1.32981,0,0,0,0,0,0,0,0.00271933,0.00271933,0.00271933
14,823.139,0.82056,0.52978,1.27652,0,0,0,0,0,0,0,0.00238928,0.00238928,0.00238928
15,881.79,0.82509,0.50095,1.26532,0,0,0,0,0,0,0,0.00205922,0.00205922,0.00205922
16,940.394,0.82064,0.48816,1.27853,0,0,0,0,0,0,0,0.00172917,0.00172917,0.00172917
17,999.039,0.75621,0.45756,1.22715,0,0,0,0,0,0,0,0.00139911,0.00139911,0.00139911
18,1057.68,0.7483,0.43879,1.2339,0,0,0,0,0,0,0,0.00106906,0.00106906,0.00106906
19,1116.29,0.75438,0.43453,1.19943,0,0,0,0,0,0,0,0.000739002,0.000739002,0.000739002
20,1176.98,0.76344,0.46392,1.22437,0.86104,0.86072,0.93598,0.69913,0.92619,0.45851,1.12589,0.000408946,0.000408946,0.000408946
1,59.8489,1.10709,2.004,1.58391,0,0,0,0,0,0,0,0.0654434,0.00246965,0.00246965
2,118.757,1.01144,1.17297,1.47027,0,0,0,0,0,0,0,0.0305062,0.00470444,0.00470444
3,177.455,0.93272,1.14866,1.37019,0,0,0,0,0,0,0,0.00601074,0.00601074,0.00601074
4,236.148,0.9548,0.96614,1.37781,0,0,0,0,0,0,0,0.00568111,0.00568111,0.00568111
5,294.842,0.89497,0.94239,1.35001,0,0,0,0,0,0,0,0.00535147,0.00535147,0.00535147
6,353.44,0.91582,0.8484,1.35599,0,0,0,0,0,0,0,0.00502184,0.00502184,0.00502184
7,412.117,0.88504,0.78249,1.33402,0,0,0,0,0,0,0,0.00469221,0.00469221,0.00469221
8,470.82,0.8842,0.7314,1.34361,0,0,0,0,0,0,0,0.00436258,0.00436258,0.00436258
9,529.509,0.85412,0.68742,1.28739,0,0,0,0,0,0,0,0.00403295,0.00403295,0.00403295
10,588.16,0.83292,0.68708,1.28517,0,0,0,0,0,0,0,0.00370332,0.00370332,0.00370332
11,647.262,0.86693,0.60816,1.34704,0,0,0,0,0,0,0,0.00337369,0.00337369,0.00337369
12,705.867,0.83321,0.55293,1.32688,0,0,0,0,0,0,0,0.00304405,0.00304405,0.00304405
13,764.535,0.85218,0.54595,1.32826,0,0,0,0,0,0,0,0.00271442,0.00271442,0.00271442
14,823.141,0.78613,0.52014,1.26707,0,0,0,0,0,0,0,0.00238479,0.00238479,0.00238479
15,881.731,0.79747,0.49314,1.27423,0,0,0,0,0,0,0,0.00205516,0.00205516,0.00205516
16,940.305,0.78892,0.49023,1.27612,0,0,0,0,0,0,0,0.00172553,0.00172553,0.00172553
17,998.96,0.74611,0.46407,1.23886,0,0,0,0,0,0,0,0.0013959,0.0013959,0.0013959
18,1057.59,0.74298,0.44516,1.23348,0,0,0,0,0,0,0,0.00106627,0.00106627,0.00106627
19,1116.18,0.724,0.43964,1.1913,0,0,0,0,0,0,0,0.000736635,0.000736635,0.000736635
20,1176.81,0.73942,0.45493,1.20997,0.86628,0.88301,0.93852,0.69645,0.89931,0.47926,1.10163,0.000407003,0.000407003,0.000407003
1,59.8736,1.04587,1.95337,1.64823,0,0,0,0,0,0,0,0.0629908,0.00280276,0.00280276
2,118.809,0.96212,1.17132,1.53436,0,0,0,0,0,0,0,0.0255585,0.00533904,0.00533904
3,177.606,0.89743,1.22348,1.44402,0,0,0,0,0,0,0,0.00634431,0.00634431,0.00634431
4,236.277,0.8951,0.96442,1.41252,0,0,0,0,0,0,0,0.00599647,0.00599647,0.00599647
5,294.938,0.88843,0.86664,1.44312,0,0,0,0,0,0,0,0.00564863,0.00564863,0.00564863
6,353.549,0.8973,0.89717,1.44263,0,0,0,0,0,0,0,0.00530079,0.00530079,0.00530079
7,412.198,0.87058,0.76996,1.44056,0,0,0,0,0,0,0,0.00495294,0.00495294,0.00495294
8,470.941,0.87061,0.73517,1.41772,0,0,0,0,0,0,0,0.0046051,0.0046051,0.0046051
9,529.62,0.81138,0.72072,1.35418,0,0,0,0,0,0,0,0.00425726,0.00425726,0.00425726
10,588.291,0.81179,0.68874,1.3749,0,0,0,0,0,0,0,0.00390941,0.00390941,0.00390941
11,647.275,0.81845,0.57266,1.37654,0,0,0,0,0,0,0,0.00356157,0.00356157,0.00356157
12,705.952,0.76443,0.53874,1.35539,0,0,0,0,0,0,0,0.00321373,0.00321373,0.00321373
13,764.561,0.79647,0.53194,1.36284,0,0,0,0,0,0,0,0.00286589,0.00286589,0.00286589
14,823.086,0.72491,0.48472,1.30634,0,0,0,0,0,0,0,0.00251804,0.00251804,0.00251804
15,881.695,0.73387,0.47086,1.31108,0,0,0,0,0,0,0,0.0021702,0.0021702,0.0021702
16,940.187,0.72745,0.46681,1.30106,0,0,0,0,0,0,0,0.00182236,0.00182236,0.00182236
17,998.745,0.67998,0.43437,1.25118,0,0,0,0,0,0,0,0.00147451,0.00147451,0.00147451
18,1057.21,0.6657,0.41687,1.25372,0,0,0,0,0,0,0,0.00112667,0.00112667,0.00112667
19,1115.7,0.65886,0.4014,1.22263,0,0,0,0,0,0,0,0.000778828,0.000778828,0.000778828
20,1176.21,0.66609,0.41595,1.24104,0.87702,0.87408,0.94168,0.69605,0.84308,0.47368,1.14452,0.000430985,0.000430985,0.000430985
1,59.7753,1.12895,2.13414,1.57354,0,0,0,0,0,0,0,0.0603499,0.0024726,0.0024726
2,118.71,1.06706,1.33958,1.49659,0,0,0,0,0,0,0,0.0202988,0.00471009,0.00471009
3,177.388,0.97257,1.21343,1.39146,0,0,0,0,0,0,0,0.00528986,0.00528986,0.00528986
4,236.046,0.96329,0.94957,1.36054,0,0,0,0,0,0,0,0.00499978,0.00499978,0.00499978
5,294.744,0.9669,0.92325,1.37889,0,0,0,0,0,0,0,0.00470971,0.00470971,0.00470971
6,353.434,0.95967,0.88282,1.3687,0,0,0,0,0,0,0,0.00441964,0.00441964,0.00441964
7,412.09,0.94141,0.8213,1.37058,0,0,0,0,0,0,0,0.00412957,0.00412957,0.00412957
8,470.816,0.91786,0.7474,1.36123,0,0,0,0,0,0,0,0.0038395,0.0038395,0.0038395
9,529.504,0.87631,0.71024,1.29685,0,0,0,0,0,0,0,0.00354942,0.00354942,0.00354942
10,588.118,0.8601,0.72398,1.29487,0,0,0,0,0,0,0,0.00325935,0.00325935,0.00325935
11,647.052,0.92217,0.62671,1.35756,0,0,0,0,0,0,0,0.00296928,0.00296928,0.00296928
12,705.634,0.87413,0.60107,1.33521,0,0,0,0,0,0,0,0.00267921,0.00267921,0.00267921
13,764.236,0.88311,0.57289,1.33486,0,0,0,0,0,0,0,0.00238914,0.00238914,0.00238914
14,822.817,0.82825,0.54646,1.28659,0,0,0,0,0,0,0,0.00209907,0.00209907,0.00209907
15,881.442,0.83486,0.53091,1.29124,0,0,0,0,0,0,0,0.00180899,0.00180899,0.00180899
16,939.956,0.81898,0.52179,1.27496,0,0,0,0,0,0,0,0.00151892,0.00151892,0.00151892
17,998.439,0.76723,0.48686,1.25515,0,0,0,0,0,0,0,0.00122885,0.00122885,0.00122885
18,1056.94,0.76983,0.4676,1.24423,0,0,0,0,0,0,0,0.000938777,0.000938777,0.000938777
19,1115.41,0.76618,0.47361,1.21715,0,0,0,0,0,0,0,0.000648705,0.000648705,0.000648705
20,1175.96,0.77238,0.48122,1.21888,0.89198,0.83565,0.93454,0.69612,0.91756,0.49006,1.1188,0.000358634,0.000358634,0.000358634
1,59.8,1.14909,2.18498,1.7463,0,0,0,0,0,0,0,0.0603457,0.00246839,0.00246839
2,118.828,0.97657,1.26738,1.53597,0,0,0,0,0,0,0,0.0202905,0.00470179,0.00470179
3,177.541,1.03439,1.20904,1.54875,0,0,0,0,0,0,0,0.00528019,0.00528019,0.00528019
4,236.153,1.00354,1.13855,1.55627,0,0,0,0,0,0,0,0.00499028,0.00499028,0.00499028
5,294.813,0.97434,0.93663,1.48982,0,0,0,0,0,0,0,0.00470038,0.00470038,0.00470038
6,353.542,0.97206,0.90311,1.49083,0,0,0,0,0,0,0,0.00441047,0.00441047,0.00441047
7,412.242,0.93687,0.81926,1.46833,0,0,0,0,0,0,0,0.00412056,0.00412056,0.00412056
8,470.875,0.90522,0.8052,1.44818,0,0,0,0,0,0,0,0.00383066,0.00383066,0.00383066
9,529.575,0.91122,0.78614,1.45174,0,0,0,0,0,0,0,0.00354075,0.00354075,0.00354075
10,588.249,0.90803,0.76108,1.42855,0,0,0,0,0,0,0,0.00325085,0.00325085,0.00325085
11,647.263,0.88485,0.63997,1.44372,0,0,0,0,0,0,0,0.00296094,0.00296094,0.00296094
12,705.904,0.85658,0.59462,1.42766,0,0,0,0,0,0,0,0.00267103,0.00267103,0.00267103
13,764.566,0.88357,0.60047,1.43709,0,0,0,0,0,0,0,0.00238113,0.00238113,0.00238113
14,823.236,0.7996,0.5496,1.37678,0,0,0,0,0,0,0,0.00209122,0.00209122,0.00209122
15,881.924,0.80859,0.53398,1.36938,0,0,0,0,0,0,0,0.00180132,0.00180132,0.00180132
16,940.553,0.79897,0.51576,1.38275,0,0,0,0,0,0,0,0.00151141,0.00151141,0.00151141
17,999.304,0.75737,0.47691,1.33229,0,0,0,0,0,0,0,0.00122151,0.00122151,0.00122151
18,1058.04,0.74162,0.47562,1.31604,0,0,0,0,0,0,0,0.000931599,0.000931599,0.000931599
19,1116.67,0.74589,0.47972,1.295,0,0,0,0,0,0,0,0.000641693,0.000641693,0.000641693
20,1177.23,0.75303,0.48371,1.29865,0.85155,0.88301,0.93333,0.68853,0.92076,0.48611,1.19609,0.000351788,0.000351788,0.000351788
1,59.8903,0.88857,1.85334,1.63613,0,0,0,0,0,0,0,0.0634577,0.00259479,0.00259479
2,118.743,0.82814,1.1419,1.49406,0,0,0,0,0,0,0,0.0265144,0.00494274,0.00494274
3,177.571,0.81414,1.24106,1.47218,0,0,0,0,0,0,0,0.00597447,0.00597447,0.00597447
4,236.236,0.84001,1.01106,1.48139,0,0,0,0,0,0,0,0.00564671,0.00564671,0.00564671
5,294.942,0.796,0.87276,1.47374,0,0,0,0,0,0,0,0.00531894,0.00531894,0.00531894
6,353.525,0.79419,0.84106,1.43253,0,0,0,0,0,0,0,0.00499118,0.00499118,0.00499118
7,412.232,0.75238,0.75932,1.40402,0,0,0,0,0,0,0,0.00466342,0.00466342,0.00466342
8,470.941,0.76728,0.75298,1.41918,0,0,0,0,0,0,0,0.00433565,0.00433565,0.00433565
9,529.72,0.72151,0.72648,1.39901,0,0,0,0,0,0,0,0.00400789,0.00400789,0.00400789
10,588.389,0.69728,0.68676,1.32818,0,0,0,0,0,0,0,0.00368012,0.00368012,0.00368012
11,647.467,0.71339,0.58277,1.39387,0,0,0,0,0,0,0,0.00335236,0.00335236,0.00335236
12,706.158,0.69556,0.53839,1.38595,0,0,0,0,0,0,0,0.0030246,0.0030246,0.0030246
13,764.744,0.68854,0.52582,1.33742,0,0,0,0,0,0,0,0.00269683,0.00269683,0.00269683
14,823.392,0.64451,0.47811,1.3073,0,0,0,0,0,0,0,0.00236907,0.00236907,0.00236907
15,882.028,0.65782,0.4724,1.30619,0,0,0,0,0,0,0,0.0020413,0.0020413,0.0020413
16,940.645,0.64704,0.46248,1.31653,0,0,0,0,0,0,0,0.00171354,0.00171354,0.00171354
17,999.249,0.59376,0.41837,1.24412,0,0,0,0,0,0,0,0.00138578,0.00138578,0.00138578
18,1057.88,0.58695,0.4064,1.23884,0,0,0,0,0,0,0,0.00105801,0.00105801,0.00105801
19,1116.49,0.58301,0.4007,1.21399,0,0,0,0,0,0,0,0.000730248,0.000730248,0.000730248
20,1177.13,0.5923,0.40594,1.23102,0.8504,0.90257,0.94154,0.69661,0.7513,0.44837,1.15231,0.000402484,0.000402484,0.000402484
1,59.8917,0.96966,1.89888,1.61398,0,0,0,0,0,0,0,0.0654434,0.00246965,0.00246965
2,118.962,0.89361,1.12837,1.49721,0,0,0,0,0,0,0,0.0305061,0.00470435,0.00470435
3,177.618,0.82423,1.07172,1.40183,0,0,0,0,0,0,0,0.00601048,0.00601048,0.00601048
4,236.232,0.82567,1.0065,1.40909,0,0,0,0,0,0,0,0.00568073,0.00568073,0.00568073
5,294.877,0.7769,0.86679,1.37332,0,0,0,0,0,0,0,0.00535097,0.00535097,0.00535097
6,353.5,0.80073,0.80729,1.38899,0,0,0,0,0,0,0,0.00502121,0.00502121,0.00502121
7,412.092,0.7686,0.7739,1.3588,0,0,0,0,0,0,0,0.00469145,0.00469145,0.00469145
8,470.688,0.77131,0.72894,1.36706,0,0,0,0,0,0,0,0.00436169,0.00436169,0.00436169
9,529.336,0.76349,0.6817,1.34626,0,0,0,0,0,0,0,0.00403193,0.00403193,0.00403193
10,587.991,0.72995,0.66968,1.31768,0,0,0,0,0,0,0,0.00370218,0.00370218,0.00370218
11,647.057,0.75041,0.58298,1.35429,0,0,0,0,0,0,0,0.00337242,0.00337242,0.00337242
12,705.603,0.72969,0.52943,1.34872,0,0,0,0,0,0,0,0.00304266,0.00304266,0.00304266
13,764.151,0.74764,0.5459,1.35473,0,0,0,0,0,0,0,0.0027129,0.0027129,0.0027129
14,822.839,0.67695,0.5022,1.28543,0,0,0,0,0,0,0,0.00238314,0.00238314,0.00238314
15,881.457,0.69411,0.47959,1.29393,0,0,0,0,0,0,0,0.00205339,0.00205339,0.00205339
16,939.954,0.69302,0.4838,1.30764,0,0,0,0,0,0,0,0.00172363,0.00172363,0.00172363
17,998.399,0.66029,0.44703,1.27161,0,0,0,0,0,0,0,0.00139387,0.00139387,0.00139387
18,1056.91,0.64111,0.43296,1.24854,0,0,0,0,0,0,0,0.00106411,0.00106411,0.00106411
19,1115.41,0.63989,0.43903,1.21906,0,0,0,0,0,0,0,0.000734354,0.000734354,0.000734354
20,1176.02,0.64594,0.46048,1.24243,0.85952,0.86351,0.93389,0.6785,0.81168,0.46806,1.14907,0.000404596,0.000404596,0.000404596
1,59.7929,0.94724,1.97082,1.64748,0,0,0,0,0,0,0,0.0649982,0.00246133,0.00246133
2,118.754,0.85359,1.14637,1.47556,0,0,0,0,0,0,0,0.0296148,0.0046885,0.0046885
3,177.484,0.84474,1.19358,1.43923,0,0,0,0,0,0,0,0.00592038,0.00592038,0.00592038
4,236.066,0.87245,1.06655,1.48281,0,0,0,0,0,0,0,0.00559558,0.00559558,0.00559558
5,294.609,0.78547,0.87546,1.40758,0,0,0,0,0,0,0,0.00527077,0.00527077,0.00527077
6,353.186,0.81454,0.8311,1.41543,0,0,0,0,0,0,0,0.00494596,0.00494596,0.00494596
7,411.826,0.75769,0.74365,1.35857,0,0,0,0,0,0,0,0.00462115,0.00462115,0.00462115
8,470.48,0.76491,0.72911,1.39279,0,0,0,0,0,0,0,0.00429635,0.00429635,0.00429635
9,529.043,0.75724,0.68102,1.35997,0,0,0,0,0,0,0,0.00397154,0.00397154,0.00397154
10,587.652,0.71193,0.67705,1.31591,0,0,0,0,0,0,0,0.00364673,0.00364673,0.00364673
11,646.591,0.75831,0.59076,1.38034,0,0,0,0,0,0,0,0.00332192,0.00332192,0.00332192
12,705.111,0.72713,0.55821,1.35807,0,0,0,0,0,0,0,0.00299712,0.00299712,0.00299712
13,763.59,0.7302,0.54162,1.34443,0,0,0,0,0,0,0,0.00267231,0.00267231,0.00267231
14,822.071,0.68011,0.49296,1.29804,0,0,0,0,0,0,0,0.0023475,0.0023475,0.0023475
15,880.6,0.70147,0.4894,1.31885,0,0,0,0,0,0,0,0.00202269,0.00202269,0.00202269
16,939.127,0.68266,0.46865,1.31032,0,0,0,0,0,0,0,0.00169789,0.00169789,0.00169789
17,997.6,0.6437,0.45936,1.27302,0,0,0,0,0,0,0,0.00137308,0.00137308,0.00137308
18,1056.17,0.65361,0.43805,1.27333,0,0,0,0,0,0,0,0.00104827,0.00104827,0.00104827
19,1114.68,0.63014,0.43187,1.23876,0,0,0,0,0,0,0,0.000723462,0.000723462,0.000723462
20,1175.24,0.64521,0.44883,1.24897,0.86345,0.88069,0.93021,0.69397,0.77809,0.47944,1.15106,0.000398654,0.000398654,0.000398654
1,59.8806,1.06272,1.88728,1.62259,0,0,0,0,0,0,0,0.0625178,0.0028994,0.0028994
2,118.786,0.99817,1.19005,1.53555,0,0,0,0,0,0,0,0.024601,0.00552313,0.00552313
3,177.627,0.96093,1.17271,1.45124,0,0,0,0,0,0,0,0.00647048,0.00647048,0.00647048
4,236.473,0.94193,0.98918,1.42684,0,0,0,0,0,0,0,0.00611572,0.00611572,0.00611572
5,295.136,0.9474,0.89605,1.45478,0,0,0,0,0,0,0,0.00576096,0.00576096,0.00576096
6,353.798,0.9356,0.86328,1.45799,0,0,0,0,0,0,0,0.0054062,0.0054062,0.0054062
7,412.434,0.91665,0.83001,1.45899,0,0,0,0,0,0,0,0.00505144,0.00505144,0.00505144
8,471.119,0.90533,0.77774,1.44248,0,0,0,0,0,0,0,0.00469668,0.00469668,0.00469668
9,529.731,0.87479,0.72919,1.39622,0,0,0,0,0,0,0,0.00434192,0.00434192,0.00434192
10,588.334,0.85702,0.69216,1.38646,0,0,0,0,0,0,0,0.00398716,0.00398716,0.00398716
11,647.279,0.84704,0.57083,1.39898,0,0,0,0,0,0,0,0.0036324,0.0036324,0.0036324
12,705.781,0.82744,0.57289,1.37082,0,0,0,0,0,0,0,0.00327764,0.00327764,0.00327764
13,764.324,0.84853,0.56253,1.36849,0,0,0,0,0,0,0,0.00292288,0.00292288,0.00292288
14,822.819,0.77317,0.48917,1.3111,0,0,0,0,0,0,0,0.00256812,0.00256812,0.00256812
15,881.391,0.77806,0.4979,1.30544,0,0,0,0,0,0,0,0.00221336,0.00221336,0.00221336
16,939.943,0.77707,0.47816,1.31687,0,0,0,0,0,0,0,0.0018586,0.0018586,0.0018586
17,998.516,0.71637,0.44142,1.28302,0,0,0,0,0,0,0,0.00150384,0.00150384,0.00150384
18,1057.09,0.69919,0.41958,1.25888,0,0,0,0,0,0,0,0.00114908,0.00114908,0.00114908
19,1115.66,0.6929,0.40965,1.23215,0,0,0,0,0,0,0,0.000794316,0.000794316,0.000794316
20,1176.2,0.70285,0.41644,1.24717,0.87084,0.88268,0.9329,0.70032,0.87626,0.48706,1.16022,0.000439556,0.000439556,0.000439556
1,59.8953,1.2782,2.23284,1.68456,0,0,0,0,0,0,0,0.065691,0.00371494,0.00371494
2,118.933,1.11554,1.36211,1.46185,0,0,0,0,0,0,0,0.0308791,0.00707668,0.00707668
3,177.706,1.12234,1.52866,1.46035,0,0,0,0,0,0,0,0.00880454,0.00880454,0.00880454
4,236.422,1.1068,1.39202,1.42771,0,0,0,0,0,0,0,0.00832181,0.00832181,0.00832181
5,295.021,1.06186,1.07298,1.41947,0,0,0,0,0,0,0,0.00783908,0.00783908,0.00783908
6,353.588,1.07394,0.95056,1.43314,0,0,0,0,0,0,0,0.00735635,0.00735635,0.00735635
7,412.089,1.04978,0.88577,1.42118,0,0,0,0,0,0,0,0.00687362,0.00687362,0.00687362
8,470.581,0.98729,0.81687,1.36764,0,0,0,0,0,0,0,0.00639088,0.00639088,0.00639088
9,529.108,0.99714,0.83932,1.38891,0,0,0,0,0,0,0,0.00590815,0.00590815,0.00590815
10,587.615,0.95005,0.76413,1.32896,0,0,0,0,0,0,0,0.00542542,0.00542542,0.00542542
11,646.654,0.99982,0.73815,1.39827,0,0,0,0,0,0,0,0.00494269,0.00494269,0.00494269
12,705.229,0.94745,0.64212,1.35985,0,0,0,0,0,0,0,0.00445996,0.00445996,0.00445996
13,763.748,0.99524,0.64857,1.36706,0,0,0,0,0,0,0,0.00397723,0.00397723,0.00397723
14,822.297,0.92715,0.60314,1.34819,0,0,0,0,0,0,0,0.0034945,0.0034945,0.0034945
15,880.787,0.94208,0.59996,1.32947,0,0,0,0,0,0,0,0.00301177,0.00301177,0.00301177
16,939.289,0.90486,0.56263,1.30536,0,0,0,0,0,0,0,0.00252904,0.00252904,0.00252904
17,997.847,0.8558,0.53909,1.29154,0,0,0,0,0,0,0,0.00204631,0.00204631,0.00204631
18,1056.34,0.83615,0.506,1.25312,0,0,0,0,0,0,0,0.00156358,0.00156358,0.00156358
19,1114.82,0.81466,0.49367,1.21713,0,0,0,0,0,0,0,0.00108085,0.00108085,0.00108085
20,1175.34,0.83521,0.51731,1.24242,0.83189,0.88022,0.93205,0.69146,0.94266,0.48816,1.13616,0.000598115,0.000598115,0.000598115
1,59.8342,1.04223,1.85739,1.71724,0,0,0,0,0,0,0,0.0659691,0.00220302,0.00220302
2,118.792,0.9501,1.05599,1.54177,0,0,0,0,0,0,0,0.0315859,0.00419647,0.00419647
3,177.514,0.97782,1.05375,1.57417,0,0,0,0,0,0,0,0.00547885,0.00547885,0.00547885
4,236.214,1.05517,1.05207,1.61064,0,0,0,0,0,0,0,0.00517828,0.00517828,0.00517828
5,294.853,1.01298,0.90273,1.6153,0,0,0,0,0,0,0,0.0048777,0.0048777,0.0048777
6,353.502,1.02444,0.87499,1.60203,0,0,0,0,0,0,0,0.00457713,0.00457713,0.00457713
7,412.174,0.96026,0.84348,1.55684,0,0,0,0,0,0,0,0.00427656,0.00427656,0.00427656
8,470.885,0.97336,0.81548,1.55004,0,0,0,0,0,0,0,0.00397598,0.00397598,0.00397598
9,529.542,0.93715,0.79785,1.54928,0,0,0,0,0,0,0,0.00367541,0.00367541,0.00367541
10,588.143,0.89727,0.75067,1.46061,0,0,0,0,0,0,0,0.00337483,0.00337483,0.00337483
11,647.099,0.90943,0.64966,1.51391,0,0,0,0,0,0,0,0.00307426,0.00307426,0.00307426
12,705.681,0.86993,0.61223,1.48165,0,0,0,0,0,0,0,0.00277369,0.00277369,0.00277369
13,764.331,0.89943,0.59168,1.47941,0,0,0,0,0,0,0,0.00247311,0.00247311,0.00247311
14,822.945,0.80945,0.54463,1.43206,0,0,0,0,0,0,0,0.00217254,0.00217254,0.00217254
15,881.448,0.79758,0.52008,1.40863,0,0,0,0,0,0,0,0.00187197,0.00187197,0.00187197
16,939.962,0.7929,0.48741,1.40134,0,0,0,0,0,0,0,0.00157139,0.00157139,0.00157139
17,998.53,0.72654,0.44617,1.3455,0,0,0,0,0,0,0,0.00127082,0.00127082,0.00127082
18,1057.1,0.71826,0.43137,1.34029,0,0,0,0,0,0,0,0.000970243,0.000970243,0.000970243
19,1115.61,0.70843,0.41115,1.31239,0,0,0,0,0,0,0,0.000669669,0.000669669,0.000669669
20,1176.17,0.70422,0.414,1.31197,0.82938,0.86072,0.91062,0.67617,0.86667,0.49275,1.22453,0.000369096,0.000369096,0.000369096
1,60.0826,1.31605,2.69685,1.52735,0,0,0,0,0,0,0,0.0710081,0.00194599,0.00194599
2,119.146,1.21508,1.45982,1.44262,0,0,0,0,0,0,0,0.041709,0.00370659,0.00370659
3,177.992,1.15383,1.45526,1.35375,0,0,0,0,0,0,0,0.0122165,0.00527375,0.00527375
4,236.821,1.1664,1.2886,1.35195,0,0,0,0,0,0,0,0.00535581,0.00535581,0.00535581
5,295.531,1.13656,1.22,1.35466,0,0,0,0,0,0,0,0.00504442,0.00504442,0.00504442
6,354.142,1.11846,1.18507,1.33005,0,0,0,0,0,0,0,0.00473302,0.00473302,0.00473302
7,412.658,1.11822,1.06229,1.33851,0,0,0,0,0,0,0,0.00442162,0.00442162,0.00442162
8,471.299,1.1031,1.01446,1.32641,0,0,0,0,0,0,0,0.00411023,0.00411023,0.00411023
9,530.017,1.07377,0.94356,1.28433,0,0,0,0,0,0,0,0.00379883,0.00379883,0.00379883
10,588.735,1.04173,0.91818,1.29395,0,0,0,0,0,0,0,0.00348744,0.00348744,0.00348744
11,647.726,1.06262,0.80598,1.31422,0,0,0,0,0,0,0,0.00317604,0.00317604,0.00317604
12,706.356,1.03041,0.76279,1.30848,0,0,0,0,0,0,0,0.00286465,0.00286465,0.00286465
13,764.947,1.04799,0.74775,1.2986,0,0,0,0,0,0,0,0.00255325,0.00255325,0.00255325
14,823.512,0.95562,0.65818,1.24366,0,0,0,0,0,0,0,0.00224185,0.00224185,0.00224185
15,882.111,0.96698,0.66002,1.23987,0,0,0,0,0,0,0,0.00193046,0.00193046,0.00193046
16,940.651,0.96341,0.62502,1.25474,0,0,0,0,0,0,0,0.00161906,0.00161906,0.00161906
17,999.233,0.90627,0.61586,1.21295,0,0,0,0,0,0,0,0.00130767,0.00130767,0.00130767
18,1057.76,0.89613,0.56858,1.18306,0,0,0,0,0,0,0,0.00099627,0.00099627,0.00099627
19,1116.3,0.8732,0.54892,1.16256,0,0,0,0,0,0,0,0.000684874,0.000684874,0.000684874
20,1176.84,0.89141,0.57,1.15692,0.86223,0.88909,0.94078,0.70251,1.0722,0.59471,1.06812,0.000373478,0.000373478,0.000373478
1,59.8613,1.13154,1.96757,1.55816,0,0,0,0,0,0,0,0.0626874,0.003069,0.003069
2,118.989,1.01537,1.09433,1.41038,0,0,0,0,0,0,0,0.0249241,0.00584616,0.00584616
3,177.726,1.08144,1.45022,1.4458,0,0,0,0,0,0,0,0.00684887,0.00684887,0.00684887
4,236.404,1.04493,1.12446,1.41156,0,0,0,0,0,0,0,0.0064733,0.0064733,0.0064733
5,295.041,1.01712,0.9644,1.39794,0,0,0,0,0,0,0,0.00609774,0.00609774,0.00609774
6,353.758,1.00733,0.96747,1.40757,0,0,0,0,0,0,0,0.00572217,0.00572217,0.00572217
7,412.432,0.99751,0.86139,1.40638,0,0,0,0,0,0,0,0.00534661,0.00534661,0.00534661
8,471.046,0.95579,0.84265,1.36898,0,0,0,0,0,0,0,0.00497104,0.00497104,0.00497104
9,529.715,0.94281,0.8164,1.34057,0,0,0,0,0,0,0,0.00459548,0.00459548,0.00459548
10,588.325,0.93109,0.77239,1.31568,0,0,0,0,0,0,0,0.00421991,0.00421991,0.00421991
11,647.34,0.91086,0.6808,1.31677,0,0,0,0,0,0,0,0.00384435,0.00384435,0.00384435
12,705.963,0.89808,0.64663,1.32653,0,0,0,0,0,0,0,0.00346878,0.00346878,0.00346878
13,764.593,0.90179,0.62762,1.30268,0,0,0,0,0,0,0,0.00309322,0.00309322,0.00309322
14,823.179,0.83083,0.56071,1.25627,0,0,0,0,0,0,0,0.00271765,0.00271765,0.00271765
15,881.763,0.82672,0.54636,1.24855,0,0,0,0,0,0,0,0.00234208,0.00234208,0.00234208
16,940.294,0.82563,0.5326,1.25846,0,0,0,0,0,0,0,0.00196652,0.00196652,0.00196652
17,998.957,0.75135,0.49351,1.19154,0,0,0,0,0,0,0,0.00159095,0.00159095,0.00159095
18,1057.62,0.74971,0.4612,1.19357,0,0,0,0,0,0,0,0.00121539,0.00121539,0.00121539
19,1116.21,0.72334,0.44018,1.15185,0,0,0,0,0,0,0,0.000839823,0.000839823,0.000839823
20,1176.84,0.73774,0.45165,1.16717,0.88836,0.84227,0.92653,0.67258,0.90274,0.52108,1.09119,0.000464257,0.000464257,0.000464257
1,60.1377,1.39171,2.76069,1.62871,0,0,0,0,0,0,0,0.0739009,0.00175182,0.00175182
2,119.165,1.21535,1.46052,1.47806,0,0,0,0,0,0,0,0.0475254,0.0033368,0.0033368
3,177.915,1.11544,1.34411,1.38826,0,0,0,0,0,0,0,0.0209758,0.0047477,0.0047477
4,236.499,1.15685,1.34838,1.37461,0,0,0,0,0,0,0,0.00535612,0.00535612,0.00535612
5,295.126,1.1625,1.18348,1.38375,0,0,0,0,0,0,0,0.00504483,0.00504483,0.00504483
6,353.667,1.13628,1.0287,1.3733,0,0,0,0,0,0,0,0.00473354,0.00473354,0.00473354
7,412.259,1.08011,1.0084,1.35899,0,0,0,0,0,0,0,0.00442225,0.00442225,0.00442225
8,470.822,1.06748,0.94263,1.32601,0,0,0,0,0,0,0,0.00411096,0.00411096,0.00411096
9,529.441,1.04617,0.86618,1.29435,0,0,0,0,0,0,0,0.00379966,0.00379966,0.00379966
10,588.038,1.03266,0.83757,1.32029,0,0,0,0,0,0,0,0.00348837,0.00348837,0.00348837
11,646.975,1.01019,0.68858,1.28251,0,0,0,0,0,0,0,0.00317708,0.00317708,0.00317708
12,705.539,0.98588,0.68057,1.28286,0,0,0,0,0,0,0,0.00286579,0.00286579,0.00286579
13,764.099,0.98364,0.64583,1.26593,0,0,0,0,0,0,0,0.00255449,0.00255449,0.00255449
14,822.611,0.91661,0.6005,1.22308,0,0,0,0,0,0,0,0.0022432,0.0022432,0.0022432
15,881.106,0.91497,0.58306,1.22421,0,0,0,0,0,0,0,0.00193191,0.00193191,0.00193191
16,939.758,0.91764,0.55893,1.21757,0,0,0,0,0,0,0,0.00162062,0.00162062,0.00162062
17,998.238,0.83842,0.5152,1.17274,0,0,0,0,0,0,0,0.00130933,0.00130933,0.00130933
18,1056.71,0.83584,0.50344,1.183,0,0,0,0,0,0,0,0.000998034,0.000998034,0.000998034
19,1115.23,0.80998,0.48846,1.14264,0,0,0,0,0,0,0,0.000686742,0.000686742,0.000686742
20,1175.8,0.83903,0.50794,1.15965,0.8763,0.86351,0.93163,0.69603,1.06911,0.60562,1.07483,0.00037545,0.00037545,0.00037545
1,59.47,1.04626,1.78697,1.42624,0,0,0,0,0,0,0,0.0405933,0.00425243,0.00425243
2,118.337,0.94602,1.22302,1.31865,0,0,0,0,0,0,0,0.00635015,0.00635015,0.00635015
3,177.048,0.88288,0.97374,1.22373,0,0,0,0,0,0,0,0.0060203,0.0060203,0.0060203
4,235.75,0.86155,0.78976,1.21054,0,0,0,0,0,0,0,0.00569045,0.00569045,0.00569045
5,294.413,0.84992,0.76876,1.21763,0,0,0,0,0,0,0,0.00536061,0.00536061,0.00536061
6,353.052,0.84775,0.75833,1.2072,0,0,0,0,0,0,0,0.00503076,0.00503076,0.00503076
7,411.699,0.81047,0.69132,1.19104,0,0,0,0,0,0,0,0.00470091,0.00470091,0.00470091
8,470.398,0.80268,0.62404,1.1915,0,0,0,0,0,0,0,0.00437106,0.00437106,0.00437106
9,529.162,0.77861,0.57959,1.14192,0,0,0,0,0,0,0,0.00404121,0.00404121,0.00404121
10,587.91,0.77538,0.59251,1.14766,0,0,0,0,0,0,0,0.00371136,0.00371136,0.00371136
11,646.963,0.82318,0.55839,1.23286,0,0,0,0,0,0,0,0.00338152,0.00338152,0.00338152
12,705.619,0.78032,0.49685,1.19849,0,0,0,0,0,0,0,0.00305167,0.00305167,0.00305167
13,764.308,0.80099,0.50212,1.19275,0,0,0,0,0,0,0,0.00272182,0.00272182,0.00272182
14,822.949,0.74898,0.45832,1.16092,0,0,0,0,0,0,0,0.00239197,0.00239197,0.00239197
15,881.584,0.76626,0.46643,1.17519,0,0,0,0,0,0,0,0.00206212,0.00206212,0.00206212
16,940.296,0.75645,0.46592,1.17128,0,0,0,0,0,0,0,0.00173227,0.00173227,0.00173227
17,998.965,0.71265,0.43066,1.13283,0,0,0,0,0,0,0,0.00140243,0.00140243,0.00140243
18,1057.61,0.69743,0.41552,1.12186,0,0,0,0,0,0,0,0.00107258,0.00107258,0.00107258
19,1116.19,0.70284,0.40373,1.1064,0,0,0,0,0,0,0,0.000742729,0.000742729,0.000742729
20,1176.83,0.71414,0.41858,1.10971,0.82664,0.88994,0.92415,0.67606,0.83211,0.41027,1.05213,0.000412881,0.000412881,0.000412881
1,59.9951,1.30357,2.83992,1.53052,0,0,0,0,0,0,0,0.0684433,0.00177667,0.00177667
2,119.021,1.19058,1.55072,1.43141,0,0,0,0,0,0,0,0.0365863,0.00338422,0.00338422
3,177.814,1.13528,1.41142,1.34576,0,0,0,0,0,0,0,0.00480271,0.00480271,0.00480271
4,236.541,1.1262,1.27533,1.34126,0,0,0,0,0,0,0,0.00453906,0.00453906,0.00453906
5,295.162,1.1055,1.23638,1.34914,0,0,0,0,0,0,0,0.00427542,0.00427542,0.00427542
6,353.857,1.08415,1.11872,1.31853,0,0,0,0,0,0,0,0.00401177,0.00401177,0.00401177
7,412.58,1.06739,1.07186,1.31042,0,0,0,0,0,0,0,0.00374813,0.00374813,0.00374813
8,471.235,1.07295,0.99604,1.32303,0,0,0,0,0,0,0,0.00348448,0.00348448,0.00348448
9,529.988,1.02561,0.92492,1.25792,0,0,0,0,0,0,0,0.00322083,0.00322083,0.00322083
10,588.75,1.01591,0.9508,1.27109,0,0,0,0,0,0,0,0.00295719,0.00295719,0.00295719
11,647.79,1.05606,0.82598,1.3203,0,0,0,0,0,0,0,0.00269354,0.00269354,0.00269354
12,706.456,0.99974,0.76349,1.29881,0,0,0,0,0,0,0,0.0024299,0.0024299,0.0024299
13,765.018,1.0266,0.77022,1.29502,0,0,0,0,0,0,0,0.00216625,0.00216625,0.00216625
14,823.671,0.94604,0.70248,1.25907,0,0,0,0,0,0,0,0.0019026,0.0019026,0.0019026
15,882.291,0.97352,0.69165,1.25557,0,0,0,0,0,0,0,0.00163896,0.00163896,0.00163896
16,940.889,0.97972,0.70484,1.26593,0,0,0,0,0,0,0,0.00137531,0.00137531,0.00137531
17,999.412,0.92417,0.65057,1.22749,0,0,0,0,0,0,0,0.00111167,0.00111167,0.00111167
18,1058.01,0.88888,0.6117,1.19482,0,0,0,0,0,0,0,0.000848022,0.000848022,0.000848022
19,1116.67,0.88525,0.60497,1.17153,0,0,0,0,0,0,0,0.000584376,0.000584376,0.000584376
20,1177.27,0.90113,0.61141,1.19755,0.90283,0.8273,0.93049,0.6919,1.06603,0.65494,1.06783,0.00032073,0.00032073,0.00032073
1,59.9494,1.32647,2.50611,1.52168,0,0,0,0,0,0,0,0.0666518,0.00232596,0.00232596
2,118.973,1.22417,1.55868,1.42119,0,0,0,0,0,0,0,0.0329418,0.00443053,0.00443053
3,177.845,1.14248,1.50307,1.34443,0,0,0,0,0,0,0,0.00587504,0.00587504,0.00587504
4,236.582,1.15108,1.43887,1.33153,0,0,0,0,0,0,0,0.00555255,0.00555255,0.00555255
5,295.271,1.11422,1.18513,1.321,0,0,0,0,0,0,0,0.00523007,0.00523007,0.00523007
6,353.97,1.14381,1.11703,1.3301,0,0,0,0,0,0,0,0.00490759,0.00490759,0.00490759
7,412.682,1.08755,1.03979,1.30925,0,0,0,0,0,0,0,0.00458511,0.00458511,0.00458511
8,471.458,1.08475,0.97149,1.29595,0,0,0,0,0,0,0,0.00426262,0.00426262,0.00426262
9,530.138,1.02936,0.92293,1.24557,0,0,0,0,0,0,0,0.00394014,0.00394014,0.00394014
10,588.777,1.04014,0.88794,1.27258,0,0,0,0,0,0,0,0.00361766,0.00361766,0.00361766
11,647.762,1.01674,0.75985,1.26874,0,0,0,0,0,0,0,0.00329518,0.00329518,0.00329518
12,706.388,0.97935,0.70492,1.24909,0,0,0,0,0,0,0,0.00297269,0.00297269,0.00297269
13,764.875,1.00304,0.68586,1.2415,0,0,0,0,0,0,0,0.00265021,0.00265021,0.00265021
14,823.388,0.92148,0.63933,1.19738,0,0,0,0,0,0,0,0.00232773,0.00232773,0.00232773
15,881.893,0.924,0.62392,1.17521,0,0,0,0,0,0,0,0.00200525,0.00200525,0.00200525
16,940.477,0.94169,0.60065,1.20463,0,0,0,0,0,0,0,0.00168276,0.00168276,0.00168276
17,999.072,0.85123,0.56887,1.14549,0,0,0,0,0,0,0,0.00136028,0.00136028,0.00136028
18,1057.7,0.8663,0.55809,1.15826,0,0,0,0,0,0,0,0.0010378,0.0010378,0.0010378
19,1116.24,0.83948,0.52101,1.13007,0,0,0,0,0,0,0,0.000715316,0.000715316,0.000715316
20,1176.83,0.83893,0.54028,1.13236,0.84726,0.90251,0.93396,0.70209,1.07224,0.63373,1.0422,0.000392833,0.000392833,0.000392833
1,60.1202,1.37216,2.60313,1.66159,0,0,0,0,0,0,0,0.0710081,0.00194599,0.00194599
2,119.139,1.21444,1.40858,1.47179,0,0,0,0,0,0,0,0.041709,0.00370661,0.00370661
3,177.983,1.2023,1.46038,1.44321,0,0,0,0,0,0,0,0.0122166,0.00527382,0.00527382
4,236.72,1.23326,1.26462,1.44711,0,0,0,0,0,0,0,0.00535593,0.00535593,0.00535593
5,295.429,1.17584,1.12132,1.43748,0,0,0,0,0,0,0,0.00504457,0.00504457,0.00504457
6,354.078,1.2004,1.11039,1.4445,0,0,0,0,0,0,0,0.00473321,0.00473321,0.00473321
7,412.769,1.1221,0.99955,1.37427,0,0,0,0,0,0,0,0.00442185,0.00442185,0.00442185
8,471.446,1.11529,0.97198,1.39016,0,0,0,0,0,0,0,0.00411049,0.00411049,0.00411049
9,530.082,1.13133,0.94096,1.3889,0,0,0,0,0,0,0,0.00379913,0.00379913,0.00379913
10,588.74,1.07465,0.89456,1.34133,0,0,0,0,0,0,0,0.00348778,0.00348778,0.00348778
11,647.76,1.06978,0.74529,1.35589,0,0,0,0,0,0,0,0.00317642,0.00317642,0.00317642
12,706.413,1.04518,0.69947,1.35759,0,0,0,0,0,0,0,0.00286506,0.00286506,0.00286506
13,764.952,1.05497,0.69641,1.35654,0,0,0,0,0,0,0,0.0025537,0.0025537,0.0025537
14,823.52,0.97967,0.66346,1.31745,0,0,0,0,0,0,0,0.00224234,0.00224234,0.00224234
15,882.113,0.97767,0.63309,1.30347,0,0,0,0,0,0,0,0.00193099,0.00193099,0.00193099
16,940.681,0.97264,0.60755,1.29475,0,0,0,0,0,0,0,0.00161963,0.00161963,0.00161963
17,999.304,0.9035,0.56204,1.25073,0,0,0,0,0,0,0,0.00130827,0.00130827,0.00130827
18,1057.95,0.89866,0.55652,1.23542,0,0,0,0,0,0,0,0.000996912,0.000996912,0.000996912
19,1116.52,0.88801,0.53953,1.21233,0,0,0,0,0,0,0,0.000685553,0.000685553,0.000685553
20,1177.15,0.88558,0.54613,1.2211,0.8825,0.86351,0.92937,0.69068,1.11013,0.60371,1.10889,0.000374195,0.000374195,0.000374195
1,60.032,1.61919,3.52234,1.89815,0,0,0,0,0,0,0,0.071514,0.00168026,0.00168026
2,119.093,1.42853,1.82774,1.74801,0,0,0,0,0,0,0,0.0427491,0.00320044,0.00320044
3,177.812,1.31698,1.65561,1.60301,0,0,0,0,0,0,0,0.0138173,0.0045536,0.0045536
4,236.561,1.31171,1.56636,1.57644,0,0,0,0,0,0,0,0.00474275,0.00474275,0.00474275
5,295.222,1.26411,1.26936,1.58035,0,0,0,0,0,0,0,0.004467,0.004467,0.004467
6,353.894,1.29779,1.25344,1.58785,0,0,0,0,0,0,0,0.00419124,0.00419124,0.00419124
7,412.557,1.26446,1.20125,1.58139,0,0,0,0,0,0,0,0.00391549,0.00391549,0.00391549
8,471.244,1.23769,1.12425,1.54867,0,0,0,0,0,0,0,0.00363974,0.00363974,0.00363974
9,529.96,1.19243,1.0162,1.48011,0,0,0,0,0,0,0,0.00336399,0.00336399,0.00336399
10,588.592,1.16926,0.99373,1.50089,0,0,0,0,0,0,0,0.00308824,0.00308824,0.00308824
11,647.552,1.22479,0.87631,1.55814,0,0,0,0,0,0,0,0.00281249,0.00281249,0.00281249
12,706.138,1.17726,0.83246,1.53423,0,0,0,0,0,0,0,0.00253674,0.00253674,0.00253674
13,764.658,1.19218,0.78716,1.53142,0,0,0,0,0,0,0,0.00226099,0.00226099,0.00226099
14,823.25,1.11053,0.75125,1.46585,0,0,0,0,0,0,0,0.00198523,0.00198523,0.00198523
15,881.881,1.13557,0.73,1.47224,0,0,0,0,0,0,0,0.00170948,0.00170948,0.00170948
16,940.392,1.12764,0.71755,1.49183,0,0,0,0,0,0,0,0.00143373,0.00143373,0.00143373
17,998.946,1.07097,0.69184,1.45625,0,0,0,0,0,0,0,0.00115798,0.00115798,0.00115798
18,1057.47,1.04344,0.67649,1.43544,0,0,0,0,0,0,0,0.00088223,0.00088223,0.00088223
19,1115.98,1.0389,0.66849,1.40058,0,0,0,0,0,0,0,0.000606478,0.000606478,0.000606478
20,1176.5,1.05066,0.67328,1.42281,0.87585,0.8468,0.9198,0.68813,1.26784,0.71411,1.29033,0.000330727,0.000330727,0.000330727
1,59.9221,1.07289,1.98233,1.54448,0,0,0,0,0,0,0,0.0633988,0.00283975,0.00283975
2,118.745,1.02276,1.23872,1.47143,0,0,0,0,0,0,0,0.0263719,0.00540919,0.00540919
3,177.409,0.98447,1.22336,1.417,0,0,0,0,0,0,0,0.0064877,0.0064877,0.0064877
4,236.096,0.98127,1.063,1.4117,0,0,0,0,0,0,0,0.00613156,0.00613156,0.00613156
5,294.707,0.95852,0.94391,1.40964,0,0,0,0,0,0,0,0.00577541,0.00577541,0.00577541
6,353.252,0.98084,0.93819,1.40419,0,0,0,0,0,0,0,0.00541926,0.00541926,0.00541926
7,411.91,0.93126,0.88569,1.39386,0,0,0,0,0,0,0,0.00506311,0.00506311,0.00506311
8,470.551,0.9244,0.82097,1.37904,0,0,0,0,0,0,0,0.00470696,0.00470696,0.00470696
9,529.162,0.86557,0.75519,1.29763,0,0,0,0,0,0,0,0.00435082,0.00435082,0.00435082
10,587.851,0.87325,0.73619,1.33639,0,0,0,0,0,0,0,0.00399467,0.00399467,0.00399467
11,646.821,0.86645,0.6298,1.32015,0,0,0,0,0,0,0,0.00363852,0.00363852,0.00363852
12,705.408,0.85097,0.58286,1.30643,0,0,0,0,0,0,0,0.00328237,0.00328237,0.00328237
13,763.962,0.86589,0.5915,1.31314,0,0,0,0,0,0,0,0.00292622,0.00292622,0.00292622
14,822.587,0.77903,0.52093,1.25437,0,0,0,0,0,0,0,0.00257008,0.00257008,0.00257008
15,881.124,0.7869,0.53186,1.24975,0,0,0,0,0,0,0,0.00221393,0.00221393,0.00221393
16,939.762,0.79276,0.50367,1.27285,0,0,0,0,0,0,0,0.00185778,0.00185778,0.00185778
17,998.415,0.72614,0.45973,1.21434,0,0,0,0,0,0,0,0.00150163,0.00150163,0.00150163
18,1056.99,0.70473,0.43811,1.18468,0,0,0,0,0,0,0,0.00114548,0.00114548,0.00114548
19,1115.59,0.6884,0.42792,1.16181,0,0,0,0,0,0,0,0.000789336,0.000789336,0.000789336
20,1176.1,0.71338,0.42909,1.17789,0.84334,0.92969,0.93787,0.70753,0.87981,0.49784,1.08096,0.000433188,0.000433188,0.000433188
1,60.1671,1.40023,2.64243,1.34308,0,0,0,0,0,0,0,0.0718316,0.00189072,0.00189072
2,119.261,1.27122,1.44583,1.25695,0,0,0,0,0,0,0,0.0433646,0.00360131,0.00360131
3,178.101,1.23102,1.45341,1.20303,0,0,0,0,0,0,0,0.0147098,0.00512396,0.00512396
4,236.828,1.21534,1.4115,1.1888,0,0,0,0,0,0,0,0.00535581,0.00535581,0.00535581
5,295.506,1.19963,1.188,1.18551,0,0,0,0,0,0,0,0.00504442,0.00504442,0.00504442
6,354.292,1.19974,1.13978,1.18497,0,0,0,0,0,0,0,0.00473302,0.00473302,0.00473302
7,412.944,1.17595,1.02955,1.18709,0,0,0,0,0,0,0,0.00442162,0.00442162,0.00442162
8,471.696,1.15679,0.9844,1.1692,0,0,0,0,0,0,0,0.00411023,0.00411023,0.00411023
9,530.393,1.10988,0.92928,1.114,0,0,0,0,0,0,0,0.00379883,0.00379883,0.00379883
10,589.073,1.11236,0.91358,1.1342,0,0,0,0,0,0,0,0.00348744,0.00348744,0.00348744
11,648.116,1.06572,0.76602,1.10584,0,0,0,0,0,0,0,0.00317604,0.00317604,0.00317604
12,706.731,1.03407,0.71485,1.10297,0,0,0,0,0,0,0,0.00286465,0.00286465,0.00286465
13,765.377,1.05503,0.69787,1.10031,0,0,0,0,0,0,0,0.00255325,0.00255325,0.00255325
14,823.932,0.96744,0.62561,1.06138,0,0,0,0,0,0,0,0.00224185,0.00224185,0.00224185
15,882.573,0.96493,0.59438,1.04992,0,0,0,0,0,0,0,0.00193046,0.00193046,0.00193046
16,941.225,0.95662,0.58927,1.0509,0,0,0,0,0,0,0,0.00161906,0.00161906,0.00161906
17,999.862,0.89411,0.5353,1.02241,0,0,0,0,0,0,0,0.00130767,0.00130767,0.00130767
18,1058.55,0.88523,0.52448,1.01357,0,0,0,0,0,0,0,0.00099627,0.00099627,0.00099627
19,1117.19,0.85976,0.5065,0.99793,0,0,0,0,0,0,0,0.000684874,0.000684874,0.000684874
20,1177.85,0.86243,0.51276,0.99347,0.91208,0.86072,0.94363,0.69368,1.12963,0.5982,0.9264,0.000373478,0.000373478,0.000373478
1,59.8479,1.13557,1.77298,1.70591,0,0,0,0,0,0,0,0.062872,0.002872,0.002872
2,118.828,1.17138,1.39981,1.70706,0,0,0,0,0,0,0,0.0253136,0.00547108,0.00547108
3,177.589,1.19729,1.42946,1.69897,0,0,0,0,0,0,0,0.00647082,0.00647082,0.00647082
4,236.234,1.27892,1.35728,1.76502,0,0,0,0,0,0,0,0.00611624,0.00611624,0.00611624
5,294.824,1.2568,1.32423,1.78492,0,0,0,0,0,0,0,0.00576165,0.00576165,0.00576165
6,353.531,1.26432,1.35807,1.77681,0,0,0,0,0,0,0,0.00540706,0.00540706,0.00540706
7,412.195,1.21367,1.27873,1.75307,0,0,0,0,0,0,0,0.00505247,0.00505247,0.00505247
8,470.879,1.17618,1.20611,1.70728,0,0,0,0,0,0,0,0.00469788,0.00469788,0.00469788
9,529.518,1.1399,1.12799,1.64873,0,0,0,0,0,0,0,0.0043433,0.0043433,0.0043433
10,588.158,1.13818,1.12364,1.67653,0,0,0,0,0,0,0,0.00398871,0.00398871,0.00398871
11,647.116,1.10818,1.01923,1.67004,0,0,0,0,0,0,0,0.00363412,0.00363412,0.00363412
12,705.634,1.11748,1.00965,1.70153,0,0,0,0,0,0,0,0.00327953,0.00327953,0.00327953
13,764.253,1.12988,0.97189,1.68458,0,0,0,0,0,0,0,0.00292495,0.00292495,0.00292495
14,822.869,1.03198,0.88611,1.60955,0,0,0,0,0,0,0,0.00257036,0.00257036,0.00257036
15,881.488,1.03715,0.90557,1.60595,0,0,0,0,0,0,0,0.00221577,0.00221577,0.00221577
16,940.091,1.01911,0.84551,1.59812,0,0,0,0,0,0,0,0.00186118,0.00186118,0.00186118
17,998.68,0.97247,0.76427,1.54827,0,0,0,0,0,0,0,0.00150659,0.00150659,0.00150659
18,1057.32,0.94099,0.7405,1.5045,0,0,0,0,0,0,0,0.00115201,0.00115201,0.00115201
19,1115.99,0.93044,0.72315,1.51354,0,0,0,0,0,0,0,0.000797418,0.000797418,0.000797418
20,1176.69,0.91483,0.72061,1.49147,0.7915,0.77437,0.84169,0.59422,1.03597,0.85794,1.28473,0.00044283,0.00044283,0.00044283
1,59.9,0.94414,2.11749,1.55102,0,0,0,0,0,0,0,0.0662016,0.00274832,0.00274832
2,118.823,0.90599,1.34543,1.48275,0,0,0,0,0,0,0,0.0319973,0.00523467,0.00523467
3,177.565,0.87157,1.37354,1.42399,0,0,0,0,0,0,0,0.00677508,0.00677508,0.00677508
4,236.236,0.87654,1.13777,1.41997,0,0,0,0,0,0,0,0.00640261,0.00640261,0.00640261
5,294.879,0.85702,1.04742,1.42834,0,0,0,0,0,0,0,0.00603015,0.00603015,0.00603015
6,353.591,0.87014,1.00722,1.43971,0,0,0,0,0,0,0,0.00565769,0.00565769,0.00565769
7,412.307,0.82893,0.92639,1.40606,0,0,0,0,0,0,0,0.00528523,0.00528523,0.00528523
8,470.996,0.82219,0.84272,1.38893,0,0,0,0,0,0,0,0.00491277,0.00491277,0.00491277
9,529.74,0.80029,0.82739,1.33522,0,0,0,0,0,0,0,0.00454031,0.00454031,0.00454031
10,588.477,0.80017,0.81879,1.34641,0,0,0,0,0,0,0,0.00416784,0.00416784,0.00416784
11,647.485,0.78213,0.66821,1.3531,0,0,0,0,0,0,0,0.00379538,0.00379538,0.00379538
12,706.131,0.75659,0.63147,1.33582,0,0,0,0,0,0,0,0.00342292,0.00342292,0.00342292
13,764.765,0.76061,0.62392,1.33041,0,0,0,0,0,0,0,0.00305046,0.00305046,0.00305046
14,823.392,0.7003,0.54948,1.28079,0,0,0,0,0,0,0,0.002678,0.002678,0.002678
15,882.032,0.68633,0.52487,1.24182,0,0,0,0,0,0,0,0.00230553,0.00230553,0.00230553
16,940.662,0.69999,0.51797,1.26401,0,0,0,0,0,0,0,0.00193307,0.00193307,0.00193307
17,999.27,0.64846,0.47592,1.23075,0,0,0,0,0,0,0,0.00156061,0.00156061,0.00156061
18,1057.89,0.63276,0.47267,1.20761,0,0,0,0,0,0,0,0.00118815,0.00118815,0.00118815
19,1116.51,0.6056,0.43869,1.16649,0,0,0,0,0,0,0,0.000815687,0.000815687,0.000815687
20,1177.15,0.62376,0.44202,1.18335,0.91649,0.856,0.9375,0.69095,0.79209,0.49825,1.10611,0.000443225,0.000443225,0.000443225
1,59.8559,1.07161,2.2764,1.57299,0,0,0,0,0,0,0,0.0649238,0.00272143,0.00272143
2,118.762,0.96782,1.3001,1.46143,0,0,0,0,0,0,0,0.0294398,0.00518381,0.00518381
3,177.609,0.95631,1.44154,1.43869,0,0,0,0,0,0,0,0.0064877,0.0064877,0.0064877
4,236.353,0.9813,1.13369,1.4151,0,0,0,0,0,0,0,0.00613156,0.00613156,0.00613156
5,295.118,0.93656,0.98666,1.3713,0,0,0,0,0,0,0,0.00577541,0.00577541,0.00577541
6,353.806,0.94435,0.97064,1.3927,0,0,0,0,0,0,0,0.00541926,0.00541926,0.00541926
7,412.515,0.88728,0.85178,1.34137,0,0,0,0,0,0,0,0.00506311,0.00506311,0.00506311
8,471.285,0.90145,0.90778,1.35623,0,0,0,0,0,0,0,0.00470696,0.00470696,0.00470696
9,529.983,0.85976,0.80354,1.33439,0,0,0,0,0,0,0,0.00435082,0.00435082,0.00435082
10,588.728,0.83677,0.79292,1.33688,0,0,0,0,0,0,0,0.00399467,0.00399467,0.00399467
11,647.866,0.84211,0.67451,1.31933,0,0,0,0,0,0,0,0.00363852,0.00363852,0.00363852
12,706.528,0.83053,0.63397,1.3232,0,0,0,0,0,0,0,0.00328237,0.00328237,0.00328237
13,765.044,0.83509,0.60446,1.30786,0,0,0,0,0,0,0,0.00292622,0.00292622,0.00292622
14,823.609,0.77185,0.55778,1.28123,0,0,0,0,0,0,0,0.00257008,0.00257008,0.00257008
15,882.203,0.76008,0.53748,1.25962,0,0,0,0,0,0,0,0.00221393,0.00221393,0.00221393
16,940.75,0.76285,0.51981,1.25433,0,0,0,0,0,0,0,0.00185778,0.00185778,0.00185778
17,999.283,0.71459,0.48058,1.22316,0,0,0,0,0,0,0,0.00150163,0.00150163,0.00150163
18,1057.87,0.69947,0.46901,1.20284,0,0,0,0,0,0,0,0.00114548,0.00114548,0.00114548
19,1116.51,0.68023,0.45985,1.15966,0,0,0,0,0,0,0,0.000789336,0.000789336,0.000789336
20,1177.13,0.67961,0.45606,1.18386,0.85364,0.89415,0.93694,0.68999,0.87638,0.54731,1.10099,0.000433188,0.000433188,0.000433188
1,59.8943,1.0589,2.09731,1.53156,0,0,0,0,0,0,0,0.0635594,0.00269655,0.00269655
2,118.874,1.06521,1.4132,1.49607,0,0,0,0,0,0,0,0.0267093,0.00513764,0.00513764
3,177.677,1.12938,1.5458,1.51936,0,0,0,0,0,0,0,0.00621149,0.00621149,0.00621149
4,236.402,1.24732,1.46187,1.62248,0,0,0,0,0,0,0,0.00587223,0.00587223,0.00587223
5,294.998,1.2986,1.59983,1.70305,0,0,0,0,0,0,0,0.00553297,0.00553297,0.00553297
6,353.609,1.2844,1.52024,1.68904,0,0,0,0,0,0,0,0.00519372,0.00519372,0.00519372
7,412.266,1.24403,1.50102,1.68389,0,0,0,0,0,0,0,0.00485446,0.00485446,0.00485446
8,470.967,1.2561,1.42912,1.66761,0,0,0,0,0,0,0,0.0045152,0.0045152,0.0045152
9,529.612,1.1705,1.36067,1.5759,0,0,0,0,0,0,0,0.00417595,0.00417595,0.00417595
10,588.282,1.17721,1.37865,1.61562,0,0,0,0,0,0,0,0.00383669,0.00383669,0.00383669
11,647.237,1.18649,1.28664,1.65217,0,0,0,0,0,0,0,0.00349743,0.00349743,0.00349743
12,705.871,1.15154,1.2066,1.61403,0,0,0,0,0,0,0,0.00315818,0.00315818,0.00315818
13,764.479,1.15093,1.16447,1.60477,0,0,0,0,0,0,0,0.00281892,0.00281892,0.00281892
14,823.142,1.09758,1.07524,1.56406,0,0,0,0,0,0,0,0.00247966,0.00247966,0.00247966
15,881.753,1.09965,1.0499,1.57064,0,0,0,0,0,0,0,0.00214041,0.00214041,0.00214041
16,940.337,1.07005,1.01736,1.5542,0,0,0,0,0,0,0,0.00180115,0.00180115,0.00180115
17,998.991,0.99977,0.92725,1.49438,0,0,0,0,0,0,0,0.00146189,0.00146189,0.00146189
18,1057.67,0.98834,0.87972,1.46357,0,0,0,0,0,0,0,0.00112264,0.00112264,0.00112264
19,1116.28,0.9715,0.86156,1.45877,0,0,0,0,0,0,0,0.000783379,0.000783379,0.000783379
20,1176.92,0.95632,0.84001,1.44413,0.82607,0.72981,0.83161,0.57651,1.09461,0.9469,1.26154,0.000444123,0.000444123,0.000444123
1,59.8693,1.47004,2.46844,1.10409,0,0,0,0,0,0,0,0.0601612,0.00277866,0.00277866
2,118.872,1.35169,1.57125,1.03085,0,0,0,0,0,0,0,0.0198902,0.00529289,0.00529289
3,177.58,1.28874,1.41458,0.97116,0,0,0,0,0,0,0,0.00587514,0.00587514,0.00587514
4,236.232,1.29922,1.12168,0.97142,0,0,0,0,0,0,0,0.00555271,0.00555271,0.00555271
5,294.857,1.2514,1.04302,0.95719,0,0,0,0,0,0,0,0.00523028,0.00523028,0.00523028
6,353.462,1.26975,1.07474,0.95677,0,0,0,0,0,0,0,0.00490785,0.00490785,0.00490785
7,412.085,1.21397,0.97266,0.94616,0,0,0,0,0,0,0,0.00458542,0.00458542,0.00458542
8,470.791,1.20573,0.8886,0.93016,0,0,0,0,0,0,0,0.00426299,0.00426299,0.00426299
9,529.478,1.14395,0.81292,0.89029,0,0,0,0,0,0,0,0.00394056,0.00394056,0.00394056
10,588.19,1.12901,0.80859,0.90031,0,0,0,0,0,0,0,0.00361813,0.00361813,0.00361813
11,647.155,1.10185,0.65982,0.90045,0,0,0,0,0,0,0,0.0032957,0.0032957,0.0032957
12,705.631,1.05591,0.62592,0.88423,0,0,0,0,0,0,0,0.00297327,0.00297327,0.00297327
13,764.185,1.08325,0.60603,0.89194,0,0,0,0,0,0,0,0.00265084,0.00265084,0.00265084
14,822.793,1.00684,0.57053,0.86217,0,0,0,0,0,0,0,0.00232841,0.00232841,0.00232841
15,881.288,1.01069,0.55068,0.84313,0,0,0,0,0,0,0,0.00200598,0.00200598,0.00200598
16,939.902,0.98353,0.5293,0.83972,0,0,0,0,0,0,0,0.00168355,0.00168355,0.00168355
17,998.465,0.93125,0.49959,0.82202,0,0,0,0,0,0,0,0.00136112,0.00136112,0.00136112
18,1057.11,0.9275,0.47076,0.82656,0,0,0,0,0,0,0,0.00103868,0.00103868,0.00103868
19,1115.6,0.90557,0.45174,0.80065,0,0,0,0,0,0,0,0.000716255,0.000716255,0.000716255
20,1176.15,0.89482,0.46882,0.79377,0.92283,0.83565,0.93334,0.69651,1.18628,0.57995,0.74078,0.000393824,0.000393824,0.000393824
1,59.8368,1.01771,2.10494,1.41821,0,0,0,0,0,0,0,0.0627361,0.00217714,0.00217714
2,118.822,0.94214,1.24904,1.32523,0,0,0,0,0,0,0,0.0251098,0.00414705,0.00414705
3,177.515,0.91945,1.1866,1.26223,0,0,0,0,0,0,0,0.00497392,0.00497392,0.00497392
4,236.359,0.94216,1.07377,1.28061,0,0,0,0,0,0,0,0.00470088,0.00470088,0.00470088
5,295.054,0.97318,1.07543,1.31125,0,0,0,0,0,0,0,0.00442785,0.00442785,0.00442785
6,353.74,0.96618,1.08165,1.29869,0,0,0,0,0,0,0,0.00415481,0.00415481,0.00415481
7,412.444,0.93691,0.95175,1.29606,0,0,0,0,0,0,0,0.00388177,0.00388177,0.00388177
8,471.17,0.94376,0.93824,1.29542,0,0,0,0,0,0,0,0.00360873,0.00360873,0.00360873
9,529.854,0.88418,0.87189,1.21737,0,0,0,0,0,0,0,0.00333569,0.00333569,0.00333569
10,588.598,0.89571,0.87471,1.24657,0,0,0,0,0,0,0,0.00306265,0.00306265,0.00306265
11,647.635,0.88061,0.76913,1.26368,0,0,0,0,0,0,0,0.00278961,0.00278961,0.00278961
12,706.256,0.8489,0.72689,1.24165,0,0,0,0,0,0,0,0.00251658,0.00251658,0.00251658
13,764.878,0.8743,0.70534,1.2578,0,0,0,0,0,0,0,0.00224354,0.00224354,0.00224354
14,823.504,0.79989,0.63169,1.20583,0,0,0,0,0,0,0,0.0019705,0.0019705,0.0019705
15,882.099,0.78514,0.60365,1.17532,0,0,0,0,0,0,0,0.00169746,0.00169746,0.00169746
16,940.641,0.78844,0.59402,1.18943,0,0,0,0,0,0,0,0.00142442,0.00142442,0.00142442
17,999.238,0.71985,0.56345,1.13639,0,0,0,0,0,0,0,0.00115138,0.00115138,0.00115138
18,1057.91,0.71633,0.54043,1.12684,0,0,0,0,0,0,0,0.000878345,0.000878345,0.000878345
19,1116.43,0.69795,0.50817,1.08881,0,0,0,0,0,0,0,0.000605307,0.000605307,0.000605307
20,1177.06,0.70859,0.50886,1.11861,0.86185,0.8689,0.92585,0.68835,0.82399,0.53709,1.00244,0.000332268,0.000332268,0.000332268
1,59.7017,1.01711,1.95924,1.59462,0,0,0,0,0,0,0,0.0634066,0.00284764,0.00284764
2,118.708,0.90729,1.22092,1.41836,0,0,0,0,0,0,0,0.026387,0.00542426,0.00542426
3,177.516,0.91865,1.30579,1.44219,0,0,0,0,0,0,0,0.00650584,0.00650584,0.00650584
4,236.153,0.94166,1.05928,1.42743,0,0,0,0,0,0,0,0.00614876,0.00614876,0.00614876
5,294.804,0.89886,1.00358,1.41177,0,0,0,0,0,0,0,0.00579168,0.00579168,0.00579168
6,353.452,0.87803,0.87397,1.369,0,0,0,0,0,0,0,0.0054346,0.0054346,0.0054346
7,412.14,0.89528,0.93832,1.40595,0,0,0,0,0,0,0,0.00507752,0.00507752,0.00507752
8,470.842,0.88478,0.84304,1.3753,0,0,0,0,0,0,0,0.00472044,0.00472044,0.00472044
9,529.551,0.83752,0.79498,1.34519,0,0,0,0,0,0,0,0.00436336,0.00436336,0.00436336
10,588.258,0.81648,0.77194,1.32207,0,0,0,0,0,0,0,0.00400628,0.00400628,0.00400628
11,647.382,0.81441,0.64712,1.32512,0,0,0,0,0,0,0,0.0036492,0.0036492,0.0036492
12,706.058,0.80416,0.60872,1.33513,0,0,0,0,0,0,0,0.00329213,0.00329213,0.00329213
13,764.693,0.80832,0.61453,1.32712,0,0,0,0,0,0,0,0.00293505,0.00293505,0.00293505
14,823.262,0.73187,0.52511,1.25442,0,0,0,0,0,0,0,0.00257797,0.00257797,0.00257797
15,881.927,0.74809,0.52598,1.2716,0,0,0,0,0,0,0,0.00222089,0.00222089,0.00222089
16,940.541,0.75098,0.52031,1.2756,0,0,0,0,0,0,0,0.00186381,0.00186381,0.00186381
17,999.196,0.68798,0.48218,1.22195,0,0,0,0,0,0,0,0.00150673,0.00150673,0.00150673
18,1057.78,0.66412,0.45882,1.19554,0,0,0,0,0,0,0,0.00114965,0.00114965,0.00114965
19,1116.42,0.67218,0.45264,1.17431,0,0,0,0,0,0,0,0.000792568,0.000792568,0.000792568
20,1177.01,0.67355,0.45014,1.18612,0.88312,0.8663,0.93879,0.69021,0.83804,0.50541,1.12074,0.000435489,0.000435489,0.000435489
1,59.8735,1.13383,1.73447,1.53146,0,0,0,0,0,0,0,0.0618918,0.00292572,0.00292572
2,118.79,1.10699,1.13846,1.48744,0,0,0,0,0,0,0,0.0233434,0.00557285,0.00557285
3,177.676,1.11133,1.18923,1.45298,0,0,0,0,0,0,0,0.0064244,0.0064244,0.0064244
4,236.422,1.11498,0.98411,1.44199,0,0,0,0,0,0,0,0.0060716,0.0060716,0.0060716
5,295.117,1.08631,0.91771,1.44598,0,0,0,0,0,0,0,0.0057188,0.0057188,0.0057188
6,353.811,1.1038,0.91632,1.45558,0,0,0,0,0,0,0,0.005366,0.005366,0.005366
7,412.548,1.06454,0.84083,1.44192,0,0,0,0,0,0,0,0.0050132,0.0050132,0.0050132
8,471.317,1.04714,0.76703,1.41248,0,0,0,0,0,0,0,0.0046604,0.0046604,0.0046604
9,530.05,1.01191,0.76117,1.37436,0,0,0,0,0,0,0,0.0043076,0.0043076,0.0043076
10,588.769,0.99085,0.73642,1.37125,0,0,0,0,0,0,0,0.0039548,0.0039548,0.0039548
11,647.817,0.98247,0.60132,1.37877,0,0,0,0,0,0,0,0.003602,0.003602,0.003602
12,706.444,0.94572,0.57379,1.34756,0,0,0,0,0,0,0,0.00324921,0.00324921,0.00324921
13,765.071,0.95107,0.55884,1.34557,0,0,0,0,0,0,0,0.00289641,0.00289641,0.00289641
14,823.737,0.88144,0.51405,1.29987,0,0,0,0,0,0,0,0.00254361,0.00254361,0.00254361
15,882.297,0.87372,0.4934,1.2848,0,0,0,0,0,0,0,0.00219081,0.00219081,0.00219081
16,940.819,0.86686,0.47625,1.27293,0,0,0,0,0,0,0,0.00183801,0.00183801,0.00183801
17,999.482,0.80659,0.44665,1.23772,0,0,0,0,0,0,0,0.00148521,0.00148521,0.00148521
18,1058.1,0.77754,0.42655,1.2106,0,0,0,0,0,0,0,0.00113241,0.00113241,0.00113241
19,1116.75,0.75424,0.40798,1.18783,0,0,0,0,0,0,0,0.000779608,0.000779608,0.000779608
20,1177.4,0.7806,0.41441,1.1976,0.88335,0.84378,0.93174,0.67573,0.99666,0.46816,1.11912,0.000426809,0.000426809,0.000426809
1,59.9763,1.07259,1.93496,1.35773,0,0,0,0,0,0,0,0.0638747,0.00259421,0.00259421
2,118.996,1.01102,1.2394,1.28475,0,0,0,0,0,0,0,0.02735,0.00494148,0.00494148
3,177.797,0.98371,1.142,1.24,0,0,0,0,0,0,0,0.00603717,0.00603717,0.00603717
4,236.591,0.98218,1.0435,1.2368,0,0,0,0,0,0,0,0.00570575,0.00570575,0.00570575
5,295.341,0.95731,0.98386,1.21747,0,0,0,0,0,0,0,0.00537434,0.00537434,0.00537434
6,354.03,0.96835,0.92626,1.21715,0,0,0,0,0,0,0,0.00504292,0.00504292,0.00504292
7,412.724,0.94659,0.86605,1.22347,0,0,0,0,0,0,0,0.00471151,0.00471151,0.00471151
8,471.378,0.93684,0.83534,1.2004,0,0,0,0,0,0,0,0.00438009,0.00438009,0.00438009
9,530.111,0.88317,0.77103,1.14571,0,0,0,0,0,0,0,0.00404868,0.00404868,0.00404868
10,588.894,0.87041,0.75961,1.16521,0,0,0,0,0,0,0,0.00371726,0.00371726,0.00371726
11,647.928,0.88586,0.63326,1.17591,0,0,0,0,0,0,0,0.00338584,0.00338584,0.00338584
12,706.652,0.85839,0.61724,1.16182,0,0,0,0,0,0,0,0.00305443,0.00305443,0.00305443
13,765.257,0.85297,0.56312,1.1353,0,0,0,0,0,0,0,0.00272301,0.00272301,0.00272301
14,823.921,0.79655,0.54492,1.11832,0,0,0,0,0,0,0,0.0023916,0.0023916,0.0023916
15,882.569,0.79415,0.52332,1.09994,0,0,0,0,0,0,0,0.00206018,0.00206018,0.00206018
16,941.251,0.78478,0.51264,1.11414,0,0,0,0,0,0,0,0.00172877,0.00172877,0.00172877
17,999.838,0.73066,0.45917,1.05676,0,0,0,0,0,0,0,0.00139735,0.00139735,0.00139735
18,1058.52,0.70985,0.45002,1.04077,0,0,0,0,0,0,0,0.00106594,0.00106594,0.00106594
19,1117.1,0.69941,0.43719,1.02854,0,0,0,0,0,0,0,0.000734521,0.000734521,0.000734521
20,1177.79,0.70191,0.44195,1.03437,0.87056,0.88858,0.94323,0.69139,0.90513,0.49215,0.96355,0.000403106,0.000403106,0.000403106
1,59.9719,1.05622,2.4386,1.5446,0,0,0,0,0,0,0,0.0690922,0.00251326,0.00251326
2,119.008,1.0363,1.62702,1.49815,0,0,0,0,0,0,0,0.037814,0.00478766,0.00478766
3,177.694,1.00025,1.60773,1.43986,0,0,0,0,0,0,0,0.00677714,0.00677714,0.00677714
4,236.354,1.0001,1.49015,1.42042,0,0,0,0,0,0,0,0.00640572,0.00640572,0.00640572
5,295.116,0.98852,1.30075,1.42234,0,0,0,0,0,0,0,0.00603429,0.00603429,0.00603429
6,353.754,0.97407,1.3129,1.41605,0,0,0,0,0,0,0,0.00566286,0.00566286,0.00566286
7,412.365,0.96722,1.15642,1.43275,0,0,0,0,0,0,0,0.00529143,0.00529143,0.00529143
8,471.002,0.94918,1.09874,1.40082,0,0,0,0,0,0,0,0.00492001,0.00492001,0.00492001
9,529.696,0.91544,1.08713,1.34555,0,0,0,0,0,0,0,0.00454858,0.00454858,0.00454858
10,588.406,0.90912,1.06149,1.37592,0,0,0,0,0,0,0,0.00417715,0.00417715,0.00417715
11,647.437,0.88894,0.88226,1.36128,0,0,0,0,0,0,0,0.00380572,0.00380572,0.00380572
12,706.028,0.8546,0.83618,1.33673,0,0,0,0,0,0,0,0.00343429,0.00343429,0.00343429
13,764.63,0.87044,0.78839,1.34801,0,0,0,0,0,0,0,0.00306287,0.00306287,0.00306287
14,823.179,0.77676,0.73386,1.26475,0,0,0,0,0,0,0,0.00269144,0.00269144,0.00269144
15,881.889,0.81613,0.7217,1.29529,0,0,0,0,0,0,0,0.00232001,0.00232001,0.00232001
16,940.555,0.80847,0.6932,1.28859,0,0,0,0,0,0,0,0.00194858,0.00194858,0.00194858
17,999.239,0.75263,0.64337,1.23255,0,0,0,0,0,0,0,0.00157715,0.00157715,0.00157715
18,1057.9,0.72425,0.58899,1.20121,0,0,0,0,0,0,0,0.00120573,0.00120573,0.00120573
19,1116.57,0.70839,0.58599,1.18888,0,0,0,0,0,0,0,0.000834299,0.000834299,0.000834299
20,1177.2,0.71754,0.58257,1.18877,0.85386,0.88301,0.93732,0.69042,0.89595,0.65294,1.07991,0.000462871,0.000462871,0.000462871
1,59.9129,1.51842,2.54114,1.53423,0,0,0,0,0,0,0,0.0692936,0.0021101,0.0021101
2,119.013,1.28959,1.34579,1.32782,0,0,0,0,0,0,0,0.0382569,0.00401914,0.00401914
3,177.842,1.31081,1.4632,1.32146,0,0,0,0,0,0,0,0.00701038,0.00571839,0.00571839
4,236.528,1.36611,1.35283,1.3185,0,0,0,0,0,0,0,0.00547486,0.00547486,0.00547486
5,295.28,1.32419,1.19509,1.3246,0,0,0,0,0,0,0,0.00515647,0.00515647,0.00515647
6,354.045,1.30837,1.13127,1.31397,0,0,0,0,0,0,0,0.00483809,0.00483809,0.00483809
7,412.733,1.34241,1.01652,1.33291,0,0,0,0,0,0,0,0.00451971,0.00451971,0.00451971
8,471.463,1.23668,0.98997,1.29355,0,0,0,0,0,0,0,0.00420133,0.00420133,0.00420133
9,530.182,1.2535,0.95284,1.3054,0,0,0,0,0,0,0,0.00388295,0.00388295,0.00388295
10,588.939,1.1551,0.87262,1.21797,0,0,0,0,0,0,0,0.00356457,0.00356457,0.00356457
11,647.947,1.26405,0.81115,1.3277,0,0,0,0,0,0,0,0.00324619,0.00324619,0.00324619
12,706.592,1.19775,0.76897,1.27767,0,0,0,0,0,0,0,0.0029278,0.0029278,0.0029278
13,765.282,1.2189,0.76465,1.28907,0,0,0,0,0,0,0,0.00260942,0.00260942,0.00260942
14,823.846,1.1114,0.69947,1.22952,0,0,0,0,0,0,0,0.00229104,0.00229104,0.00229104
15,882.472,1.14488,0.66756,1.23971,0,0,0,0,0,0,0,0.00197266,0.00197266,0.00197266
16,941.116,1.1242,0.65458,1.23231,0,0,0,0,0,0,0,0.00165428,0.00165428,0.00165428
17,999.701,1.03955,0.61969,1.18209,0,0,0,0,0,0,0,0.0013359,0.0013359,0.0013359
18,1058.26,1.03081,0.59004,1.17186,0,0,0,0,0,0,0,0.00101752,0.00101752,0.00101752
19,1116.87,1.01635,0.58701,1.15207,0,0,0,0,0,0,0,0.000699134,0.000699134,0.000699134
20,1177.58,1.02636,0.57796,1.16243,0.88963,0.86351,0.93209,0.69331,1.22759,0.59866,1.06623,0.000380752,0.000380752,0.000380752
1,60.1655,1.40833,2.75898,1.8098,0,0,0,0,0,0,0,0.0694218,0.00215376,0.00215376
2,119.193,1.2794,1.49348,1.65623,0,0,0,0,0,0,0,0.0385094,0.00410221,0.00410221
3,178.041,1.22769,1.56457,1.57253,0,0,0,0,0,0,0,0.00738285,0.00583645,0.00583645
4,236.828,1.26996,1.37598,1.59513,0,0,0,0,0,0,0,0.00560219,0.00560219,0.00560219
5,295.517,1.28047,1.30113,1.62461,0,0,0,0,0,0,0,0.00527625,0.00527625,0.00527625
6,354.205,1.30446,1.27213,1.63762,0,0,0,0,0,0,0,0.00495031,0.00495031,0.00495031
7,412.881,1.2594,1.13556,1.64138,0,0,0,0,0,0,0,0.00462438,0.00462438,0.00462438
8,471.557,1.25807,1.10313,1.64064,0,0,0,0,0,0,0,0.00429844,0.00429844,0.00429844
9,530.255,1.22677,1.02733,1.56971,0,0,0,0,0,0,0,0.0039725,0.0039725,0.0039725
10,588.86,1.18841,1.02891,1.57017,0,0,0,0,0,0,0,0.00364657,0.00364657,0.00364657
11,647.858,1.20754,0.91526,1.60511,0,0,0,0,0,0,0,0.00332063,0.00332063,0.00332063
12,706.494,1.11607,0.83942,1.55008,0,0,0,0,0,0,0,0.00299469,0.00299469,0.00299469
13,765.065,1.1858,0.81184,1.59984,0,0,0,0,0,0,0,0.00266876,0.00266876,0.00266876
14,823.712,1.05309,0.72861,1.4895,0,0,0,0,0,0,0,0.00234282,0.00234282,0.00234282
15,882.316,1.08027,0.69668,1.49723,0,0,0,0,0,0,0,0.00201688,0.00201688,0.00201688
16,940.955,1.05918,0.68382,1.48233,0,0,0,0,0,0,0,0.00169094,0.00169094,0.00169094
17,999.599,0.9915,0.62799,1.42213,0,0,0,0,0,0,0,0.00136501,0.00136501,0.00136501
18,1058.26,0.98577,0.6234,1.41878,0,0,0,0,0,0,0,0.00103907,0.00103907,0.00103907
19,1116.88,0.95253,0.60131,1.37446,0,0,0,0,0,0,0,0.000713134,0.000713134,0.000713134
20,1177.65,0.96448,0.59473,1.38324,0.90554,0.85447,0.93233,0.68852,1.14931,0.66868,1.24867,0.000387197,0.000387197,0.000387197
1,59.8042,1.02513,2.00915,1.60903,0,0,0,0,0,0,0,0.0632962,0.0027372,0.0027372
2,118.792,0.95812,1.29628,1.52173,0,0,0,0,0,0,0,0.0261763,0.00521357,0.00521357
3,177.677,0.93396,1.2791,1.48121,0,0,0,0,0,0,0,0.00625269,0.00625269,0.00625269
4,236.48,0.92492,1.03551,1.43705,0,0,0,0,0,0,0,0.00590904,0.00590904,0.00590904
5,295.169,0.89568,0.92907,1.42435,0,0,0,0,0,0,0,0.00556538,0.00556538,0.00556538
6,353.771,0.92222,0.92174,1.44621,0,0,0,0,0,0,0,0.00522173,0.00522173,0.00522173
7,412.529,0.88909,0.82971,1.41612,0,0,0,0,0,0,0,0.00487807,0.00487807,0.00487807
8,471.208,0.87267,0.79262,1.40379,0,0,0,0,0,0,0,0.00453442,0.00453442,0.00453442
9,529.923,0.82875,0.74244,1.34675,0,0,0,0,0,0,0,0.00419076,0.00419076,0.00419076
10,588.567,0.82903,0.74202,1.36794,0,0,0,0,0,0,0,0.00384711,0.00384711,0.00384711
11,647.495,0.81224,0.61423,1.36113,0,0,0,0,0,0,0,0.00350345,0.00350345,0.00350345
12,706.112,0.78471,0.55166,1.33717,0,0,0,0,0,0,0,0.0031598,0.0031598,0.0031598
13,764.682,0.7968,0.54656,1.33916,0,0,0,0,0,0,0,0.00281614,0.00281614,0.00281614
14,823.272,0.73583,0.52258,1.28234,0,0,0,0,0,0,0,0.00247249,0.00247249,0.00247249
15,881.765,0.7219,0.47685,1.27425,0,0,0,0,0,0,0,0.00212883,0.00212883,0.00212883
16,940.323,0.72701,0.47132,1.27044,0,0,0,0,0,0,0,0.00178518,0.00178518,0.00178518
17,998.897,0.66574,0.44969,1.21285,0,0,0,0,0,0,0,0.00144152,0.00144152,0.00144152
18,1057.48,0.65887,0.41619,1.2188,0,0,0,0,0,0,0,0.00109787,0.00109787,0.00109787
19,1116.07,0.6601,0.41604,1.19902,0,0,0,0,0,0,0,0.000754211,0.000754211,0.000754211
20,1176.7,0.65645,0.42162,1.205,0.84046,0.88047,0.9289,0.68798,0.86178,0.48848,1.1408,0.000410557,0.000410557,0.000410557
1,59.7877,1.02487,1.56848,1.39458,0,0,0,0,0,0,0,0.0627965,0.00317803,0.00317803
2,118.855,1.10307,1.33136,1.40315,0,0,0,0,0,0,0,0.0251325,0.00605463,0.00605463
3,177.719,1.20248,1.51122,1.48373,0,0,0,0,0,0,0,0.0070941,0.0070941,0.0070941
4,236.484,1.28959,1.52021,1.57619,0,0,0,0,0,0,0,0.00670615,0.00670615,0.00670615
5,295.133,1.28839,1.59768,1.53937,0,0,0,0,0,0,0,0.00631819,0.00631819,0.00631819
6,353.784,1.25709,1.37589,1.53287,0,0,0,0,0,0,0,0.00593024,0.00593024,0.00593024
7,412.472,1.24493,1.37834,1.52758,0,0,0,0,0,0,0,0.00554229,0.00554229,0.00554229
8,471.153,1.22289,1.30754,1.50227,0,0,0,0,0,0,0,0.00515434,0.00515434,0.00515434
9,529.885,1.16205,1.23715,1.45126,0,0,0,0,0,0,0,0.00476639,0.00476639,0.00476639
10,588.602,1.11307,1.2,1.41067,0,0,0,0,0,0,0,0.00437844,0.00437844,0.00437844
11,647.663,1.07045,1.05708,1.4086,0,0,0,0,0,0,0,0.00399048,0.00399048,0.00399048
12,706.358,1.09116,0.98281,1.43856,0,0,0,0,0,0,0,0.00360253,0.00360253,0.00360253
13,764.97,1.08778,0.99774,1.41409,0,0,0,0,0,0,0,0.00321458,0.00321458,0.00321458
14,823.493,1.02221,0.91823,1.38352,0,0,0,0,0,0,0,0.00282663,0.00282663,0.00282663
15,882.083,1.01703,0.87208,1.35447,0,0,0,0,0,0,0,0.00243868,0.00243868,0.00243868
16,940.701,1.0184,0.85177,1.36663,0,0,0,0,0,0,0,0.00205073,0.00205073,0.00205073
17,999.343,0.94765,0.80505,1.33055,0,0,0,0,0,0,0,0.00166277,0.00166277,0.00166277
18,1057.92,0.91928,0.75934,1.29037,0,0,0,0,0,0,0,0.00127482,0.00127482,0.00127482
19,1116.53,0.90235,0.73049,1.27225,0,0,0,0,0,0,0,0.00088687,0.00088687,0.00088687
20,1177.15,0.90116,0.74114,1.26735,0.79038,0.72471,0.81294,0.55836,0.99386,0.83274,1.08974,0.000498919,0.000498919,0.000498919
1,60.0245,0.88245,2.78712,1.73397,0,0,0,0,0,0,0,0.0710993,0.00218869,0.00218869
2,119.041,0.79246,1.51728,1.59284,0,0,0,0,0,0,0,0.0418677,0.00416875,0.00416875
3,177.908,0.73469,1.48718,1.48835,0,0,0,0,0,0,0,0.0124183,0.00593114,0.00593114
4,236.664,0.76141,1.41733,1.50589,0,0,0,0,0,0,0,0.00599389,0.00599389,0.00599389
5,295.397,0.74357,1.17568,1.48972,0,0,0,0,0,0,0,0.00564519,0.00564519,0.00564519
6,354.124,0.74498,1.1154,1.48754,0,0,0,0,0,0,0,0.00529649,0.00529649,0.00529649
7,412.959,0.72026,1.06233,1.48489,0,0,0,0,0,0,0,0.00494779,0.00494779,0.00494779
8,471.75,0.73272,0.96076,1.47972,0,0,0,0,0,0,0,0.00459909,0.00459909,0.00459909
9,530.544,0.7032,0.91254,1.41451,0,0,0,0,0,0,0,0.00425039,0.00425039,0.00425039
10,589.279,0.69222,0.89987,1.41457,0,0,0,0,0,0,0,0.00390168,0.00390168,0.00390168
11,648.365,0.72277,0.79696,1.47791,0,0,0,0,0,0,0,0.00355298,0.00355298,0.00355298
12,707.043,0.68372,0.7104,1.43307,0,0,0,0,0,0,0,0.00320428,0.00320428,0.00320428
13,765.678,0.68333,0.70039,1.41531,0,0,0,0,0,0,0,0.00285558,0.00285558,0.00285558
14,824.344,0.63948,0.63752,1.36688,0,0,0,0,0,0,0,0.00250688,0.00250688,0.00250688
15,883.028,0.64409,0.62324,1.34787,0,0,0,0,0,0,0,0.00215818,0.00215818,0.00215818
16,941.689,0.63655,0.61817,1.37122,0,0,0,0,0,0,0,0.00180947,0.00180947,0.00180947
17,1000.34,0.58815,0.57926,1.32451,0,0,0,0,0,0,0,0.00146077,0.00146077,0.00146077
18,1059.01,0.58619,0.54306,1.3057,0,0,0,0,0,0,0,0.00111207,0.00111207,0.00111207
19,1117.65,0.57305,0.53974,1.27912,0,0,0,0,0,0,0,0.000763368,0.000763368,0.000763368
20,1178.36,0.58326,0.55333,1.29257,0.89231,0.84958,0.93704,0.69802,0.71162,0.60883,1.1965,0.000414667,0.000414667,0.000414667
1,60.1021,1.34863,2.76599,1.57062,0,0,0,0,0,0,0,0.0700599,0.00200964,0.00200964
2,119.242,1.18227,1.44534,1.40241,0,0,0,0,0,0,0,0.0398026,0.00382779,0.00382779
3,178.169,1.23293,1.48996,1.39487,0,0,0,0,0,0,0,0.00934553,0.00544616,0.00544616
4,236.975,1.29891,1.46623,1.44594,0,0,0,0,0,0,0,0.00535572,0.00535572,0.00535572
5,295.695,1.29007,1.35091,1.4398,0,0,0,0,0,0,0,0.00504429,0.00504429,0.00504429
6,354.438,1.32447,1.31853,1.45812,0,0,0,0,0,0,0,0.00473286,0.00473286,0.00473286
7,413.265,1.27928,1.23494,1.44454,0,0,0,0,0,0,0,0.00442144,0.00442144,0.00442144
8,472.012,1.27315,1.18519,1.42735,0,0,0,0,0,0,0,0.00411001,0.00411001,0.00411001
9,530.74,1.21386,1.14335,1.38089,0,0,0,0,0,0,0,0.00379858,0.00379858,0.00379858
10,589.414,1.18175,1.13895,1.37629,0,0,0,0,0,0,0,0.00348715,0.00348715,0.00348715
11,648.597,1.27607,1.0314,1.46627,0,0,0,0,0,0,0,0.00317573,0.00317573,0.00317573
12,707.313,1.1851,0.95874,1.42543,0,0,0,0,0,0,0,0.0028643,0.0028643,0.0028643
13,765.992,1.17629,0.9329,1.39965,0,0,0,0,0,0,0,0.00255287,0.00255287,0.00255287
14,824.648,1.12201,0.85259,1.37005,0,0,0,0,0,0,0,0.00224144,0.00224144,0.00224144
15,883.323,1.11871,0.83482,1.35462,0,0,0,0,0,0,0,0.00193002,0.00193002,0.00193002
16,941.986,1.09287,0.82118,1.34724,0,0,0,0,0,0,0,0.00161859,0.00161859,0.00161859
17,1000.69,1.02473,0.74026,1.30288,0,0,0,0,0,0,0,0.00130716,0.00130716,0.00130716
18,1059.42,0.98836,0.70935,1.25761,0,0,0,0,0,0,0,0.000995735,0.000995735,0.000995735
19,1118.15,0.97874,0.68553,1.23213,0,0,0,0,0,0,0,0.000684308,0.000684308,0.000684308
20,1178.82,0.98442,0.67321,1.25152,0.86959,0.86351,0.93168,0.68092,1.1346,0.68384,1.13564,0.000372881,0.000372881,0.000372881
1,59.7758,1.10456,1.99234,1.59492,0,0,0,0,0,0,0,0.0611677,0.00301285,0.00301285
2,118.596,1.06965,1.37564,1.54231,0,0,0,0,0,0,0,0.0218841,0.0057391,0.0057391
3,177.238,1.01036,1.37581,1.45931,0,0,0,0,0,0,0,0.00648816,0.00648816,0.00648816
4,235.969,1.03057,1.11467,1.43531,0,0,0,0,0,0,0,0.00613224,0.00613224,0.00613224
5,294.618,0.99467,1.01815,1.44283,0,0,0,0,0,0,0,0.00577632,0.00577632,0.00577632
6,353.278,1.00905,0.96876,1.46423,0,0,0,0,0,0,0,0.00542039,0.00542039,0.00542039
7,411.917,0.96506,0.89444,1.44792,0,0,0,0,0,0,0,0.00506447,0.00506447,0.00506447
8,470.582,0.95803,0.82965,1.42224,0,0,0,0,0,0,0,0.00470855,0.00470855,0.00470855
9,529.142,0.92391,0.81141,1.37548,0,0,0,0,0,0,0,0.00435263,0.00435263,0.00435263
10,587.77,0.89886,0.77921,1.36574,0,0,0,0,0,0,0,0.00399671,0.00399671,0.00399671
11,646.73,0.88358,0.62887,1.37405,0,0,0,0,0,0,0,0.00364079,0.00364079,0.00364079
12,705.365,0.87362,0.57539,1.35623,0,0,0,0,0,0,0,0.00328487,0.00328487,0.00328487
13,764.008,0.88348,0.59956,1.34512,0,0,0,0,0,0,0,0.00292895,0.00292895,0.00292895
14,822.625,0.80123,0.5264,1.28698,0,0,0,0,0,0,0,0.00257302,0.00257302,0.00257302
15,881.232,0.81639,0.53383,1.28839,0,0,0,0,0,0,0,0.0022171,0.0022171,0.0022171
16,939.822,0.80552,0.5091,1.28218,0,0,0,0,0,0,0,0.00186118,0.00186118,0.00186118
17,998.452,0.73923,0.47105,1.22896,0,0,0,0,0,0,0,0.00150526,0.00150526,0.00150526
18,1057.09,0.73164,0.45255,1.23054,0,0,0,0,0,0,0,0.00114934,0.00114934,0.00114934
19,1115.75,0.70867,0.42601,1.18934,0,0,0,0,0,0,0,0.000793418,0.000793418,0.000793418
20,1176.44,0.72595,0.43287,1.20381,0.89268,0.85794,0.92832,0.69437,0.9061,0.51445,1.1077,0.000437497,0.000437497,0.000437497
1,59.8798,1.10832,1.9049,1.56674,0,0,0,0,0,0,0,0.0646336,0.00260075,0.00260075
2,118.894,0.95959,1.08494,1.39014,0,0,0,0,0,0,0,0.0288702,0.00495395,0.00495395
3,177.738,1.04615,1.28491,1.44759,0,0,0,0,0,0,0,0.00617236,0.00617236,0.00617236
4,236.557,1.0116,1.1102,1.38956,0,0,0,0,0,0,0,0.00583354,0.00583354,0.00583354
5,295.352,0.98201,0.90599,1.37932,0,0,0,0,0,0,0,0.00549471,0.00549471,0.00549471
6,354.014,0.97304,0.87466,1.36411,0,0,0,0,0,0,0,0.00515589,0.00515589,0.00515589
7,412.718,0.94066,0.82066,1.33896,0,0,0,0,0,0,0,0.00481707,0.00481707,0.00481707
8,471.425,0.96419,0.82274,1.36866,0,0,0,0,0,0,0,0.00447825,0.00447825,0.00447825
9,530.106,0.89004,0.77645,1.30597,0,0,0,0,0,0,0,0.00413943,0.00413943,0.00413943
10,588.856,0.90572,0.73527,1.31034,0,0,0,0,0,0,0,0.00380061,0.00380061,0.00380061
11,647.8,0.8873,0.63716,1.31358,0,0,0,0,0,0,0,0.00346178,0.00346178,0.00346178
12,706.384,0.87268,0.61533,1.32047,0,0,0,0,0,0,0,0.00312296,0.00312296,0.00312296
13,765.053,0.88431,0.5793,1.29451,0,0,0,0,0,0,0,0.00278414,0.00278414,0.00278414
14,823.666,0.81411,0.53635,1.25662,0,0,0,0,0,0,0,0.00244532,0.00244532,0.00244532
15,882.386,0.81629,0.52931,1.24247,0,0,0,0,0,0,0,0.0021065,0.0021065,0.0021065
16,941.087,0.80682,0.5066,1.23025,0,0,0,0,0,0,0,0.00176768,0.00176768,0.00176768
17,999.744,0.74578,0.47282,1.19844,0,0,0,0,0,0,0,0.00142886,0.00142886,0.00142886
18,1058.52,0.73471,0.44385,1.18494,0,0,0,0,0,0,0,0.00109003,0.00109003,0.00109003
19,1117.19,0.71763,0.42389,1.1487,0,0,0,0,0,0,0,0.000751212,0.000751212,0.000751212
20,1177.86,0.72739,0.43146,1.15731,0.84554,0.88443,0.93663,0.68927,0.90099,0.49087,1.07548,0.000412391,0.000412391,0.000412391
1,60.0204,1.05989,1.9281,1.54572,0,0,0,0,0,0,0,0.0634634,0.00284322,0.00284322
2,119.14,1.0246,1.26087,1.46922,0,0,0,0,0,0,0,0.0265011,0.00541581,0.00541581
3,177.958,0.987,1.28259,1.41108,0,0,0,0,0,0,0,0.00650573,0.00650573,0.00650573
4,236.757,0.97493,1.19989,1.3987,0,0,0,0,0,0,0,0.00614859,0.00614859,0.00614859
5,295.502,0.96405,0.97201,1.41327,0,0,0,0,0,0,0,0.00579145,0.00579145,0.00579145
6,354.248,0.9723,0.95178,1.39404,0,0,0,0,0,0,0,0.00543431,0.00543431,0.00543431
7,413.022,0.93769,0.84551,1.39658,0,0,0,0,0,0,0,0.00507718,0.00507718,0.00507718
8,471.789,0.91888,0.80464,1.373,0,0,0,0,0,0,0,0.00472004,0.00472004,0.00472004
9,530.508,0.88327,0.76966,1.30492,0,0,0,0,0,0,0,0.0043629,0.0043629,0.0043629
10,589.261,0.87052,0.75758,1.31508,0,0,0,0,0,0,0,0.00400576,0.00400576,0.00400576
11,648.36,0.883,0.67112,1.34373,0,0,0,0,0,0,0,0.00364863,0.00364863,0.00364863
12,706.976,0.8471,0.6098,1.32544,0,0,0,0,0,0,0,0.00329149,0.00329149,0.00329149
13,765.709,0.85803,0.59962,1.32993,0,0,0,0,0,0,0,0.00293435,0.00293435,0.00293435
14,824.377,0.79293,0.54091,1.27849,0,0,0,0,0,0,0,0.00257722,0.00257722,0.00257722
15,883.058,0.79321,0.53643,1.25844,0,0,0,0,0,0,0,0.00222008,0.00222008,0.00222008
16,941.726,0.80298,0.52972,1.27647,0,0,0,0,0,0,0,0.00186294,0.00186294,0.00186294
17,1000.35,0.73733,0.47134,1.21595,0,0,0,0,0,0,0,0.0015058,0.0015058,0.0015058
18,1059,0.73065,0.46905,1.20702,0,0,0,0,0,0,0,0.00114867,0.00114867,0.00114867
19,1117.66,0.70762,0.44537,1.1732,0,0,0,0,0,0,0,0.000791529,0.000791529,0.000791529
20,1178.27,0.70491,0.43778,1.18421,0.83402,0.88022,0.91782,0.67761,0.90287,0.52608,1.08458,0.000434391,0.000434391,0.000434391
1,60.1234,1.2137,1.80364,1.34605,0,0,0,0,0,0,0,0.0684664,0.00201992,0.00201992
2,119.006,1.13807,1.09878,1.27398,0,0,0,0,0,0,0,0.0366085,0.00384761,0.00384761
3,177.834,1.05273,1.09342,1.19474,0,0,0,0,0,0,0,0.00542457,0.00542457,0.00542457
4,236.551,1.00687,1.02201,1.1735,0,0,0,0,0,0,0,0.00512685,0.00512685,0.00512685
5,295.199,1.01225,0.8466,1.18416,0,0,0,0,0,0,0,0.00482914,0.00482914,0.00482914
6,353.923,1.01762,0.86657,1.17171,0,0,0,0,0,0,0,0.00453142,0.00453142,0.00453142
7,412.597,0.97936,0.82563,1.16208,0,0,0,0,0,0,0,0.0042337,0.0042337,0.0042337
8,471.31,0.96437,0.73105,1.14523,0,0,0,0,0,0,0,0.00393599,0.00393599,0.00393599
9,529.974,0.92973,0.69462,1.11539,0,0,0,0,0,0,0,0.00363827,0.00363827,0.00363827
10,588.713,0.92839,0.68193,1.13004,0,0,0,0,0,0,0,0.00334056,0.00334056,0.00334056
11,647.777,0.92439,0.57678,1.13281,0,0,0,0,0,0,0,0.00304284,0.00304284,0.00304284
12,706.444,0.89496,0.53046,1.1213,0,0,0,0,0,0,0,0.00274512,0.00274512,0.00274512
13,765.145,0.89314,0.51951,1.09016,0,0,0,0,0,0,0,0.00244741,0.00244741,0.00244741
14,823.738,0.80615,0.48054,1.05055,0,0,0,0,0,0,0,0.00214969,0.00214969,0.00214969
15,882.29,0.81823,0.46457,1.04971,0,0,0,0,0,0,0,0.00185197,0.00185197,0.00185197
16,940.938,0.82077,0.45753,1.0539,0,0,0,0,0,0,0,0.00155426,0.00155426,0.00155426
17,999.623,0.7767,0.43588,1.02801,0,0,0,0,0,0,0,0.00125654,0.00125654,0.00125654
18,1058.32,0.76478,0.41206,1.02016,0,0,0,0,0,0,0,0.000958826,0.000958826,0.000958826
19,1117.02,0.75807,0.40583,1.00138,0,0,0,0,0,0,0,0.00066111,0.00066111,0.00066111
20,1177.81,0.77664,0.41758,1.00717,0.85637,0.89415,0.93875,0.70307,0.97352,0.463,0.92229,0.000363394,0.000363394,0.000363394
1,60.0503,1.33479,2.9594,1.46833,0,0,0,0,0,0,0,0.0715044,0.00203322,0.00203322
2,119.059,1.20609,1.65786,1.36961,0,0,0,0,0,0,0,0.0426949,0.0038728,0.0038728
3,177.853,1.12026,1.67182,1.27674,0,0,0,0,0,0,0,0.0136834,0.00551033,0.00551033
4,236.596,1.12938,1.45138,1.26107,0,0,0,0,0,0,0,0.00567116,0.00567116,0.00567116
5,295.237,1.10967,1.33351,1.27101,0,0,0,0,0,0,0,0.00534155,0.00534155,0.00534155
6,353.94,1.10181,1.20051,1.2536,0,0,0,0,0,0,0,0.00501193,0.00501193,0.00501193
7,412.551,1.09155,1.13379,1.26817,0,0,0,0,0,0,0,0.00468232,0.00468232,0.00468232
8,471.188,1.08344,1.13655,1.25977,0,0,0,0,0,0,0,0.00435271,0.00435271,0.00435271
9,529.937,1.04252,1.03169,1.19566,0,0,0,0,0,0,0,0.00402309,0.00402309,0.00402309
10,588.673,1.02896,1.01763,1.21373,0,0,0,0,0,0,0,0.00369348,0.00369348,0.00369348
11,647.79,1.0217,0.85767,1.22461,0,0,0,0,0,0,0,0.00336387,0.00336387,0.00336387
12,706.498,1.01552,0.8127,1.22482,0,0,0,0,0,0,0,0.00303425,0.00303425,0.00303425
13,765.051,1.0195,0.76562,1.20036,0,0,0,0,0,0,0,0.00270464,0.00270464,0.00270464
14,823.635,0.9272,0.72839,1.15366,0,0,0,0,0,0,0,0.00237503,0.00237503,0.00237503
15,882.251,0.95198,0.7134,1.16194,0,0,0,0,0,0,0,0.00204541,0.00204541,0.00204541
16,940.842,0.93861,0.69474,1.16389,0,0,0,0,0,0,0,0.0017158,0.0017158,0.0017158
17,999.524,0.88455,0.66686,1.14015,0,0,0,0,0,0,0,0.00138619,0.00138619,0.00138619
18,1058.12,0.8749,0.61264,1.12684,0,0,0,0,0,0,0,0.00105657,0.00105657,0.00105657
19,1116.78,0.85601,0.6017,1.09709,0,0,0,0,0,0,0,0.000726959,0.000726959,0.000726959
20,1177.4,0.88189,0.62419,1.11058,0.88467,0.85468,0.93539,0.68802,1.09309,0.70398,1.03345,0.000397346,0.000397346,0.000397346
1,60.0973,1.3343,3.27536,1.61323,0,0,0,0,0,0,0,0.0710762,0.00201406,0.00201406
2,119.131,1.13944,1.7569,1.43821,0,0,0,0,0,0,0,0.0418386,0.00383613,0.00383613
3,177.93,1.11633,1.77361,1.38549,0,0,0,0,0,0,0,0.0124006,0.00545789,0.00545789
4,236.626,1.11305,1.64418,1.36711,0,0,0,0,0,0,0,0.00554264,0.00554264,0.00554264
5,295.273,1.06904,1.31277,1.31547,0,0,0,0,0,0,0,0.00522019,0.00522019,0.00522019
6,353.9,1.06272,1.30054,1.33687,0,0,0,0,0,0,0,0.00489773,0.00489773,0.00489773
7,412.58,1.06062,1.24727,1.31269,0,0,0,0,0,0,0,0.00457528,0.00457528,0.00457528
8,471.254,1.07555,1.1653,1.36973,0,0,0,0,0,0,0,0.00425283,0.00425283,0.00425283
9,529.921,1.04092,1.08117,1.30843,0,0,0,0,0,0,0,0.00393037,0.00393037,0.00393037
10,588.672,1.01664,1.01845,1.30661,0,0,0,0,0,0,0,0.00360792,0.00360792,0.00360792
11,647.71,0.98371,0.86376,1.31111,0,0,0,0,0,0,0,0.00328547,0.00328547,0.00328547
12,706.364,0.96782,0.84442,1.29057,0,0,0,0,0,0,0,0.00296301,0.00296301,0.00296301
13,764.926,1.01259,0.83787,1.30957,0,0,0,0,0,0,0,0.00264056,0.00264056,0.00264056
14,823.48,0.91523,0.75888,1.2493,0,0,0,0,0,0,0,0.00231811,0.00231811,0.00231811
15,882.046,0.92697,0.75124,1.24234,0,0,0,0,0,0,0,0.00199565,0.00199565,0.00199565
16,940.719,0.9202,0.75341,1.24401,0,0,0,0,0,0,0,0.0016732,0.0016732,0.0016732
17,999.345,0.86594,0.69336,1.22131,0,0,0,0,0,0,0,0.00135075,0.00135075,0.00135075
18,1057.98,0.86042,0.67959,1.20731,0,0,0,0,0,0,0,0.00102829,0.00102829,0.00102829
19,1116.63,0.86371,0.67093,1.18103,0,0,0,0,0,0,0,0.00070584,0.00070584,0.00070584
20,1177.31,0.86795,0.68769,1.18994,0.8957,0.8273,0.93794,0.69051,1.0541,0.73715,1.09031,0.000383387,0.000383387,0.000383387
1,60.1819,1.31875,1.78846,1.69471,0,0,0,0,0,0,0,0.0731171,0.0020795,0.0020795
2,119.211,1.27264,1.13775,1.64904,0,0,0,0,0,0,0,0.0459225,0.00396124,0.00396124
3,178.174,1.14583,1.03136,1.51393,0,0,0,0,0,0,0,0.0185215,0.00563664,0.00563664
4,236.926,1.13285,1.0401,1.49726,0,0,0,0,0,0,0,0.00611549,0.00611549,0.00611549
5,295.516,1.11953,0.84441,1.51269,0,0,0,0,0,0,0,0.00576066,0.00576066,0.00576066
6,354.312,1.10871,0.83825,1.47614,0,0,0,0,0,0,0,0.00540582,0.00540582,0.00540582
7,412.939,1.0894,0.80043,1.48231,0,0,0,0,0,0,0,0.00505099,0.00505099,0.00505099
8,471.609,1.06945,0.76121,1.47142,0,0,0,0,0,0,0,0.00469615,0.00469615,0.00469615
9,530.302,1.023,0.69642,1.40164,0,0,0,0,0,0,0,0.00434132,0.00434132,0.00434132
10,588.995,1.02902,0.69957,1.43361,0,0,0,0,0,0,0,0.00398648,0.00398648,0.00398648
11,648.097,1.02585,0.61845,1.44333,0,0,0,0,0,0,0,0.00363164,0.00363164,0.00363164
12,706.703,0.98928,0.56316,1.41003,0,0,0,0,0,0,0,0.00327681,0.00327681,0.00327681
13,765.321,1.01138,0.55593,1.42513,0,0,0,0,0,0,0,0.00292197,0.00292197,0.00292197
14,824.045,0.92641,0.50755,1.36642,0,0,0,0,0,0,0,0.00256714,0.00256714,0.00256714
15,882.659,0.93334,0.48483,1.35475,0,0,0,0,0,0,0,0.0022123,0.0022123,0.0022123
16,941.222,0.92854,0.48096,1.35373,0,0,0,0,0,0,0,0.00185747,0.00185747,0.00185747
17,999.858,0.85739,0.46385,1.30573,0,0,0,0,0,0,0,0.00150263,0.00150263,0.00150263
18,1058.49,0.86219,0.43305,1.30538,0,0,0,0,0,0,0,0.00114779,0.00114779,0.00114779
19,1117.04,0.85453,0.43336,1.27874,0,0,0,0,0,0,0,0.000792959,0.000792959,0.000792959
20,1177.69,0.8481,0.4425,1.26906,0.87695,0.85515,0.941,0.69766,1.07428,0.48819,1.20155,0.000438124,0.000438124,0.000438124
1,60.0261,1.08632,2.03862,1.41307,0,0,0,0,0,0,0,0.0653871,0.00126282,0.00126282
2,119.011,0.971,1.09621,1.2834,0,0,0,0,0,0,0,0.0305129,0.00240555,0.00240555
3,177.815,0.94596,1.06353,1.2539,0,0,0,0,0,0,0,0.00317205,0.00317205,0.00317205
4,236.55,0.95036,1.00267,1.2267,0,0,0,0,0,0,0,0.00299807,0.00299807,0.00299807
5,295.397,0.93097,0.9006,1.21816,0,0,0,0,0,0,0,0.0028241,0.0028241,0.0028241
6,354.141,0.94367,0.95024,1.23593,0,0,0,0,0,0,0,0.00265012,0.00265012,0.00265012
7,412.762,0.90045,0.88908,1.22799,0,0,0,0,0,0,0,0.00247614,0.00247614,0.00247614
8,471.464,0.87412,0.84896,1.19091,0,0,0,0,0,0,0,0.00230217,0.00230217,0.00230217
9,530.162,0.86864,0.81226,1.17834,0,0,0,0,0,0,0,0.00212819,0.00212819,0.00212819
10,588.849,0.84693,0.77038,1.16281,0,0,0,0,0,0,0,0.00195422,0.00195422,0.00195422
11,647.902,0.8476,0.66681,1.16495,0,0,0,0,0,0,0,0.00178024,0.00178024,0.00178024
12,706.521,0.81391,0.63594,1.15327,0,0,0,0,0,0,0,0.00160626,0.00160626,0.00160626
13,765.164,0.8238,0.62322,1.15444,0,0,0,0,0,0,0,0.00143229,0.00143229,0.00143229
14,823.758,0.77107,0.5746,1.11595,0,0,0,0,0,0,0,0.00125831,0.00125831,0.00125831
15,882.419,0.77875,0.56434,1.1162,0,0,0,0,0,0,0,0.00108434,0.00108434,0.00108434
16,941.099,0.78479,0.56149,1.12769,0,0,0,0,0,0,0,0.00091036,0.00091036,0.00091036
17,999.71,0.72569,0.52331,1.08203,0,0,0,0,0,0,0,0.000736384,0.000736384,0.000736384
18,1058.33,0.72383,0.51677,1.0715,0,0,0,0,0,0,0,0.000562408,0.000562408,0.000562408
19,1116.95,0.70041,0.50067,1.0479,0,0,0,0,0,0,0,0.000388432,0.000388432,0.000388432
20,1177.56,0.71372,0.50157,1.05236,0.85652,0.83844,0.9173,0.66912,0.85297,0.54353,0.97037,0.000214456,0.000214456,0.000214456
1,60.1648,0.99875,1.92748,2.17417,0,0,0,0,0,0,0,0.0709375,0.00264782,0.00264782
2,119.21,0.85139,1.12652,1.93918,0,0,0,0,0,0,0,0.0414981,0.00504367,0.00504367
3,178.184,0.8366,1.09011,1.85078,0,0,0,0,0,0,0,0.0117958,0.00717662,0.00717662
4,236.966,0.83998,0.92208,1.8931,0,0,0,0,0,0,0,0.00711126,0.00711126,0.00711126
5,295.67,0.83702,0.75508,1.86127,0,0,0,0,0,0,0,0.00669835,0.00669835,0.00669835
6,354.45,0.83472,0.74346,1.81092,0,0,0,0,0,0,0,0.00628544,0.00628544,0.00628544
7,413.246,0.81558,0.70231,1.81769,0,0,0,0,0,0,0,0.00587253,0.00587253,0.00587253
8,472.068,0.79312,0.63472,1.78547,0,0,0,0,0,0,0,0.00545962,0.00545962,0.00545962
9,530.848,0.78202,0.58929,1.75626,0,0,0,0,0,0,0,0.00504671,0.00504671,0.00504671
10,589.656,0.75826,0.58193,1.70062,0,0,0,0,0,0,0,0.00463379,0.00463379,0.00463379
11,648.715,0.75399,0.49749,1.74349,0,0,0,0,0,0,0,0.00422088,0.00422088,0.00422088
12,707.353,0.72992,0.46333,1.72036,0,0,0,0,0,0,0,0.00380797,0.00380797,0.00380797
13,765.984,0.73661,0.45312,1.70865,0,0,0,0,0,0,0,0.00339506,0.00339506,0.00339506
14,824.524,0.65849,0.39269,1.61904,0,0,0,0,0,0,0,0.00298215,0.00298215,0.00298215
15,883.166,0.67937,0.40336,1.62655,0,0,0,0,0,0,0,0.00256924,0.00256924,0.00256924
16,941.866,0.6669,0.38222,1.6475,0,0,0,0,0,0,0,0.00215632,0.00215632,0.00215632
17,1000.58,0.63355,0.36926,1.58527,0,0,0,0,0,0,0,0.00174341,0.00174341,0.00174341
18,1059.33,0.62902,0.35641,1.58984,0,0,0,0,0,0,0,0.0013305,0.0013305,0.0013305
19,1117.97,0.61654,0.3574,1.55228,0,0,0,0,0,0,0,0.00091759,0.00091759,0.00091759
20,1178.65,0.61999,0.35483,1.55335,0.87495,0.85794,0.92633,0.68744,0.79553,0.39331,1.46567,0.000504678,0.000504678,0.000504678
1,59.925,1.07099,1.76673,1.56303,0,0,0,0,0,0,0,0.062808,0.002808,0.002808
2,118.944,1.01703,1.12746,1.49968,0,0,0,0,0,0,0,0.0251912,0.00534868,0.00534868
3,177.781,1.00084,1.2093,1.44288,0,0,0,0,0,0,0,0.00632544,0.00632544,0.00632544
4,236.512,0.98595,0.93688,1.43037,0,0,0,0,0,0,0,0.00597816,0.00597816,0.00597816
5,295.261,0.97307,0.89028,1.43381,0,0,0,0,0,0,0,0.00563088,0.00563088,0.00563088
6,354.044,0.98567,0.87161,1.44027,0,0,0,0,0,0,0,0.0052836,0.0052836,0.0052836
7,412.738,0.95172,0.81898,1.43741,0,0,0,0,0,0,0,0.00493632,0.00493632,0.00493632
8,471.533,0.9474,0.7507,1.41473,0,0,0,0,0,0,0,0.00458904,0.00458904,0.00458904
9,530.253,0.89191,0.71752,1.35242,0,0,0,0,0,0,0,0.00424176,0.00424176,0.00424176
10,589.01,0.8919,0.72424,1.37564,0,0,0,0,0,0,0,0.00389449,0.00389449,0.00389449
11,648.112,0.87122,0.58368,1.35782,0,0,0,0,0,0,0,0.00354721,0.00354721,0.00354721
12,706.866,0.82978,0.54633,1.33163,0,0,0,0,0,0,0,0.00319993,0.00319993,0.00319993
13,765.557,0.84245,0.53759,1.34024,0,0,0,0,0,0,0,0.00285265,0.00285265,0.00285265
14,824.277,0.77847,0.4931,1.29024,0,0,0,0,0,0,0,0.00250537,0.00250537,0.00250537
15,882.988,0.77851,0.47911,1.26369,0,0,0,0,0,0,0,0.00215809,0.00215809,0.00215809
16,941.686,0.77156,0.46418,1.27874,0,0,0,0,0,0,0,0.00181081,0.00181081,0.00181081
17,1000.28,0.71777,0.43315,1.23548,0,0,0,0,0,0,0,0.00146353,0.00146353,0.00146353
18,1058.91,0.71232,0.41145,1.22377,0,0,0,0,0,0,0,0.00111625,0.00111625,0.00111625
19,1117.49,0.69606,0.39852,1.19007,0,0,0,0,0,0,0,0.000768971,0.000768971,0.000768971
20,1178.23,0.70583,0.41003,1.21222,0.86787,0.87821,0.93814,0.6876,0.88561,0.46296,1.13513,0.000421691,0.000421691,0.000421691
1,59.725,1.10981,1.99433,2.05167,0,0,0,0,0,0,0,0.0496948,0.00467316,0.00467316
2,118.704,0.9893,1.40941,1.85984,0,0,0,0,0,0,0,0.00807886,0.00807886,0.00807886
3,177.594,0.9611,1.34553,1.79469,0,0,0,0,0,0,0,0.00765772,0.00765772,0.00765772
4,236.443,0.93661,1.00627,1.74884,0,0,0,0,0,0,0,0.00723658,0.00723658,0.00723658
5,295.257,0.91726,0.95595,1.74888,0,0,0,0,0,0,0,0.00681544,0.00681544,0.00681544
6,353.947,0.89671,0.84104,1.75692,0,0,0,0,0,0,0,0.0063943,0.0063943,0.0063943
7,412.655,0.85415,0.81369,1.701,0,0,0,0,0,0,0,0.00597315,0.00597315,0.00597315
8,471.458,0.84437,0.79524,1.66266,0,0,0,0,0,0,0,0.00555201,0.00555201,0.00555201
9,530.159,0.84743,0.7219,1.69152,0,0,0,0,0,0,0,0.00513087,0.00513087,0.00513087
10,588.88,0.82093,0.6672,1.63622,0,0,0,0,0,0,0,0.00470973,0.00470973,0.00470973
11,648.087,0.81516,0.59118,1.65145,0,0,0,0,0,0,0,0.00428859,0.00428859,0.00428859
12,706.846,0.79449,0.55234,1.63451,0,0,0,0,0,0,0,0.00386745,0.00386745,0.00386745
13,765.546,0.806,0.54757,1.63007,0,0,0,0,0,0,0,0.00344631,0.00344631,0.00344631
14,824.295,0.73975,0.50349,1.56905,0,0,0,0,0,0,0,0.00302517,0.00302517,0.00302517
15,883.03,0.75271,0.48974,1.56602,0,0,0,0,0,0,0,0.00260403,0.00260403,0.00260403
16,941.661,0.74839,0.47989,1.58156,0,0,0,0,0,0,0,0.00218288,0.00218288,0.00218288
17,1000.33,0.70317,0.45503,1.52853,0,0,0,0,0,0,0,0.00176174,0.00176174,0.00176174
18,1058.99,0.68462,0.43636,1.49984,0,0,0,0,0,0,0,0.0013406,0.0013406,0.0013406
19,1117.65,0.68467,0.4278,1.47997,0,0,0,0,0,0,0,0.000919462,0.000919462,0.000919462
20,1178.36,0.69867,0.4427,1.4879,0.88306,0.8663,0.94412,0.70052,0.88048,0.47599,1.38419,0.000498321,0.000498321,0.000498321
1,60.022,1.23533,1.85362,1.34445,0,0,0,0,0,0,0,0.0672541,0.00195358,0.00195358
2,119.049,1.07024,1.06944,1.1673,0,0,0,0,0,0,0,0.0341857,0.00372119,0.00372119
3,177.789,1.05052,1.1151,1.16582,0,0,0,0,0,0,0,0.005073,0.005073,0.005073
4,236.495,1.04421,0.9735,1.15308,0,0,0,0,0,0,0,0.0047945,0.0047945,0.0047945
5,295.157,1.01054,0.86062,1.12892,0,0,0,0,0,0,0,0.004516,0.004516,0.004516
6,353.927,1.00517,0.78664,1.09551,0,0,0,0,0,0,0,0.0042375,0.0042375,0.0042375
7,412.642,0.96205,0.75931,1.085,0,0,0,0,0,0,0,0.003959,0.003959,0.003959
8,471.375,0.97402,0.72983,1.09707,0,0,0,0,0,0,0,0.00368051,0.00368051,0.00368051
9,530.028,0.9274,0.694,1.10226,0,0,0,0,0,0,0,0.00340201,0.00340201,0.00340201
10,588.758,0.91024,0.66382,1.06338,0,0,0,0,0,0,0,0.00312351,0.00312351,0.00312351
11,647.942,0.92268,0.54216,1.07758,0,0,0,0,0,0,0,0.00284501,0.00284501,0.00284501
12,706.634,0.8841,0.52675,1.06597,0,0,0,0,0,0,0,0.00256651,0.00256651,0.00256651
13,765.388,0.90006,0.51591,1.06443,0,0,0,0,0,0,0,0.00228801,0.00228801,0.00228801
14,824.067,0.83919,0.48682,1.02872,0,0,0,0,0,0,0,0.00200951,0.00200951,0.00200951
15,882.793,0.82833,0.45596,1.0166,0,0,0,0,0,0,0,0.00173101,0.00173101,0.00173101
16,941.433,0.8429,0.45903,1.02783,0,0,0,0,0,0,0,0.00145251,0.00145251,0.00145251
17,1000.09,0.77991,0.43569,0.99516,0,0,0,0,0,0,0,0.00117401,0.00117401,0.00117401
18,1058.82,0.78343,0.41639,1.00199,0,0,0,0,0,0,0,0.000895513,0.000895513,0.000895513
19,1117.42,0.7703,0.40799,0.98188,0,0,0,0,0,0,0,0.000617014,0.000617014,0.000617014
20,1178.09,0.76621,0.40964,0.9737,0.9032,0.81894,0.92938,0.68964,0.97559,0.47366,0.90137,0.000338515,0.000338515,0.000338515
1,60.079,1.56874,2.62636,1.8405,0,0,0,0,0,0,0,0.0708915,0.00213385,0.00213385
2,119.102,1.38127,1.42886,1.62365,0,0,0,0,0,0,0,0.0414572,0.00406482,0.00406482
3,178.018,1.36904,1.52552,1.59194,0,0,0,0,0,0,0,0.0118112,0.0057841,0.0057841
4,236.809,1.39292,1.44918,1.61053,0,0,0,0,0,0,0,0.00581761,0.00581761,0.00581761
5,295.589,1.32154,1.28469,1.59134,0,0,0,0,0,0,0,0.00548015,0.00548015,0.00548015
6,354.362,1.3725,1.19524,1.58104,0,0,0,0,0,0,0,0.00514268,0.00514268,0.00514268
7,413.161,1.32094,1.08053,1.56593,0,0,0,0,0,0,0,0.00480522,0.00480522,0.00480522
8,471.872,1.27844,1.01125,1.5511,0,0,0,0,0,0,0,0.00446776,0.00446776,0.00446776
9,530.634,1.26593,1.0001,1.51941,0,0,0,0,0,0,0,0.00413029,0.00413029,0.00413029
10,589.362,1.2248,0.91984,1.46316,0,0,0,0,0,0,0,0.00379283,0.00379283,0.00379283
11,648.498,1.25191,0.8258,1.53281,0,0,0,0,0,0,0,0.00345537,0.00345537,0.00345537
12,707.234,1.21465,0.78616,1.53051,0,0,0,0,0,0,0,0.0031179,0.0031179,0.0031179
13,765.916,1.22222,0.744,1.48994,0,0,0,0,0,0,0,0.00278044,0.00278044,0.00278044
14,824.462,1.12283,0.68093,1.44627,0,0,0,0,0,0,0,0.00244297,0.00244297,0.00244297
15,883.128,1.11937,0.66284,1.43767,0,0,0,0,0,0,0,0.00210551,0.00210551,0.00210551
16,941.788,1.10992,0.63448,1.43105,0,0,0,0,0,0,0,0.00176805,0.00176805,0.00176805
17,1000.48,1.02962,0.57915,1.38318,0,0,0,0,0,0,0,0.00143058,0.00143058,0.00143058
18,1059.13,1.03158,0.58215,1.38023,0,0,0,0,0,0,0,0.00109312,0.00109312,0.00109312
19,1117.71,1.01361,0.55315,1.33779,0,0,0,0,0,0,0,0.000755658,0.000755658,0.000755658
20,1178.29,1.03479,0.57,1.36232,0.8828,0.86908,0.94015,0.69681,1.25047,0.61634,1.24111,0.000418194,0.000418194,0.000418194
1,59.8267,1.25926,1.93512,1.19102,0,0,0,0,0,0,0,0.0599435,0.00284892,0.00284892
2,118.844,1.15426,1.20813,1.11033,0,0,0,0,0,0,0,0.0194466,0.00542632,0.00542632
3,177.671,1.18733,1.39279,1.11498,0,0,0,0,0,0,0,0.00598233,0.00598233,0.00598233
4,236.435,1.20046,1.1194,1.12499,0,0,0,0,0,0,0,0.00565349,0.00565349,0.00565349
5,295.151,1.12977,0.94477,1.06366,0,0,0,0,0,0,0,0.00532466,0.00532466,0.00532466
6,353.897,1.11218,0.86339,1.06293,0,0,0,0,0,0,0,0.00499582,0.00499582,0.00499582
7,412.571,1.02886,0.80775,1.00739,0,0,0,0,0,0,0,0.00466698,0.00466698,0.00466698
8,471.297,1.06932,0.79508,1.04132,0,0,0,0,0,0,0,0.00433815,0.00433815,0.00433815
9,530.033,1.01031,0.75995,1.00384,0,0,0,0,0,0,0,0.00400931,0.00400931,0.00400931
10,588.847,1.00395,0.72903,1.01109,0,0,0,0,0,0,0,0.00368048,0.00368048,0.00368048
11,648.001,1.00126,0.62328,1.00769,0,0,0,0,0,0,0,0.00335164,0.00335164,0.00335164
12,706.707,0.94955,0.55698,0.99426,0,0,0,0,0,0,0,0.0030228,0.0030228,0.0030228
13,765.329,0.96409,0.56364,0.98688,0,0,0,0,0,0,0,0.00269397,0.00269397,0.00269397
14,823.963,0.89427,0.51094,0.95404,0,0,0,0,0,0,0,0.00236513,0.00236513,0.00236513
15,882.57,0.88929,0.50101,0.94927,0,0,0,0,0,0,0,0.0020363,0.0020363,0.0020363
16,941.204,0.88724,0.48399,0.94555,0,0,0,0,0,0,0,0.00170746,0.00170746,0.00170746
17,999.955,0.84157,0.45363,0.92693,0,0,0,0,0,0,0,0.00137862,0.00137862,0.00137862
18,1058.63,0.8227,0.43729,0.91194,0,0,0,0,0,0,0,0.00104979,0.00104979,0.00104979
19,1117.29,0.80283,0.42554,0.89563,0,0,0,0,0,0,0,0.000720951,0.000720951,0.000720951
20,1177.9,0.82503,0.44351,0.90192,0.89439,0.8492,0.92975,0.68995,1.02699,0.49245,0.81488,0.000392115,0.000392115,0.000392115
1,59.8937,1.09952,1.79023,1.56821,0,0,0,0,0,0,0,0.0637143,0.00315528,0.00315528
2,118.904,1.08488,1.34679,1.53822,0,0,0,0,0,0,0,0.0269729,0.00601022,0.00601022
3,177.772,1.03346,1.38733,1.46834,0,0,0,0,0,0,0,0.00720856,0.00720856,0.00720856
4,236.517,1.00461,1.07,1.42234,0,0,0,0,0,0,0,0.00681284,0.00681284,0.00681284
5,295.228,0.99755,0.9278,1.42816,0,0,0,0,0,0,0,0.00641712,0.00641712,0.00641712
6,354.031,0.9773,0.95427,1.42704,0,0,0,0,0,0,0,0.0060214,0.0060214,0.0060214
7,412.641,0.94416,0.87936,1.41128,0,0,0,0,0,0,0,0.00562568,0.00562568,0.00562568
8,471.416,0.94292,0.82991,1.39472,0,0,0,0,0,0,0,0.00522996,0.00522996,0.00522996
9,530.145,0.89202,0.78347,1.34357,0,0,0,0,0,0,0,0.00483424,0.00483424,0.00483424
10,588.907,0.88618,0.78395,1.34632,0,0,0,0,0,0,0,0.00443852,0.00443852,0.00443852
11,648.041,0.87389,0.65255,1.34347,0,0,0,0,0,0,0,0.0040428,0.0040428,0.0040428
12,706.716,0.85324,0.62695,1.33261,0,0,0,0,0,0,0,0.00364708,0.00364708,0.00364708
13,765.389,0.86621,0.58641,1.31209,0,0,0,0,0,0,0,0.00325136,0.00325136,0.00325136
14,824.061,0.77379,0.54441,1.26439,0,0,0,0,0,0,0,0.00285564,0.00285564,0.00285564
15,882.682,0.78907,0.53237,1.25724,0,0,0,0,0,0,0,0.00245992,0.00245992,0.00245992
16,941.294,0.79827,0.50365,1.26723,0,0,0,0,0,0,0,0.0020642,0.0020642,0.0020642
17,999.99,0.723,0.45078,1.21486,0,0,0,0,0,0,0,0.00166848,0.00166848,0.00166848
18,1058.69,0.72287,0.45006,1.2028,0,0,0,0,0,0,0,0.00127276,0.00127276,0.00127276
19,1117.39,0.6867,0.4289,1.16293,0,0,0,0,0,0,0,0.00087704,0.00087704,0.00087704
20,1178.11,0.69898,0.43099,1.1857,0.90853,0.88536,0.94341,0.695,0.87249,0.48836,1.07888,0.00048132,0.00048132,0.00048132
1,60.0984,1.12799,1.82914,1.35034,0,0,0,0,0,0,0,0.0684739,0.00189497,0.00189497
2,119.153,1.04408,1.11601,1.25315,0,0,0,0,0,0,0,0.036636,0.00360967,0.00360967
3,177.894,0.9464,1.10558,1.16215,0,0,0,0,0,0,0,0.00510936,0.00510936,0.00510936
4,236.65,0.92315,0.93455,1.14524,0,0,0,0,0,0,0,0.00482903,0.00482903,0.00482903
5,295.473,0.90538,0.88086,1.1514,0,0,0,0,0,0,0,0.00454871,0.00454871,0.00454871
6,354.229,0.93016,0.90126,1.16228,0,0,0,0,0,0,0,0.00426839,0.00426839,0.00426839
7,412.944,0.88072,0.78189,1.14804,0,0,0,0,0,0,0,0.00398807,0.00398807,0.00398807
8,471.74,0.8869,0.72694,1.13584,0,0,0,0,0,0,0,0.00370775,0.00370775,0.00370775
9,530.455,0.85148,0.70552,1.08251,0,0,0,0,0,0,0,0.00342742,0.00342742,0.00342742
10,589.255,0.85951,0.71154,1.10603,0,0,0,0,0,0,0,0.0031471,0.0031471,0.0031471
11,648.264,0.84462,0.59152,1.10307,0,0,0,0,0,0,0,0.00286678,0.00286678,0.00286678
12,706.882,0.82589,0.56226,1.0977,0,0,0,0,0,0,0,0.00258646,0.00258646,0.00258646
13,765.595,0.81651,0.55314,1.08565,0,0,0,0,0,0,0,0.00230614,0.00230614,0.00230614
14,824.193,0.7659,0.48811,1.05429,0,0,0,0,0,0,0,0.00202581,0.00202581,0.00202581
15,882.958,0.76607,0.49905,1.05214,0,0,0,0,0,0,0,0.00174549,0.00174549,0.00174549
16,941.625,0.78843,0.50153,1.07632,0,0,0,0,0,0,0,0.00146517,0.00146517,0.00146517
17,1000.35,0.72783,0.45766,1.03389,0,0,0,0,0,0,0,0.00118485,0.00118485,0.00118485
18,1059.04,0.72278,0.44094,1.02987,0,0,0,0,0,0,0,0.000904527,0.000904527,0.000904527
19,1117.66,0.72091,0.43589,1.00875,0,0,0,0,0,0,0,0.000624205,0.000624205,0.000624205
20,1178.39,0.72262,0.44849,1.01903,0.86444,0.87036,0.93328,0.68907,0.93841,0.50403,0.95699,0.000343883,0.000343883,0.000343883
1,59.9213,1.31163,2.51297,1.5129,0,0,0,0,0,0,0,0.0651636,0.00246167,0.00246167
2,118.895,1.26188,1.68661,1.4496,0,0,0,0,0,0,0,0.0299462,0.00468922,0.00468922
3,177.687,1.181,1.70009,1.36785,0,0,0,0,0,0,0,0.00594759,0.00594759,0.00594759
4,236.53,1.18019,1.49136,1.34443,0,0,0,0,0,0,0,0.00562138,0.00562138,0.00562138
5,295.241,1.16122,1.31431,1.33828,0,0,0,0,0,0,0,0.00529518,0.00529518,0.00529518
6,353.904,1.17285,1.24816,1.36846,0,0,0,0,0,0,0,0.00496897,0.00496897,0.00496897
7,412.57,1.1036,1.18762,1.34059,0,0,0,0,0,0,0,0.00464277,0.00464277,0.00464277
8,471.33,1.1121,1.13172,1.34342,0,0,0,0,0,0,0,0.00431656,0.00431656,0.00431656
9,530.088,1.06792,1.02305,1.27265,0,0,0,0,0,0,0,0.00399036,0.00399036,0.00399036
10,588.846,1.03734,1.02941,1.29421,0,0,0,0,0,0,0,0.00366415,0.00366415,0.00366415
11,647.945,1.06203,0.91498,1.31052,0,0,0,0,0,0,0,0.00333795,0.00333795,0.00333795
12,706.604,1.04915,0.84881,1.31147,0,0,0,0,0,0,0,0.00301174,0.00301174,0.00301174
13,765.177,1.0449,0.81303,1.2975,0,0,0,0,0,0,0,0.00268554,0.00268554,0.00268554
14,823.843,0.96842,0.77871,1.25189,0,0,0,0,0,0,0,0.00235933,0.00235933,0.00235933
15,882.502,0.99625,0.74732,1.24792,0,0,0,0,0,0,0,0.00203313,0.00203313,0.00203313
16,941.159,0.97338,0.72581,1.24531,0,0,0,0,0,0,0,0.00170692,0.00170692,0.00170692
17,999.847,0.91949,0.68761,1.21836,0,0,0,0,0,0,0,0.00138072,0.00138072,0.00138072
18,1058.48,0.90007,0.64136,1.19404,0,0,0,0,0,0,0,0.00105452,0.00105452,0.00105452
19,1117.1,0.87524,0.63078,1.16174,0,0,0,0,0,0,0,0.00072831,0.00072831,0.00072831
20,1177.67,0.89243,0.63466,1.16641,0.88271,0.88301,0.94004,0.69603,1.08456,0.68289,1.07691,0.000402105,0.000402105,0.000402105
1,60.0835,1.38745,2.49258,1.73604,0,0,0,0,0,0,0,0.0714609,0.0020265,0.0020265
2,119.174,1.2599,1.40902,1.57491,0,0,0,0,0,0,0,0.0426083,0.00385977,0.00385977
3,178.012,1.20064,1.41125,1.49878,0,0,0,0,0,0,0,0.013554,0.00549143,0.00549143
4,236.774,1.21741,1.32265,1.50279,0,0,0,0,0,0,0,0.00564451,0.00564451,0.00564451
5,295.474,1.24905,1.22066,1.53482,0,0,0,0,0,0,0,0.00531601,0.00531601,0.00531601
6,354.085,1.22256,1.09504,1.50848,0,0,0,0,0,0,0,0.00498752,0.00498752,0.00498752
7,412.841,1.17464,1.04005,1.50974,0,0,0,0,0,0,0,0.00465902,0.00465902,0.00465902
8,471.44,1.1378,0.97178,1.44249,0,0,0,0,0,0,0,0.00433052,0.00433052,0.00433052
9,529.967,1.15135,0.93392,1.46852,0,0,0,0,0,0,0,0.00400203,0.00400203,0.00400203
10,588.552,1.09266,0.89326,1.41019,0,0,0,0,0,0,0,0.00367353,0.00367353,0.00367353
11,647.548,1.09545,0.75507,1.43832,0,0,0,0,0,0,0,0.00334503,0.00334503,0.00334503
12,706.061,1.05752,0.72156,1.43073,0,0,0,0,0,0,0,0.00301654,0.00301654,0.00301654
13,764.648,1.07274,0.71483,1.42674,0,0,0,0,0,0,0,0.00268804,0.00268804,0.00268804
14,823.165,0.97718,0.64068,1.37088,0,0,0,0,0,0,0,0.00235954,0.00235954,0.00235954
15,881.647,0.99947,0.63017,1.35745,0,0,0,0,0,0,0,0.00203105,0.00203105,0.00203105
16,940.145,0.98812,0.61513,1.35315,0,0,0,0,0,0,0,0.00170255,0.00170255,0.00170255
17,998.643,0.91214,0.56132,1.31027,0,0,0,0,0,0,0,0.00137405,0.00137405,0.00137405
18,1057.22,0.90593,0.54073,1.29465,0,0,0,0,0,0,0,0.00104556,0.00104556,0.00104556
19,1115.76,0.88958,0.51363,1.27782,0,0,0,0,0,0,0,0.000717061,0.000717061,0.000717061
20,1176.28,0.90246,0.52247,1.2824,0.86751,0.8937,0.94361,0.70421,1.12735,0.58462,1.17735,0.000388564,0.000388564,0.000388564
1,59.8482,1.08541,2.01912,1.58389,0,0,0,0,0,0,0,0.0644323,0.00274305,0.00274305
2,118.826,1.03539,1.34973,1.49353,0,0,0,0,0,0,0,0.0284529,0.00522513,0.00522513
3,177.607,0.99054,1.33835,1.41768,0,0,0,0,0,0,0,0.00645203,0.00645203,0.00645203
4,236.34,0.99534,1.13345,1.4115,0,0,0,0,0,0,0,0.00609804,0.00609804,0.00609804
5,294.973,0.98708,1.13902,1.44081,0,0,0,0,0,0,0,0.00574405,0.00574405,0.00574405
6,353.56,0.98287,0.99182,1.43952,0,0,0,0,0,0,0,0.00539007,0.00539007,0.00539007
7,412.116,0.93503,0.86535,1.40578,0,0,0,0,0,0,0,0.00503608,0.00503608,0.00503608
8,470.588,0.9357,0.83448,1.38872,0,0,0,0,0,0,0,0.00468209,0.00468209,0.00468209
9,529.097,0.89482,0.79365,1.33179,0,0,0,0,0,0,0,0.00432811,0.00432811,0.00432811
10,587.62,0.89021,0.78517,1.35124,0,0,0,0,0,0,0,0.00397412,0.00397412,0.00397412
11,646.597,0.87427,0.66331,1.33865,0,0,0,0,0,0,0,0.00362013,0.00362013,0.00362013
12,705.129,0.85813,0.62663,1.3282,0,0,0,0,0,0,0,0.00326614,0.00326614,0.00326614
13,763.682,0.87111,0.62304,1.33526,0,0,0,0,0,0,0,0.00291216,0.00291216,0.00291216
14,822.176,0.78563,0.53784,1.29023,0,0,0,0,0,0,0,0.00255817,0.00255817,0.00255817
15,880.685,0.80301,0.52311,1.28457,0,0,0,0,0,0,0,0.00220418,0.00220418,0.00220418
16,939.213,0.77833,0.51974,1.26693,0,0,0,0,0,0,0,0.0018502,0.0018502,0.0018502
17,997.705,0.7264,0.47445,1.2276,0,0,0,0,0,0,0,0.00149621,0.00149621,0.00149621
18,1056.2,0.70525,0.45609,1.20708,0,0,0,0,0,0,0,0.00114222,0.00114222,0.00114222
19,1114.71,0.70946,0.44751,1.1912,0,0,0,0,0,0,0,0.000788237,0.000788237,0.000788237
20,1175.25,0.71514,0.45228,1.19477,0.88452,0.89972,0.94187,0.69058,0.89949,0.50174,1.11306,0.00043425,0.00043425,0.00043425
1,59.7505,1.03038,1.93751,1.92495,0,0,0,0,0,0,0,0.0619819,0.00294968,0.00294968
2,118.618,1.04761,1.28305,1.91044,0,0,0,0,0,0,0,0.0235213,0.0056181,0.0056181
3,177.312,1.18824,1.49419,2.05299,0,0,0,0,0,0,0,0.00648652,0.00648652,0.00648652
4,235.972,1.23216,1.38606,2.13096,0,0,0,0,0,0,0,0.00612978,0.00612978,0.00612978
5,294.659,1.27605,1.48407,2.1462,0,0,0,0,0,0,0,0.00577305,0.00577305,0.00577305
6,353.328,1.25635,1.42123,2.12572,0,0,0,0,0,0,0,0.00541631,0.00541631,0.00541631
7,412.04,1.24242,1.39256,2.12138,0,0,0,0,0,0,0,0.00505957,0.00505957,0.00505957
8,470.708,1.21518,1.40777,2.09299,0,0,0,0,0,0,0,0.00470283,0.00470283,0.00470283
9,529.342,1.18212,1.30947,2.04555,0,0,0,0,0,0,0,0.00434609,0.00434609,0.00434609
10,588.068,1.16615,1.25963,2.03073,0,0,0,0,0,0,0,0.00398935,0.00398935,0.00398935
11,647.1,1.13553,1.15651,2.04538,0,0,0,0,0,0,0,0.00363262,0.00363262,0.00363262
12,705.806,1.1,1.04319,2.01398,0,0,0,0,0,0,0,0.00327588,0.00327588,0.00327588
13,764.419,1.10313,1.03782,1.98124,0,0,0,0,0,0,0,0.00291914,0.00291914,0.00291914
14,822.974,1.02306,0.94891,1.92631,0,0,0,0,0,0,0,0.0025624,0.0025624,0.0025624
15,881.583,0.9971,0.94805,1.90147,0,0,0,0,0,0,0,0.00220566,0.00220566,0.00220566
16,940.188,1.01961,0.91377,1.90301,0,0,0,0,0,0,0,0.00184892,0.00184892,0.00184892
17,998.723,0.94824,0.82732,1.83819,0,0,0,0,0,0,0,0.00149219,0.00149219,0.00149219
18,1057.35,0.92254,0.79994,1.81837,0,0,0,0,0,0,0,0.00113545,0.00113545,0.00113545
19,1116.01,0.90573,0.76923,1.79064,0,0,0,0,0,0,0,0.000778709,0.000778709,0.000778709
20,1176.68,0.88759,0.76385,1.76117,0.84189,0.68226,0.80165,0.53508,1.06476,0.92703,1.57374,0.00042197,0.00042197,0.00042197
1,60.1519,1.41099,1.95653,1.54456,0,0,0,0,0,0,0,0.0732969,0.00206249,0.00206249
2,119.164,1.23768,1.05806,1.3645,0,0,0,0,0,0,0,0.0462841,0.00392848,0.00392848
3,177.992,1.2031,1.03376,1.30527,0,0,0,0,0,0,0,0.0190662,0.00558944,0.00558944
4,236.667,1.25822,1.13401,1.33529,0,0,0,0,0,0,0,0.00610506,0.00610506,0.00610506
5,295.284,1.21877,0.89832,1.34215,0,0,0,0,0,0,0,0.00575008,0.00575008,0.00575008
6,353.95,1.28004,0.86162,1.34715,0,0,0,0,0,0,0,0.0053951,0.0053951,0.0053951
7,412.575,1.21883,0.81207,1.33066,0,0,0,0,0,0,0,0.00504012,0.00504012,0.00504012
8,471.23,1.23282,0.82224,1.35357,0,0,0,0,0,0,0,0.00468514,0.00468514,0.00468514
9,529.83,1.21381,0.7787,1.35307,0,0,0,0,0,0,0,0.00433016,0.00433016,0.00433016
10,588.405,1.14907,0.72863,1.29624,0,0,0,0,0,0,0,0.00397518,0.00397518,0.00397518
11,647.44,1.16097,0.63589,1.31545,0,0,0,0,0,0,0,0.0036202,0.0036202,0.0036202
12,706.081,1.1098,0.58724,1.30637,0,0,0,0,0,0,0,0.00326523,0.00326523,0.00326523
13,764.691,1.10221,0.56189,1.27593,0,0,0,0,0,0,0,0.00291025,0.00291025,0.00291025
14,823.275,1.02392,0.52932,1.24406,0,0,0,0,0,0,0,0.00255527,0.00255527,0.00255527
15,881.887,1.04454,0.49837,1.23695,0,0,0,0,0,0,0,0.00220029,0.00220029,0.00220029
16,940.48,1.01818,0.48059,1.22857,0,0,0,0,0,0,0,0.00184531,0.00184531,0.00184531
17,999.118,0.95041,0.44614,1.17619,0,0,0,0,0,0,0,0.00149033,0.00149033,0.00149033
18,1057.8,0.93598,0.44024,1.17704,0,0,0,0,0,0,0,0.00113535,0.00113535,0.00113535
19,1116.43,0.91605,0.41698,1.14203,0,0,0,0,0,0,0,0.000780368,0.000780368,0.000780368
20,1177.03,0.92016,0.42542,1.1402,0.87671,0.83287,0.92283,0.68528,1.11415,0.47752,1.04579,0.000425389,0.000425389,0.000425389
1,59.9161,1.13936,2.30156,1.63733,0,0,0,0,0,0,0,0.0665778,0.00185561,0.00185561
2,118.864,0.97363,1.25377,1.46174,0,0,0,0,0,0,0,0.0328404,0.00353485,0.00353485
3,177.664,0.92056,1.2029,1.36598,0,0,0,0,0,0,0,0.00474037,0.00474037,0.00474037
4,236.418,0.9403,1.06763,1.38852,0,0,0,0,0,0,0,0.00448055,0.00448055,0.00448055
5,295.154,0.90607,0.8936,1.3617,0,0,0,0,0,0,0,0.00422074,0.00422074,0.00422074
6,353.828,0.88751,0.79433,1.33245,0,0,0,0,0,0,0,0.00396092,0.00396092,0.00396092
7,412.556,0.89609,0.83556,1.35855,0,0,0,0,0,0,0,0.00370111,0.00370111,0.00370111
8,471.265,0.87697,0.81803,1.34139,0,0,0,0,0,0,0,0.00344129,0.00344129,0.00344129
9,529.977,0.84598,0.70094,1.33514,0,0,0,0,0,0,0,0.00318148,0.00318148,0.00318148
10,588.761,0.85134,0.70491,1.29956,0,0,0,0,0,0,0,0.00292166,0.00292166,0.00292166
11,647.828,0.83941,0.62263,1.32311,0,0,0,0,0,0,0,0.00266185,0.00266185,0.00266185
12,706.505,0.82696,0.57518,1.31008,0,0,0,0,0,0,0,0.00240203,0.00240203,0.00240203
13,765.131,0.82788,0.57128,1.30829,0,0,0,0,0,0,0,0.00214222,0.00214222,0.00214222
14,823.79,0.76588,0.51855,1.25297,0,0,0,0,0,0,0,0.0018824,0.0018824,0.0018824
15,882.511,0.77003,0.50452,1.25479,0,0,0,0,0,0,0,0.00162259,0.00162259,0.00162259
16,941.187,0.79801,0.51296,1.28359,0,0,0,0,0,0,0,0.00136277,0.00136277,0.00136277
17,999.897,0.72963,0.47505,1.23349,0,0,0,0,0,0,0,0.00110296,0.00110296,0.00110296
18,1058.58,0.73682,0.46824,1.22624,0,0,0,0,0,0,0,0.000843144,0.000843144,0.000843144
19,1117.31,0.71819,0.46536,1.19609,0,0,0,0,0,0,0,0.000583329,0.000583329,0.000583329
20,1178.04,0.72913,0.4785,1.20994,0.89644,0.84396,0.93666,0.69282,0.9062,0.48852,1.11074,0.000323514,0.000323514,0.000323514
1,59.9538,1.07947,1.97659,1.52579,0,0,0,0,0,0,0,0.062047,0.00288302,0.00288302
2,118.871,1.0307,1.32418,1.44822,0,0,0,0,0,0,0,0.0236588,0.00549161,0.00549161
3,177.703,0.96314,1.42032,1.35555,0,0,0,0,0,0,0,0.00636153,0.00636153,0.00636153
4,236.486,0.96422,1.10922,1.35519,0,0,0,0,0,0,0,0.00601229,0.00601229,0.00601229
5,295.262,0.96801,0.94476,1.38797,0,0,0,0,0,0,0,0.00566305,0.00566305,0.00566305
6,354.024,0.97456,0.91871,1.36721,0,0,0,0,0,0,0,0.00531381,0.00531381,0.00531381
7,412.755,0.92606,0.88696,1.35662,0,0,0,0,0,0,0,0.00496458,0.00496458,0.00496458
8,471.462,0.90967,0.81054,1.31939,0,0,0,0,0,0,0,0.00461534,0.00461534,0.00461534
9,530.17,0.87929,0.80339,1.27727,0,0,0,0,0,0,0,0.0042661,0.0042661,0.0042661
10,588.935,0.8783,0.77973,1.30649,0,0,0,0,0,0,0,0.00391687,0.00391687,0.00391687
11,648.085,0.87223,0.64297,1.31914,0,0,0,0,0,0,0,0.00356763,0.00356763,0.00356763
12,706.804,0.82472,0.58638,1.27987,0,0,0,0,0,0,0,0.00321839,0.00321839,0.00321839
13,765.503,0.85485,0.60027,1.29072,0,0,0,0,0,0,0,0.00286916,0.00286916,0.00286916
14,824.201,0.78236,0.54992,1.23117,0,0,0,0,0,0,0,0.00251992,0.00251992,0.00251992
15,882.891,0.78434,0.52478,1.23076,0,0,0,0,0,0,0,0.00217068,0.00217068,0.00217068
16,941.584,0.76602,0.50354,1.21266,0,0,0,0,0,0,0,0.00182144,0.00182144,0.00182144
17,1000.3,0.72109,0.45879,1.18245,0,0,0,0,0,0,0,0.00147221,0.00147221,0.00147221
18,1058.93,0.71594,0.44678,1.17312,0,0,0,0,0,0,0,0.00112297,0.00112297,0.00112297
19,1117.64,0.69291,0.43949,1.13569,0,0,0,0,0,0,0,0.000773734,0.000773734,0.000773734
20,1178.39,0.70917,0.45456,1.16456,0.87296,0.84218,0.93403,0.68239,0.88528,0.53639,1.07153,0.000424497,0.000424497,0.000424497
1,59.8392,1.08913,1.91642,1.58344,0,0,0,0,0,0,0,0.0595969,0.00346563,0.00346563
2,118.817,1.04964,1.48079,1.48997,0,0,0,0,0,0,0,0.0186914,0.00660161,0.00660161
3,177.499,1.01961,1.56541,1.44893,0,0,0,0,0,0,0,0.007119,0.007119,0.007119
4,236.199,0.98524,1.14228,1.40485,0,0,0,0,0,0,0,0.0067285,0.0067285,0.0067285
5,294.891,0.96528,1.12929,1.38432,0,0,0,0,0,0,0,0.006338,0.006338,0.006338
6,353.545,0.97528,1.06514,1.42684,0,0,0,0,0,0,0,0.0059475,0.0059475,0.0059475
7,412.208,0.93654,1.00677,1.4027,0,0,0,0,0,0,0,0.00555699,0.00555699,0.00555699
8,470.905,0.8923,0.93634,1.35417,0,0,0,0,0,0,0,0.00516649,0.00516649,0.00516649
9,529.647,0.94724,0.9,1.39196,0,0,0,0,0,0,0,0.00477599,0.00477599,0.00477599
10,588.403,0.87802,0.8468,1.33625,0,0,0,0,0,0,0,0.00438549,0.00438549,0.00438549
11,647.484,0.85165,0.69781,1.33467,0,0,0,0,0,0,0,0.00399499,0.00399499,0.00399499
12,706.219,0.84802,0.67248,1.33269,0,0,0,0,0,0,0,0.00360449,0.00360449,0.00360449
13,764.93,0.86809,0.67226,1.33866,0,0,0,0,0,0,0,0.00321399,0.00321399,0.00321399
14,823.618,0.7755,0.60271,1.26433,0,0,0,0,0,0,0,0.00282349,0.00282349,0.00282349
15,882.328,0.79715,0.59468,1.27178,0,0,0,0,0,0,0,0.00243299,0.00243299,0.00243299
16,940.986,0.78916,0.58485,1.26643,0,0,0,0,0,0,0,0.00204249,0.00204249,0.00204249
17,999.651,0.73217,0.52891,1.21894,0,0,0,0,0,0,0,0.00165198,0.00165198,0.00165198
18,1058.36,0.71777,0.50107,1.20417,0,0,0,0,0,0,0,0.00126148,0.00126148,0.00126148
19,1116.94,0.70225,0.48753,1.17828,0,0,0,0,0,0,0,0.000870983,0.000870983,0.000870983
20,1177.59,0.72273,0.50022,1.19905,0.85099,0.86908,0.92477,0.68707,0.85575,0.58006,1.07099,0.000480482,0.000480482,0.000480482
1,59.8718,1.46124,2.1925,1.59189,0,0,0,0,0,0,0,0.0633988,0.00283975,0.00283975
2,118.873,1.44683,1.64041,1.54235,0,0,0,0,0,0,0,0.0263726,0.00540991,0.00540991
3,177.751,1.32436,1.53747,1.4584,0,0,0,0,0,0,0,0.00648952,0.00648952,0.00648952
4,236.408,1.28169,1.34355,1.41946,0,0,0,0,0,0,0,0.00613428,0.00613428,0.00613428
5,295.116,1.26722,1.1578,1.43472,0,0,0,0,0,0,0,0.00577904,0.00577904,0.00577904
6,353.754,1.29495,1.156,1.43612,0,0,0,0,0,0,0,0.0054238,0.0054238,0.0054238
7,412.486,1.21157,1.08205,1.40645,0,0,0,0,0,0,0,0.00506856,0.00506856,0.00506856
8,471.165,1.19998,1.01325,1.38911,0,0,0,0,0,0,0,0.00471331,0.00471331,0.00471331
9,529.89,1.12778,0.90655,1.31135,0,0,0,0,0,0,0,0.00435807,0.00435807,0.00435807
10,588.586,1.13077,0.91421,1.32784,0,0,0,0,0,0,0,0.00400283,0.00400283,0.00400283
11,647.696,1.09237,0.70729,1.29897,0,0,0,0,0,0,0,0.00364759,0.00364759,0.00364759
12,706.383,1.02271,0.64764,1.26335,0,0,0,0,0,0,0,0.00329235,0.00329235,0.00329235
13,765.032,1.05328,0.65134,1.27603,0,0,0,0,0,0,0,0.00293711,0.00293711,0.00293711
14,823.636,0.97101,0.62364,1.22558,0,0,0,0,0,0,0,0.00258187,0.00258187,0.00258187
15,882.169,0.95238,0.56248,1.20269,0,0,0,0,0,0,0,0.00222663,0.00222663,0.00222663
16,940.834,0.96367,0.5593,1.22246,0,0,0,0,0,0,0,0.00187139,0.00187139,0.00187139
17,999.438,0.89678,0.5247,1.1719,0,0,0,0,0,0,0,0.00151615,0.00151615,0.00151615
18,1058.12,0.89075,0.4875,1.17257,0,0,0,0,0,0,0,0.00116091,0.00116091,0.00116091
19,1116.75,0.87159,0.48761,1.15646,0,0,0,0,0,0,0,0.000805666,0.000805666,0.000805666
20,1177.43,0.85417,0.48369,1.13454,0.88779,0.88153,0.93023,0.68932,1.19513,0.64483,1.08986,0.000450425,0.000450425,0.000450425
1,59.9343,1.21752,1.74141,2.0313,0,0,0,0,0,0,0,0.0623301,0.00290518,0.00290518
2,118.938,1.28824,1.31882,2.04619,0,0,0,0,0,0,0,0.0242248,0.00553471,0.00553471
3,177.78,1.24325,1.35884,1.97523,0,0,0,0,0,0,0,0.00645385,0.00645385,0.00645385
4,236.494,1.24012,1.13592,1.96875,0,0,0,0,0,0,0,0.00610078,0.00610078,0.00610078
5,295.24,1.19136,1.11798,1.95745,0,0,0,0,0,0,0,0.0057477,0.0057477,0.0057477
6,353.95,1.19274,1.11298,1.96248,0,0,0,0,0,0,0,0.00539463,0.00539463,0.00539463
7,412.707,1.13913,1.01575,1.94128,0,0,0,0,0,0,0,0.00504156,0.00504156,0.00504156
8,471.464,1.12559,0.96103,1.90884,0,0,0,0,0,0,0,0.00468848,0.00468848,0.00468848
9,530.186,1.07823,0.88266,1.81472,0,0,0,0,0,0,0,0.00433541,0.00433541,0.00433541
10,588.891,1.05912,0.90161,1.83331,0,0,0,0,0,0,0,0.00398233,0.00398233,0.00398233
11,647.965,1.08879,0.8067,1.88642,0,0,0,0,0,0,0,0.00362926,0.00362926,0.00362926
12,706.554,1.04584,0.72936,1.83902,0,0,0,0,0,0,0,0.00327619,0.00327619,0.00327619
13,765.143,1.0324,0.69491,1.82055,0,0,0,0,0,0,0,0.00292311,0.00292311,0.00292311
14,823.702,0.97449,0.66535,1.75948,0,0,0,0,0,0,0,0.00257004,0.00257004,0.00257004
15,882.26,0.99619,0.66134,1.79213,0,0,0,0,0,0,0,0.00221697,0.00221697,0.00221697
16,940.9,0.97267,0.62078,1.75211,0,0,0,0,0,0,0,0.00186389,0.00186389,0.00186389
17,999.485,0.87752,0.57963,1.66546,0,0,0,0,0,0,0,0.00151082,0.00151082,0.00151082
18,1058.14,0.87,0.54241,1.64065,0,0,0,0,0,0,0,0.00115774,0.00115774,0.00115774
19,1116.71,0.85087,0.53007,1.61519,0,0,0,0,0,0,0,0.000804669,0.000804669,0.000804669
20,1177.27,0.85265,0.53678,1.61144,0.8795,0.81058,0.91174,0.66871,1.01725,0.57024,1.4646,0.000451596,0.000451596,0.000451596
1,59.9681,1.21653,1.75471,1.4646,0,0,0,0,0,0,0,0.0683474,0.00194532,0.00194532
2,118.987,1.14275,1.05917,1.38379,0,0,0,0,0,0,0,0.0363773,0.00370532,0.00370532
3,177.739,1.05512,1.12323,1.30243,0,0,0,0,0,0,0,0.00521676,0.00521676,0.00521676
4,236.441,1.02228,0.92258,1.27456,0,0,0,0,0,0,0,0.00493014,0.00493014,0.00493014
5,295.136,0.98501,0.85849,1.25975,0,0,0,0,0,0,0,0.00464352,0.00464352,0.00464352
6,353.846,1.00105,0.82915,1.27791,0,0,0,0,0,0,0,0.0043569,0.0043569,0.0043569
7,412.549,0.96918,0.77918,1.25352,0,0,0,0,0,0,0,0.00407028,0.00407028,0.00407028
8,471.263,0.9743,0.7338,1.26269,0,0,0,0,0,0,0,0.00378366,0.00378366,0.00378366
9,529.974,0.92617,0.6936,1.18718,0,0,0,0,0,0,0,0.00349704,0.00349704,0.00349704
10,588.649,0.92764,0.68659,1.20473,0,0,0,0,0,0,0,0.00321042,0.00321042,0.00321042
11,647.769,0.90043,0.56112,1.20177,0,0,0,0,0,0,0,0.00292381,0.00292381,0.00292381
12,706.443,0.8739,0.51933,1.18443,0,0,0,0,0,0,0,0.00263719,0.00263719,0.00263719
13,765.194,0.89528,0.5073,1.184,0,0,0,0,0,0,0,0.00235057,0.00235057,0.00235057
14,823.884,0.81376,0.47174,1.13704,0,0,0,0,0,0,0,0.00206395,0.00206395,0.00206395
15,882.587,0.82261,0.46474,1.13905,0,0,0,0,0,0,0,0.00177733,0.00177733,0.00177733
16,941.232,0.82096,0.45729,1.14301,0,0,0,0,0,0,0,0.00149071,0.00149071,0.00149071
17,999.896,0.76627,0.42633,1.12943,0,0,0,0,0,0,0,0.00120409,0.00120409,0.00120409
18,1058.59,0.75953,0.40463,1.09763,0,0,0,0,0,0,0,0.000917469,0.000917469,0.000917469
19,1117.27,0.73396,0.40086,1.08024,0,0,0,0,0,0,0,0.000630849,0.000630849,0.000630849
20,1177.98,0.75405,0.41672,1.08411,0.88878,0.86351,0.92963,0.6818,1.00414,0.47831,1.02435,0.00034423,0.00034423,0.00034423
1,59.8822,1.05366,2.02516,1.53778,0,0,0,0,0,0,0,0.0633213,0.0031332,0.0031332
2,118.881,0.99458,1.37324,1.47202,0,0,0,0,0,0,0,0.0261876,0.00596815,0.00596815
3,177.715,0.96034,1.29937,1.40492,0,0,0,0,0,0,0,0.00709142,0.00709142,0.00709142
4,236.464,0.96644,1.05615,1.39069,0,0,0,0,0,0,0,0.00670213,0.00670213,0.00670213
5,295.187,0.94895,0.98811,1.39902,0,0,0,0,0,0,0,0.00631284,0.00631284,0.00631284
6,353.907,0.94541,0.96322,1.37641,0,0,0,0,0,0,0,0.00592355,0.00592355,0.00592355
7,412.504,0.93823,0.87925,1.37534,0,0,0,0,0,0,0,0.00553426,0.00553426,0.00553426
8,471.09,0.91377,0.83034,1.36561,0,0,0,0,0,0,0,0.00514497,0.00514497,0.00514497
9,529.753,0.85825,0.77721,1.29652,0,0,0,0,0,0,0,0.00475568,0.00475568,0.00475568
10,588.397,0.87515,0.78593,1.33389,0,0,0,0,0,0,0,0.00436639,0.00436639,0.00436639
11,647.41,0.86234,0.6638,1.31656,0,0,0,0,0,0,0,0.0039771,0.0039771,0.0039771
12,706.079,0.8356,0.62919,1.31579,0,0,0,0,0,0,0,0.00358781,0.00358781,0.00358781
13,764.7,0.85734,0.61579,1.32268,0,0,0,0,0,0,0,0.00319853,0.00319853,0.00319853
14,823.339,0.77498,0.55782,1.25874,0,0,0,0,0,0,0,0.00280924,0.00280924,0.00280924
15,881.993,0.78081,0.53743,1.26404,0,0,0,0,0,0,0,0.00241995,0.00241995,0.00241995
16,940.643,0.77965,0.52945,1.27719,0,0,0,0,0,0,0,0.00203066,0.00203066,0.00203066
17,999.308,0.70364,0.47333,1.20332,0,0,0,0,0,0,0,0.00164137,0.00164137,0.00164137
18,1057.98,0.71056,0.46036,1.21606,0,0,0,0,0,0,0,0.00125208,0.00125208,0.00125208
19,1116.69,0.68899,0.44052,1.16325,0,0,0,0,0,0,0,0.000862788,0.000862788,0.000862788
20,1177.27,0.71638,0.45007,1.19475,0.89531,0.85756,0.93318,0.6905,0.85995,0.50979,1.0865,0.000473499,0.000473499,0.000473499
1,59.9262,1.03329,1.781,1.27639,0,0,0,0,0,0,0,0.063379,0.00282003,0.00282003
2,118.855,1.04592,1.27359,1.24146,0,0,0,0,0,0,0,0.0263342,0.00537147,0.00537147
3,177.58,1.01358,1.32467,1.21491,0,0,0,0,0,0,0,0.00644224,0.00644224,0.00644224
4,236.282,0.96785,1.08648,1.20057,0,0,0,0,0,0,0,0.00608835,0.00608835,0.00608835
5,294.965,0.96075,0.90552,1.1626,0,0,0,0,0,0,0,0.00573447,0.00573447,0.00573447
6,353.708,0.93037,0.92164,1.15024,0,0,0,0,0,0,0,0.00538059,0.00538059,0.00538059
7,412.462,0.89468,0.88621,1.14779,0,0,0,0,0,0,0,0.00502671,0.00502671,0.00502671
8,471.178,0.90086,0.86385,1.13159,0,0,0,0,0,0,0,0.00467283,0.00467283,0.00467283
9,529.919,0.8878,0.80475,1.1145,0,0,0,0,0,0,0,0.00431894,0.00431894,0.00431894
10,588.638,0.87589,0.79647,1.13209,0,0,0,0,0,0,0,0.00396506,0.00396506,0.00396506
11,647.774,0.85351,0.64322,1.10763,0,0,0,0,0,0,0,0.00361118,0.00361118,0.00361118
12,706.495,0.80683,0.63765,1.08389,0,0,0,0,0,0,0,0.0032573,0.0032573,0.0032573
13,765.189,0.83579,0.61957,1.09077,0,0,0,0,0,0,0,0.00290341,0.00290341,0.00290341
14,823.873,0.76925,0.56367,1.053,0,0,0,0,0,0,0,0.00254953,0.00254953,0.00254953
15,882.576,0.77023,0.54326,1.04633,0,0,0,0,0,0,0,0.00219565,0.00219565,0.00219565
16,941.383,0.76473,0.52418,1.04246,0,0,0,0,0,0,0,0.00184177,0.00184177,0.00184177
17,1000.05,0.70224,0.48465,0.99876,0,0,0,0,0,0,0,0.00148789,0.00148789,0.00148789
18,1058.75,0.68861,0.45744,0.98808,0,0,0,0,0,0,0,0.001134,0.001134,0.001134
19,1117.43,0.677,0.4454,0.96269,0,0,0,0,0,0,0,0.000780122,0.000780122,0.000780122
20,1178.16,0.67991,0.43789,0.96447,0.86067,0.84313,0.91713,0.67033,0.85415,0.5483,0.91333,0.00042624,0.00042624,0.00042624
1,60.2146,1.49121,2.88433,1.60415,0,0,0,0,0,0,0,0.0756008,0.00186757,0.00186757
2,119.439,1.34126,1.64163,1.46173,0,0,0,0,0,0,0,0.05092,0.00355702,0.00355702
3,178.386,1.30883,1.58031,1.41187,0,0,0,0,0,0,0,0.0260534,0.00506063,0.00506063
4,237.183,1.27848,1.62669,1.38676,0,0,0,0,0,0,0,0.00605291,0.00605291,0.00605291
5,295.903,1.29068,1.42735,1.38945,0,0,0,0,0,0,0,0.00570054,0.00570054,0.00570054
6,354.656,1.33891,1.25949,1.40141,0,0,0,0,0,0,0,0.00534818,0.00534818,0.00534818
7,413.385,1.26948,1.22684,1.39852,0,0,0,0,0,0,0,0.00499581,0.00499581,0.00499581
8,472.176,1.21772,1.14097,1.35783,0,0,0,0,0,0,0,0.00464345,0.00464345,0.00464345
9,530.955,1.22863,1.07642,1.35401,0,0,0,0,0,0,0,0.00429108,0.00429108,0.00429108
10,589.691,1.19359,1.01277,1.32141,0,0,0,0,0,0,0,0.00393872,0.00393872,0.00393872
11,648.818,1.17698,0.87733,1.34028,0,0,0,0,0,0,0,0.00358636,0.00358636,0.00358636
12,707.488,1.12012,0.83888,1.31324,0,0,0,0,0,0,0,0.00323399,0.00323399,0.00323399
13,766.13,1.13254,0.82992,1.29768,0,0,0,0,0,0,0,0.00288163,0.00288163,0.00288163
14,824.663,1.03319,0.74297,1.24802,0,0,0,0,0,0,0,0.00252926,0.00252926,0.00252926
15,883.27,1.03161,0.70606,1.23629,0,0,0,0,0,0,0,0.0021769,0.0021769,0.0021769
16,941.873,1.04112,0.69017,1.25091,0,0,0,0,0,0,0,0.00182453,0.00182453,0.00182453
17,1000.44,0.98353,0.64364,1.21362,0,0,0,0,0,0,0,0.00147217,0.00147217,0.00147217
18,1059,0.95045,0.61323,1.19256,0,0,0,0,0,0,0,0.0011198,0.0011198,0.0011198
19,1117.66,0.93921,0.59297,1.17459,0,0,0,0,0,0,0,0.000767439,0.000767439,0.000767439
20,1178.51,0.97746,0.60637,1.18594,0.90113,0.85237,0.93613,0.69526,1.19977,0.70583,1.11524,0.000415075,0.000415075,0.000415075
1,59.95,1.32663,2.1554,1.24078,0,0,0,0,0,0,0,0.0684664,0.00201992,0.00201992
2,118.831,1.21013,1.23629,1.16561,0,0,0,0,0,0,0,0.0366081,0.00384722,0.00384722
3,177.579,1.11954,1.19865,1.09724,0,0,0,0,0,0,0,0.00542339,0.00542339,0.00542339
4,236.274,1.12387,1.00959,1.07917,0,0,0,0,0,0,0,0.00512509,0.00512509,0.00512509
5,294.955,1.11096,0.94223,1.08491,0,0,0,0,0,0,0,0.00482679,0.00482679,0.00482679
6,353.591,1.09624,0.93453,1.08111,0,0,0,0,0,0,0,0.00452848,0.00452848,0.00452848
7,412.228,1.08183,0.86807,1.07876,0,0,0,0,0,0,0,0.00423018,0.00423018,0.00423018
8,470.895,1.06694,0.80965,1.05995,0,0,0,0,0,0,0,0.00393188,0.00393188,0.00393188
9,529.6,1.02425,0.74099,1.02927,0,0,0,0,0,0,0,0.00363358,0.00363358,0.00363358
10,588.21,1.01606,0.71411,1.03864,0,0,0,0,0,0,0,0.00333527,0.00333527,0.00333527
11,647.309,0.99986,0.63883,1.02861,0,0,0,0,0,0,0,0.00303697,0.00303697,0.00303697
12,705.965,0.96865,0.57586,1.01986,0,0,0,0,0,0,0,0.00273867,0.00273867,0.00273867
13,764.639,0.99986,0.58708,1.01628,0,0,0,0,0,0,0,0.00244036,0.00244036,0.00244036
14,823.309,0.91511,0.52064,0.97582,0,0,0,0,0,0,0,0.00214206,0.00214206,0.00214206
15,881.988,0.91526,0.51297,0.97831,0,0,0,0,0,0,0,0.00184376,0.00184376,0.00184376
16,940.642,0.91866,0.49542,0.98543,0,0,0,0,0,0,0,0.00154545,0.00154545,0.00154545
17,999.338,0.85457,0.46916,0.95673,0,0,0,0,0,0,0,0.00124715,0.00124715,0.00124715
18,1058.01,0.86264,0.46384,0.96268,0,0,0,0,0,0,0,0.000948848,0.000948848,0.000948848
19,1116.64,0.8475,0.43894,0.93131,0,0,0,0,0,0,0,0.000650545,0.000650545,0.000650545
20,1177.35,0.85729,0.45385,0.94071,0.88047,0.87744,0.93559,0.69023,1.10787,0.49722,0.86873,0.000352242,0.000352242,0.000352242
1,59.8247,1.1681,1.76021,1.60741,0,0,0,0,0,0,0,0.0591363,0.00300501,0.00300501
2,118.756,1.09656,1.15155,1.51954,0,0,0,0,0,0,0,0.0178139,0.00572413,0.00572413
3,177.478,1.05223,1.02055,1.43132,0,0,0,0,0,0,0,0.00617267,0.00617267,0.00617267
4,236.248,1.02369,0.90503,1.39804,0,0,0,0,0,0,0,0.00583401,0.00583401,0.00583401
5,294.915,1.01908,0.85092,1.42499,0,0,0,0,0,0,0,0.00549534,0.00549534,0.00549534
6,353.683,1.0174,0.80438,1.41488,0,0,0,0,0,0,0,0.00515668,0.00515668,0.00515668
7,412.441,0.96556,0.77446,1.40643,0,0,0,0,0,0,0,0.00481802,0.00481802,0.00481802
8,471.211,0.97015,0.69451,1.38959,0,0,0,0,0,0,0,0.00447935,0.00447935,0.00447935
9,529.977,0.91948,0.67401,1.33378,0,0,0,0,0,0,0,0.00414069,0.00414069,0.00414069
10,588.793,0.92646,0.66525,1.36135,0,0,0,0,0,0,0,0.00380202,0.00380202,0.00380202
11,647.911,0.89636,0.5345,1.34401,0,0,0,0,0,0,0,0.00346336,0.00346336,0.00346336
12,706.593,0.88447,0.53243,1.32957,0,0,0,0,0,0,0,0.0031247,0.0031247,0.0031247
13,765.251,0.90778,0.50408,1.33814,0,0,0,0,0,0,0,0.00278603,0.00278603,0.00278603
14,823.858,0.82327,0.46487,1.28894,0,0,0,0,0,0,0,0.00244737,0.00244737,0.00244737
15,882.445,0.82933,0.46456,1.27255,0,0,0,0,0,0,0,0.0021087,0.0021087,0.0021087
16,941.087,0.8227,0.45302,1.28997,0,0,0,0,0,0,0,0.00177004,0.00177004,0.00177004
17,999.771,0.77242,0.41282,1.23433,0,0,0,0,0,0,0,0.00143138,0.00143138,0.00143138
18,1058.33,0.7601,0.41213,1.22437,0,0,0,0,0,0,0,0.00109271,0.00109271,0.00109271
19,1117.02,0.73728,0.39184,1.18857,0,0,0,0,0,0,0,0.000754048,0.000754048,0.000754048
20,1177.68,0.75405,0.39739,1.20934,0.84534,0.91351,0.93602,0.69972,0.94912,0.44956,1.11226,0.000415384,0.000415384,0.000415384
1,60.0683,1.01165,1.5069,1.29991,0,0,0,0,0,0,0,0.070874,0.0020015,0.0020015
2,119.061,0.89428,0.9417,1.16868,0,0,0,0,0,0,0,0.0414352,0.00381265,0.00381265
3,177.81,0.84346,0.96491,1.12177,0,0,0,0,0,0,0,0.0117978,0.0054252,0.0054252
4,236.468,0.85032,0.84146,1.12403,0,0,0,0,0,0,0,0.00547669,0.00547669,0.00547669
5,295.048,0.79992,0.75291,1.07543,0,0,0,0,0,0,0,0.00515892,0.00515892,0.00515892
6,353.657,0.79783,0.67406,1.08082,0,0,0,0,0,0,0,0.00484115,0.00484115,0.00484115
7,412.37,0.78713,0.6744,1.08428,0,0,0,0,0,0,0,0.00452338,0.00452338,0.00452338
8,471.014,0.77061,0.7044,1.06343,0,0,0,0,0,0,0,0.00420561,0.00420561,0.00420561
9,529.687,0.74826,0.59805,1.0618,0,0,0,0,0,0,0,0.00388784,0.00388784,0.00388784
10,588.369,0.73527,0.58654,1.03399,0,0,0,0,0,0,0,0.00357006,0.00357006,0.00357006
11,647.571,0.75046,0.50449,1.0644,0,0,0,0,0,0,0,0.00325229,0.00325229,0.00325229
12,706.324,0.71153,0.45948,1.03828,0,0,0,0,0,0,0,0.00293452,0.00293452,0.00293452
13,765.061,0.74058,0.46614,1.0438,0,0,0,0,0,0,0,0.00261675,0.00261675,0.00261675
14,823.753,0.67115,0.43317,0.99379,0,0,0,0,0,0,0,0.00229898,0.00229898,0.00229898
15,882.446,0.68475,0.41742,1.00051,0,0,0,0,0,0,0,0.00198121,0.00198121,0.00198121
16,941.101,0.69566,0.41578,1.01986,0,0,0,0,0,0,0,0.00166344,0.00166344,0.00166344
17,999.814,0.63121,0.38805,0.96815,0,0,0,0,0,0,0,0.00134567,0.00134567,0.00134567
18,1058.5,0.63942,0.38075,0.97505,0,0,0,0,0,0,0,0.0010279,0.0010279,0.0010279
19,1117.19,0.63333,0.36707,0.95104,0,0,0,0,0,0,0,0.000710129,0.000710129,0.000710129
20,1177.97,0.63067,0.38192,0.95601,0.89446,0.85237,0.93188,0.70282,0.798,0.41215,0.88816,0.000392359,0.000392359,0.000392359
1,60.0232,1.40192,2.01263,1.44792,0,0,0,0,0,0,0,0.0687986,0.0023521,0.0023521
2,118.941,1.3496,1.26251,1.3823,0,0,0,0,0,0,0,0.0372414,0.00448048,0.00448048
3,177.722,1.23866,1.28243,1.29567,0,0,0,0,0,0,0,0.00631701,0.00631701,0.00631701
4,236.415,1.20141,1.20157,1.27668,0,0,0,0,0,0,0,0.00597051,0.00597051,0.00597051
5,295.117,1.16913,1.0368,1.27599,0,0,0,0,0,0,0,0.00562401,0.00562401,0.00562401
6,353.889,1.16761,0.99067,1.26269,0,0,0,0,0,0,0,0.00527751,0.00527751,0.00527751
7,412.571,1.14171,0.93475,1.27081,0,0,0,0,0,0,0,0.00493102,0.00493102,0.00493102
8,471.228,1.12957,0.84771,1.24783,0,0,0,0,0,0,0,0.00458452,0.00458452,0.00458452
9,529.87,1.08791,0.81474,1.19574,0,0,0,0,0,0,0,0.00423802,0.00423802,0.00423802
10,588.505,1.07673,0.81369,1.2102,0,0,0,0,0,0,0,0.00389152,0.00389152,0.00389152
11,647.611,1.07145,0.66804,1.2134,0,0,0,0,0,0,0,0.00354503,0.00354503,0.00354503
12,706.304,1.02981,0.62186,1.18517,0,0,0,0,0,0,0,0.00319853,0.00319853,0.00319853
13,765.072,1.06,0.62293,1.17735,0,0,0,0,0,0,0,0.00285203,0.00285203,0.00285203
14,823.668,0.95129,0.55822,1.1304,0,0,0,0,0,0,0,0.00250554,0.00250554,0.00250554
15,882.408,0.95439,0.54907,1.12376,0,0,0,0,0,0,0,0.00215904,0.00215904,0.00215904
16,941.116,0.9676,0.52363,1.13737,0,0,0,0,0,0,0,0.00181254,0.00181254,0.00181254
17,999.862,0.8923,0.49523,1.10111,0,0,0,0,0,0,0,0.00146604,0.00146604,0.00146604
18,1058.47,0.899,0.47599,1.09702,0,0,0,0,0,0,0,0.00111955,0.00111955,0.00111955
19,1117.16,0.86466,0.46464,1.06705,0,0,0,0,0,0,0,0.000773049,0.000773049,0.000773049
20,1177.94,0.8864,0.46939,1.0765,0.87423,0.87128,0.93319,0.70106,1.12823,0.55155,0.98733,0.000426551,0.000426551,0.000426551
1,59.9053,1.07268,2.17767,1.71178,0,0,0,0,0,0,0,0.0644477,0.00275837,0.00275837
2,118.862,1.02841,1.3994,1.62339,0,0,0,0,0,0,0,0.0284818,0.00525405,0.00525405
3,177.636,0.99799,1.45698,1.57528,0,0,0,0,0,0,0,0.00648737,0.00648737,0.00648737
4,236.429,0.97928,1.19943,1.53581,0,0,0,0,0,0,0,0.00613105,0.00613105,0.00613105
5,295.164,0.95521,1.11217,1.55273,0,0,0,0,0,0,0,0.00577473,0.00577473,0.00577473
6,353.796,0.98664,1.07134,1.5438,0,0,0,0,0,0,0,0.00541841,0.00541841,0.00541841
7,412.527,0.95331,0.97928,1.53542,0,0,0,0,0,0,0,0.0050621,0.0050621,0.0050621
8,471.263,0.94596,0.92608,1.51247,0,0,0,0,0,0,0,0.00470578,0.00470578,0.00470578
9,530.019,0.89215,0.86785,1.46856,0,0,0,0,0,0,0,0.00434946,0.00434946,0.00434946
10,588.783,0.88911,0.84958,1.48188,0,0,0,0,0,0,0,0.00399315,0.00399315,0.00399315
11,647.891,0.88571,0.70795,1.4812,0,0,0,0,0,0,0,0.00363683,0.00363683,0.00363683
12,706.546,0.83426,0.65511,1.44235,0,0,0,0,0,0,0,0.00328051,0.00328051,0.00328051
13,765.162,0.85469,0.63829,1.45643,0,0,0,0,0,0,0,0.00292419,0.00292419,0.00292419
14,823.813,0.78602,0.59591,1.39162,0,0,0,0,0,0,0,0.00256788,0.00256788,0.00256788
15,882.518,0.78487,0.5628,1.37942,0,0,0,0,0,0,0,0.00221156,0.00221156,0.00221156
16,941.18,0.78636,0.54626,1.41081,0,0,0,0,0,0,0,0.00185524,0.00185524,0.00185524
17,999.874,0.72349,0.5053,1.32918,0,0,0,0,0,0,0,0.00149892,0.00149892,0.00149892
18,1058.42,0.71326,0.48906,1.34027,0,0,0,0,0,0,0,0.00114261,0.00114261,0.00114261
19,1116.96,0.70118,0.47337,1.29528,0,0,0,0,0,0,0,0.00078629,0.00078629,0.00078629
20,1177.57,0.7226,0.49473,1.3119,0.86576,0.88022,0.94037,0.69925,0.91787,0.5597,1.22621,0.000429973,0.000429973,0.000429973
1,59.8727,1.34339,2.88182,2.0936,0,0,0,0,0,0,0,0.0663179,0.0025002,0.0025002
2,118.82,1.15554,1.63218,1.85486,0,0,0,0,0,0,0,0.0322548,0.00476191,0.00476191
3,177.59,1.25288,1.77526,1.91362,0,0,0,0,0,0,0,0.00622502,0.00622502,0.00622502
4,236.239,1.19747,1.50788,1.88245,0,0,0,0,0,0,0,0.00588253,0.00588253,0.00588253
5,294.859,1.17997,1.28107,1.86653,0,0,0,0,0,0,0,0.00554004,0.00554004,0.00554004
6,353.587,1.18932,1.23607,1.87313,0,0,0,0,0,0,0,0.00519755,0.00519755,0.00519755
7,412.293,1.16686,1.20997,1.85834,0,0,0,0,0,0,0,0.00485506,0.00485506,0.00485506
8,470.932,1.12864,1.12941,1.82536,0,0,0,0,0,0,0,0.00451257,0.00451257,0.00451257
9,529.572,1.09943,1.08573,1.78722,0,0,0,0,0,0,0,0.00417007,0.00417007,0.00417007
10,588.256,1.09164,1.08125,1.77575,0,0,0,0,0,0,0,0.00382758,0.00382758,0.00382758
11,647.324,1.09251,0.917,1.80931,0,0,0,0,0,0,0,0.00348509,0.00348509,0.00348509
12,705.935,1.04657,0.84162,1.79177,0,0,0,0,0,0,0,0.0031426,0.0031426,0.0031426
13,764.592,1.0659,0.83301,1.75822,0,0,0,0,0,0,0,0.00280011,0.00280011,0.00280011
14,823.252,0.98919,0.77841,1.70774,0,0,0,0,0,0,0,0.00245762,0.00245762,0.00245762
15,881.858,0.96899,0.73812,1.66444,0,0,0,0,0,0,0,0.00211513,0.00211513,0.00211513
16,940.43,0.95975,0.68683,1.67434,0,0,0,0,0,0,0,0.00177264,0.00177264,0.00177264
17,999.021,0.90135,0.65476,1.62685,0,0,0,0,0,0,0,0.00143015,0.00143015,0.00143015
18,1057.56,0.89438,0.62596,1.61271,0,0,0,0,0,0,0,0.00108766,0.00108766,0.00108766
19,1116.12,0.88732,0.61666,1.59252,0,0,0,0,0,0,0,0.000745167,0.000745167,0.000745167
20,1176.66,0.88821,0.61681,1.58337,0.88371,0.86791,0.94391,0.69657,1.10811,0.69618,1.48648,0.000402677,0.000402677,0.000402677
1,59.9402,1.01618,1.81539,1.70055,0,0,0,0,0,0,0,0.0655845,0.00250308,0.00250308
2,118.907,0.95566,1.10716,1.60614,0,0,0,0,0,0,0,0.0307852,0.00476777,0.00476777
3,177.659,0.89223,1.20524,1.51813,0,0,0,0,0,0,0,0.00610891,0.00610891,0.00610891
4,236.398,0.89327,1.00038,1.50063,0,0,0,0,0,0,0,0.00577336,0.00577336,0.00577336
5,295.079,0.89539,0.90555,1.5297,0,0,0,0,0,0,0,0.00543782,0.00543782,0.00543782
6,353.774,0.90014,0.88016,1.52613,0,0,0,0,0,0,0,0.00510227,0.00510227,0.00510227
7,412.452,0.85592,0.82231,1.51296,0,0,0,0,0,0,0,0.00476673,0.00476673,0.00476673
8,471.155,0.85175,0.75148,1.48792,0,0,0,0,0,0,0,0.00443118,0.00443118,0.00443118
9,529.882,0.80074,0.71946,1.41991,0,0,0,0,0,0,0,0.00409564,0.00409564,0.00409564
10,588.522,0.79795,0.69389,1.44634,0,0,0,0,0,0,0,0.00376009,0.00376009,0.00376009
11,647.605,0.77755,0.57827,1.42938,0,0,0,0,0,0,0,0.00342454,0.00342454,0.00342454
12,706.246,0.76355,0.5376,1.39808,0,0,0,0,0,0,0,0.003089,0.003089,0.003089
13,764.814,0.76271,0.5474,1.38227,0,0,0,0,0,0,0,0.00275345,0.00275345,0.00275345
14,823.378,0.7133,0.49008,1.36051,0,0,0,0,0,0,0,0.00241791,0.00241791,0.00241791
15,881.934,0.71565,0.47297,1.33286,0,0,0,0,0,0,0,0.00208236,0.00208236,0.00208236
16,940.494,0.71619,0.46291,1.35191,0,0,0,0,0,0,0,0.00174682,0.00174682,0.00174682
17,999.107,0.65968,0.42177,1.29364,0,0,0,0,0,0,0,0.00141127,0.00141127,0.00141127
18,1057.64,0.64451,0.42192,1.29039,0,0,0,0,0,0,0,0.00107572,0.00107572,0.00107572
19,1116.13,0.62792,0.40002,1.24333,0,0,0,0,0,0,0,0.000740179,0.000740179,0.000740179
20,1176.67,0.63195,0.40229,1.25268,0.92115,0.85515,0.936,0.70193,0.81267,0.47116,1.15249,0.000404634,0.000404634,0.000404634
1,59.7149,1.0864,2.03153,1.42085,0,0,0,0,0,0,0,0.0578946,0.00441476,0.00441476
2,118.473,1.04013,1.56246,1.35417,0,0,0,0,0,0,0,0.0151874,0.00841089,0.00841089
3,177.046,1.02626,1.34616,1.30742,0,0,0,0,0,0,0,0.00855458,0.00855458,0.00855458
4,235.738,1.00465,1.09595,1.26734,0,0,0,0,0,0,0,0.00808687,0.00808687,0.00808687
5,294.405,0.99293,1.00832,1.29039,0,0,0,0,0,0,0,0.00761916,0.00761916,0.00761916
6,353.001,0.99944,0.99262,1.28731,0,0,0,0,0,0,0,0.00715145,0.00715145,0.00715145
7,411.679,0.95595,0.88166,1.2722,0,0,0,0,0,0,0,0.00668374,0.00668374,0.00668374
8,470.309,0.96109,0.85725,1.26522,0,0,0,0,0,0,0,0.00621603,0.00621603,0.00621603
9,528.898,0.8917,0.78254,1.17695,0,0,0,0,0,0,0,0.00574832,0.00574832,0.00574832
10,587.5,0.90551,0.77028,1.21837,0,0,0,0,0,0,0,0.00528061,0.00528061,0.00528061
11,646.485,0.89002,0.64525,1.21868,0,0,0,0,0,0,0,0.0048129,0.0048129,0.0048129
12,705.03,0.86978,0.60778,1.22392,0,0,0,0,0,0,0,0.00434519,0.00434519,0.00434519
13,763.528,0.86381,0.58627,1.19921,0,0,0,0,0,0,0,0.00387748,0.00387748,0.00387748
14,822.021,0.78981,0.55099,1.14175,0,0,0,0,0,0,0,0.00340977,0.00340977,0.00340977
15,880.538,0.80057,0.52654,1.14768,0,0,0,0,0,0,0,0.00294206,0.00294206,0.00294206
16,939.049,0.78984,0.5133,1.14834,0,0,0,0,0,0,0,0.00247435,0.00247435,0.00247435
17,997.613,0.7274,0.46494,1.08675,0,0,0,0,0,0,0,0.00200664,0.00200664,0.00200664
18,1056.16,0.72616,0.45262,1.09012,0,0,0,0,0,0,0,0.00153893,0.00153893,0.00153893
19,1114.67,0.69594,0.43278,1.05709,0,0,0,0,0,0,0,0.00107122,0.00107122,0.00107122
20,1175.16,0.72041,0.43464,1.06884,0.87989,0.86351,0.93201,0.68551,0.8957,0.50093,0.99858,0.000603512,0.000603512,0.000603512
1,59.9174,1.36984,2.25361,1.6743,0,0,0,0,0,0,0,0.0627226,0.00284897,0.00284897
2,118.828,1.3393,1.51155,1.61102,0,0,0,0,0,0,0,0.0250156,0.00542632,0.00542632
3,177.625,1.26816,1.52314,1.5348,0,0,0,0,0,0,0,0.0063965,0.0063965,0.0063965
4,236.357,1.23852,1.30144,1.49339,0,0,0,0,0,0,0,0.00604474,0.00604474,0.00604474
5,295.061,1.20669,1.12818,1.49223,0,0,0,0,0,0,0,0.00569299,0.00569299,0.00569299
6,353.726,1.22883,1.13923,1.52227,0,0,0,0,0,0,0,0.00534124,0.00534124,0.00534124
7,412.446,1.17884,0.97596,1.49518,0,0,0,0,0,0,0,0.00498949,0.00498949,0.00498949
8,471.249,1.16611,0.9525,1.48016,0,0,0,0,0,0,0,0.00463774,0.00463774,0.00463774
9,529.951,1.09697,0.8813,1.41185,0,0,0,0,0,0,0,0.00428599,0.00428599,0.00428599
10,588.619,1.09847,0.88409,1.43834,0,0,0,0,0,0,0,0.00393423,0.00393423,0.00393423
11,647.705,1.06408,0.71204,1.40253,0,0,0,0,0,0,0,0.00358248,0.00358248,0.00358248
12,706.392,1.03443,0.65902,1.38729,0,0,0,0,0,0,0,0.00323073,0.00323073,0.00323073
13,765.065,1.06104,0.6532,1.3915,0,0,0,0,0,0,0,0.00287898,0.00287898,0.00287898
14,823.696,0.956,0.61056,1.34179,0,0,0,0,0,0,0,0.00252723,0.00252723,0.00252723
15,882.391,0.96695,0.57223,1.32509,0,0,0,0,0,0,0,0.00217548,0.00217548,0.00217548
16,941.053,0.96656,0.57073,1.32628,0,0,0,0,0,0,0,0.00182372,0.00182372,0.00182372
17,999.726,0.88303,0.52943,1.27681,0,0,0,0,0,0,0,0.00147197,0.00147197,0.00147197
18,1058.4,0.87917,0.50269,1.2713,0,0,0,0,0,0,0,0.00112022,0.00112022,0.00112022
19,1117.05,0.86782,0.49434,1.24857,0,0,0,0,0,0,0,0.000768468,0.000768468,0.000768468
20,1177.72,0.85361,0.48966,1.23941,0.8265,0.91558,0.92979,0.68829,1.13241,0.60913,1.17883,0.000416717,0.000416717,0.000416717
1,59.9199,1.09678,2.00266,1.588,0,0,0,0,0,0,0,0.0634421,0.00288314,0.00288314
2,118.934,0.98585,1.2059,1.42267,0,0,0,0,0,0,0,0.0264546,0.00549185,0.00549185
3,177.759,1.04963,1.37854,1.4593,0,0,0,0,0,0,0,0.00658686,0.00658686,0.00658686
4,236.506,1.03183,1.12533,1.46992,0,0,0,0,0,0,0,0.00622529,0.00622529,0.00622529
5,295.22,0.98967,0.97339,1.4157,0,0,0,0,0,0,0,0.00586372,0.00586372,0.00586372
6,353.9,0.99636,0.94287,1.42497,0,0,0,0,0,0,0,0.00550215,0.00550215,0.00550215
7,412.643,0.96213,0.89522,1.39889,0,0,0,0,0,0,0,0.00514057,0.00514057,0.00514057
8,471.246,0.94625,0.82435,1.38167,0,0,0,0,0,0,0,0.004779,0.004779,0.004779
9,529.903,0.92018,0.80367,1.35188,0,0,0,0,0,0,0,0.00441743,0.00441743,0.00441743
10,588.549,0.91353,0.79655,1.36314,0,0,0,0,0,0,0,0.00405586,0.00405586,0.00405586
11,647.642,0.86988,0.67032,1.34098,0,0,0,0,0,0,0,0.00369429,0.00369429,0.00369429
12,706.302,0.87009,0.65072,1.33793,0,0,0,0,0,0,0,0.00333272,0.00333272,0.00333272
13,764.95,0.88489,0.6125,1.32748,0,0,0,0,0,0,0,0.00297115,0.00297115,0.00297115
14,823.585,0.77691,0.54546,1.25865,0,0,0,0,0,0,0,0.00260958,0.00260958,0.00260958
15,882.109,0.80441,0.55776,1.26965,0,0,0,0,0,0,0,0.00224801,0.00224801,0.00224801
16,940.711,0.79124,0.51373,1.26546,0,0,0,0,0,0,0,0.00188644,0.00188644,0.00188644
17,999.376,0.7359,0.48438,1.21759,0,0,0,0,0,0,0,0.00152487,0.00152487,0.00152487
18,1058,0.71576,0.46089,1.18629,0,0,0,0,0,0,0,0.0011633,0.0011633,0.0011633
19,1116.64,0.70436,0.44405,1.18122,0,0,0,0,0,0,0,0.000801724,0.000801724,0.000801724
20,1177.26,0.71017,0.44988,1.17034,0.87844,0.84958,0.93458,0.70082,0.89425,0.51171,1.09431,0.000440153,0.000440153,0.000440153
1,60.0522,1.40868,2.56284,1.50764,0,0,0,0,0,0,0,0.071375,0.00168525,0.00168525
2,119.068,1.28469,1.46218,1.37383,0,0,0,0,0,0,0,0.0424697,0.00320959,0.00320959
3,177.954,1.19534,1.30793,1.29085,0,0,0,0,0,0,0,0.0133966,0.00456605,0.00456605
4,236.736,1.18932,1.22813,1.2694,0,0,0,0,0,0,0,0.00473246,0.00473246,0.00473246
5,295.39,1.18832,1.0912,1.2803,0,0,0,0,0,0,0,0.00445662,0.00445662,0.00445662
6,354.041,1.19957,1.04802,1.28623,0,0,0,0,0,0,0,0.00418077,0.00418077,0.00418077
7,412.65,1.13511,0.98038,1.25202,0,0,0,0,0,0,0,0.00390493,0.00390493,0.00390493
8,471.267,1.11824,0.93738,1.23213,0,0,0,0,0,0,0,0.00362908,0.00362908,0.00362908
9,529.845,1.10838,0.89881,1.24157,0,0,0,0,0,0,0,0.00335324,0.00335324,0.00335324
10,588.591,1.09197,0.8648,1.19587,0,0,0,0,0,0,0,0.00307739,0.00307739,0.00307739
11,647.597,1.06704,0.72538,1.21696,0,0,0,0,0,0,0,0.00280154,0.00280154,0.00280154
12,706.182,1.03905,0.65751,1.2008,0,0,0,0,0,0,0,0.0025257,0.0025257,0.0025257
13,764.831,1.06202,0.68483,1.20786,0,0,0,0,0,0,0,0.00224985,0.00224985,0.00224985
14,823.449,0.96684,0.59483,1.15836,0,0,0,0,0,0,0,0.00197401,0.00197401,0.00197401
15,882.118,1.00006,0.60615,1.16852,0,0,0,0,0,0,0,0.00169816,0.00169816,0.00169816
16,940.774,1.00321,0.59672,1.17413,0,0,0,0,0,0,0,0.00142232,0.00142232,0.00142232
17,999.338,0.94761,0.54668,1.15082,0,0,0,0,0,0,0,0.00114647,0.00114647,0.00114647
18,1057.92,0.91554,0.52791,1.12123,0,0,0,0,0,0,0,0.000870627,0.000870627,0.000870627
19,1116.57,0.90254,0.5186,1.10407,0,0,0,0,0,0,0,0.000594781,0.000594781,0.000594781
20,1177.15,0.92982,0.53006,1.11054,0.87692,0.87322,0.92898,0.68616,1.13009,0.60266,1.03138,0.000318936,0.000318936,0.000318936
1,59.8919,1.06231,1.94933,1.4642,0,0,0,0,0,0,0,0.0636169,0.00281438,0.00281438
2,118.907,0.98835,1.18633,1.35199,0,0,0,0,0,0,0,0.0268113,0.00536064,0.00536064
3,177.628,1.01921,1.43854,1.37046,0,0,0,0,0,0,0,0.00646909,0.00646909,0.00646909
4,236.346,1.05986,1.13721,1.40612,0,0,0,0,0,0,0,0.00611364,0.00611364,0.00611364
5,295.084,0.99941,1.01724,1.33558,0,0,0,0,0,0,0,0.00575819,0.00575819,0.00575819
6,353.751,0.98535,0.9088,1.33098,0,0,0,0,0,0,0,0.00540273,0.00540273,0.00540273
7,412.399,0.95781,0.84579,1.31468,0,0,0,0,0,0,0,0.00504728,0.00504728,0.00504728
8,471.011,0.93809,0.81445,1.28659,0,0,0,0,0,0,0,0.00469183,0.00469183,0.00469183
9,529.616,0.90486,0.79442,1.27774,0,0,0,0,0,0,0,0.00433638,0.00433638,0.00433638
10,588.248,0.8928,0.76633,1.26327,0,0,0,0,0,0,0,0.00398092,0.00398092,0.00398092
11,647.249,0.9016,0.67202,1.28226,0,0,0,0,0,0,0,0.00362547,0.00362547,0.00362547
12,705.857,0.88606,0.64022,1.27458,0,0,0,0,0,0,0,0.00327002,0.00327002,0.00327002
13,764.47,0.87984,0.60099,1.26007,0,0,0,0,0,0,0,0.00291456,0.00291456,0.00291456
14,822.974,0.79512,0.52863,1.20461,0,0,0,0,0,0,0,0.00255911,0.00255911,0.00255911
15,881.553,0.81454,0.53406,1.20861,0,0,0,0,0,0,0,0.00220366,0.00220366,0.00220366
16,940.137,0.78961,0.51597,1.18829,0,0,0,0,0,0,0,0.0018482,0.0018482,0.0018482
17,998.74,0.74514,0.47449,1.16287,0,0,0,0,0,0,0,0.00149275,0.00149275,0.00149275
18,1057.34,0.73447,0.45135,1.15126,0,0,0,0,0,0,0,0.0011373,0.0011373,0.0011373
19,1115.88,0.72339,0.44237,1.13289,0,0,0,0,0,0,0,0.000781845,0.000781845,0.000781845
20,1176.43,0.73029,0.44241,1.13694,0.85979,0.87744,0.92964,0.69432,0.89493,0.49561,1.02998,0.000426391,0.000426391,0.000426391
1,59.9187,1.12366,1.65914,1.94257,0,0,0,0,0,0,0,0.063553,0.00262988,0.00262988
2,118.869,1.04399,0.9515,1.81526,0,0,0,0,0,0,0,0.0267014,0.00500905,0.00500905
3,177.625,0.99135,0.98776,1.7278,0,0,0,0,0,0,0,0.00606324,0.00606324,0.00606324
4,236.318,1.00016,0.79154,1.71688,0,0,0,0,0,0,0,0.00572986,0.00572986,0.00572986
5,294.941,0.98157,0.74136,1.76375,0,0,0,0,0,0,0,0.00539648,0.00539648,0.00539648
6,353.58,0.98424,0.72525,1.74563,0,0,0,0,0,0,0,0.0050631,0.0050631,0.0050631
7,412.222,0.96399,0.68636,1.75144,0,0,0,0,0,0,0,0.00472972,0.00472972,0.00472972
8,470.843,0.93581,0.63119,1.72995,0,0,0,0,0,0,0,0.00439634,0.00439634,0.00439634
9,529.483,0.9209,0.60695,1.66091,0,0,0,0,0,0,0,0.00406295,0.00406295,0.00406295
10,588.08,0.89327,0.5886,1.6611,0,0,0,0,0,0,0,0.00372957,0.00372957,0.00372957
11,647.031,0.93914,0.55734,1.72566,0,0,0,0,0,0,0,0.00339619,0.00339619,0.00339619
12,705.684,0.91733,0.51485,1.69306,0,0,0,0,0,0,0,0.00306281,0.00306281,0.00306281
13,764.358,0.92814,0.50283,1.69738,0,0,0,0,0,0,0,0.00272943,0.00272943,0.00272943
14,823.065,0.83908,0.4704,1.61798,0,0,0,0,0,0,0,0.00239605,0.00239605,0.00239605
15,881.682,0.85241,0.45375,1.6238,0,0,0,0,0,0,0,0.00206267,0.00206267,0.00206267
16,940.279,0.86031,0.44355,1.63451,0,0,0,0,0,0,0,0.00172929,0.00172929,0.00172929
17,998.879,0.79124,0.40408,1.56091,0,0,0,0,0,0,0,0.00139591,0.00139591,0.00139591
18,1057.49,0.78572,0.38501,1.55643,0,0,0,0,0,0,0,0.00106253,0.00106253,0.00106253
19,1116.08,0.76572,0.37791,1.50779,0,0,0,0,0,0,0,0.000729148,0.000729148,0.000729148
20,1176.62,0.77073,0.38915,1.52354,0.84175,0.85933,0.92356,0.69107,0.91418,0.38276,1.41578,0.000395768,0.000395768,0.000395768
1,59.9556,1.64177,2.72871,1.8625,0,0,0,0,0,0,0,0.0727709,0.00166733,0.00166733
2,119.008,1.43739,1.32387,1.64094,0,0,0,0,0,0,0,0.045269,0.00317567,0.00317567
3,177.88,1.46581,1.36826,1.64309,0,0,0,0,0,0,0,0.0176012,0.00451814,0.00451814
4,236.526,1.62312,1.52442,1.72095,0,0,0,0,0,0,0,0.00491234,0.00491234,0.00491234
5,295.139,1.6183,1.44956,1.71904,0,0,0,0,0,0,0,0.00462646,0.00462646,0.00462646
6,353.676,1.77434,1.47112,1.82112,0,0,0,0,0,0,0,0.00434057,0.00434057,0.00434057
7,412.189,1.70038,1.50507,1.77698,0,0,0,0,0,0,0,0.00405468,0.00405468,0.00405468
8,470.718,1.81041,1.54407,1.86126,0,0,0,0,0,0,0,0.0037688,0.0037688,0.0037688
9,529.239,1.71934,1.47201,1.78686,0,0,0,0,0,0,0,0.00348291,0.00348291,0.00348291
10,587.901,1.74075,1.42902,1.84271,0,0,0,0,0,0,0,0.00319702,0.00319702,0.00319702
11,646.847,1.84185,1.43514,1.95086,0,0,0,0,0,0,0,0.00291114,0.00291114,0.00291114
12,705.402,1.79496,1.41268,1.94025,0,0,0,0,0,0,0,0.00262525,0.00262525,0.00262525
13,763.914,1.77735,1.37725,1.91582,0,0,0,0,0,0,0,0.00233937,0.00233937,0.00233937
14,822.45,1.6961,1.29721,1.85576,0,0,0,0,0,0,0,0.00205348,0.00205348,0.00205348
15,880.982,1.67817,1.29168,1.81606,0,0,0,0,0,0,0,0.00176759,0.00176759,0.00176759
16,939.507,1.64527,1.24107,1.83875,0,0,0,0,0,0,0,0.00148171,0.00148171,0.00148171
17,998.09,1.53708,1.13571,1.7701,0,0,0,0,0,0,0,0.00119582,0.00119582,0.00119582
18,1056.65,1.52199,1.08328,1.71089,0,0,0,0,0,0,0,0.000909935,0.000909935,0.000909935
19,1115.19,1.47275,1.02264,1.68273,0,0,0,0,0,0,0,0.000624049,0.000624049,0.000624049
20,1175.75,1.47253,1.04785,1.68182,0.8497,0.69292,0.80283,0.55659,1.54388,1.09175,1.45094,0.000338162,0.000338162,0.000338162
1,59.7088,1.09777,2.06244,1.56852,0,0,0,0,0,0,0,0.0633988,0.00283975,0.00283975
2,118.568,1.03,1.32474,1.48431,0,0,0,0,0,0,0,0.0263719,0.00540922,0.00540922
3,177.263,0.98685,1.2176,1.42248,0,0,0,0,0,0,0,0.00648776,0.00648776,0.00648776
4,235.928,0.99316,1.07936,1.40874,0,0,0,0,0,0,0,0.00613164,0.00613164,0.00613164
5,294.609,0.99171,0.96761,1.44021,0,0,0,0,0,0,0,0.00577552,0.00577552,0.00577552
6,353.272,0.96662,0.984,1.40801,0,0,0,0,0,0,0,0.0054194,0.0054194,0.0054194
7,411.99,0.95031,0.85636,1.41413,0,0,0,0,0,0,0,0.00506328,0.00506328,0.00506328
8,470.658,0.92754,0.8149,1.39174,0,0,0,0,0,0,0,0.00470717,0.00470717,0.00470717
9,529.364,0.88917,0.7479,1.33522,0,0,0,0,0,0,0,0.00435105,0.00435105,0.00435105
10,588.032,0.88922,0.74795,1.35712,0,0,0,0,0,0,0,0.00399493,0.00399493,0.00399493
11,647.138,0.88075,0.61241,1.36193,0,0,0,0,0,0,0,0.00363881,0.00363881,0.00363881
12,705.904,0.84541,0.5949,1.33683,0,0,0,0,0,0,0,0.00328269,0.00328269,0.00328269
13,764.47,0.86671,0.59762,1.33867,0,0,0,0,0,0,0,0.00292657,0.00292657,0.00292657
14,823.091,0.78757,0.53139,1.27015,0,0,0,0,0,0,0,0.00257045,0.00257045,0.00257045
15,881.651,0.80191,0.52565,1.27664,0,0,0,0,0,0,0,0.00221433,0.00221433,0.00221433
16,940.254,0.78971,0.50771,1.27947,0,0,0,0,0,0,0,0.00185821,0.00185821,0.00185821
17,998.836,0.73683,0.4609,1.24144,0,0,0,0,0,0,0,0.00150209,0.00150209,0.00150209
18,1057.45,0.72932,0.43983,1.21648,0,0,0,0,0,0,0,0.00114597,0.00114597,0.00114597
19,1116.03,0.71051,0.41122,1.19104,0,0,0,0,0,0,0,0.000789854,0.000789854,0.000789854
20,1176.7,0.72364,0.43732,1.19851,0.86435,0.90251,0.95003,0.69293,0.91974,0.49666,1.12125,0.000433735,0.000433735,0.000433735
1,60.0161,0.92423,1.94013,1.4166,0,0,0,0,0,0,0,0.0680946,0.00187122,0.00187122
2,119.049,0.85825,1.17887,1.33802,0,0,0,0,0,0,0,0.0358784,0.00356453,0.00356453
3,177.882,0.78921,1.20193,1.24148,0,0,0,0,0,0,0,0.00499252,0.00499252,0.00499252
4,236.703,0.77511,1.06482,1.21951,0,0,0,0,0,0,0,0.00471878,0.00471878,0.00471878
5,295.462,0.74234,0.96991,1.21938,0,0,0,0,0,0,0,0.00444504,0.00444504,0.00444504
6,354.177,0.74524,0.96278,1.21482,0,0,0,0,0,0,0,0.0041713,0.0041713,0.0041713
7,412.852,0.73381,0.83218,1.21342,0,0,0,0,0,0,0,0.00389756,0.00389756,0.00389756
8,471.586,0.73714,0.79999,1.2053,0,0,0,0,0,0,0,0.00362382,0.00362382,0.00362382
9,530.275,0.69487,0.76197,1.14264,0,0,0,0,0,0,0,0.00335008,0.00335008,0.00335008
10,589.02,0.69764,0.7615,1.17453,0,0,0,0,0,0,0,0.00307634,0.00307634,0.00307634
11,648.084,0.68356,0.62472,1.15186,0,0,0,0,0,0,0,0.0028026,0.0028026,0.0028026
12,706.845,0.67374,0.59402,1.15043,0,0,0,0,0,0,0,0.00252886,0.00252886,0.00252886
13,765.545,0.68482,0.59379,1.14484,0,0,0,0,0,0,0,0.00225512,0.00225512,0.00225512
14,824.234,0.62218,0.53107,1.0998,0,0,0,0,0,0,0,0.00198138,0.00198138,0.00198138
15,882.954,0.64022,0.53801,1.1072,0,0,0,0,0,0,0,0.00170764,0.00170764,0.00170764
16,941.607,0.64603,0.52963,1.11358,0,0,0,0,0,0,0,0.0014339,0.0014339,0.0014339
17,1000.35,0.5994,0.49759,1.08402,0,0,0,0,0,0,0,0.00116016,0.00116016,0.00116016
18,1058.95,0.60107,0.49281,1.08328,0,0,0,0,0,0,0,0.000886425,0.000886425,0.000886425
19,1117.54,0.59457,0.47533,1.06485,0,0,0,0,0,0,0,0.000612685,0.000612685,0.000612685
20,1178.12,0.60388,0.48015,1.07345,0.87222,0.87462,0.92932,0.68857,0.75401,0.56644,0.96478,0.000338946,0.000338946,0.000338946
1,59.8845,0.95746,2.5328,1.70323,0,0,0,0,0,0,0,0.059449,0.00393233,0.00393233
2,118.876,0.94134,1.95119,1.64931,0,0,0,0,0,0,0,0.0183492,0.00749101,0.00749101
3,177.702,0.90317,1.99465,1.57652,0,0,0,0,0,0,0,0.00796694,0.00796694,0.00796694
4,236.477,0.9105,1.41782,1.57282,0,0,0,0,0,0,0,0.00753042,0.00753042,0.00753042
5,295.305,0.90618,1.3625,1.59962,0,0,0,0,0,0,0,0.00709389,0.00709389,0.00709389
6,354.042,0.93976,1.31829,1.62101,0,0,0,0,0,0,0,0.00665736,0.00665736,0.00665736
7,412.765,0.88177,1.19566,1.57019,0,0,0,0,0,0,0,0.00622083,0.00622083,0.00622083
8,471.574,0.85942,1.11122,1.53323,0,0,0,0,0,0,0,0.0057843,0.0057843,0.0057843
9,530.381,0.81492,1.0665,1.44804,0,0,0,0,0,0,0,0.00534778,0.00534778,0.00534778
10,589.144,0.8227,1.04968,1.47836,0,0,0,0,0,0,0,0.00491125,0.00491125,0.00491125
11,648.22,0.84061,0.95021,1.52975,0,0,0,0,0,0,0,0.00447472,0.00447472,0.00447472
12,706.906,0.79954,0.86765,1.49241,0,0,0,0,0,0,0,0.00403819,0.00403819,0.00403819
13,765.576,0.8111,0.86998,1.48119,0,0,0,0,0,0,0,0.00360166,0.00360166,0.00360166
14,824.193,0.74188,0.76708,1.41417,0,0,0,0,0,0,0,0.00316514,0.00316514,0.00316514
15,882.83,0.75832,0.74317,1.43557,0,0,0,0,0,0,0,0.00272861,0.00272861,0.00272861
16,941.384,0.7368,0.72679,1.4221,0,0,0,0,0,0,0,0.00229208,0.00229208,0.00229208
17,1000.09,0.70005,0.66522,1.40072,0,0,0,0,0,0,0,0.00185555,0.00185555,0.00185555
18,1058.77,0.69337,0.64598,1.37769,0,0,0,0,0,0,0,0.00141902,0.00141902,0.00141902
19,1117.43,0.66179,0.62146,1.33338,0,0,0,0,0,0,0,0.000982495,0.000982495,0.000982495
20,1178.07,0.66792,0.62585,1.34152,0.88684,0.85137,0.92931,0.67685,0.81916,0.69083,1.23096,0.000545967,0.000545967,0.000545967
1,59.86,1.10324,2.10836,1.60239,0,0,0,0,0,0,0,0.05969,0.00310879,0.00310879
2,118.909,1.07131,1.54517,1.51862,0,0,0,0,0,0,0,0.0189133,0.00592186,0.00592186
3,177.73,1.07096,1.42546,1.49901,0,0,0,0,0,0,0,0.00645213,0.00645213,0.00645213
4,236.476,1.05171,1.28889,1.48299,0,0,0,0,0,0,0,0.0060982,0.0060982,0.0060982
5,295.203,1.08208,1.19658,1.50365,0,0,0,0,0,0,0,0.00574427,0.00574427,0.00574427
6,353.911,1.06677,1.1771,1.48368,0,0,0,0,0,0,0,0.00539033,0.00539033,0.00539033
7,412.696,1.01697,1.04972,1.4505,0,0,0,0,0,0,0,0.0050364,0.0050364,0.0050364
8,471.356,0.97972,0.99802,1.41118,0,0,0,0,0,0,0,0.00468247,0.00468247,0.00468247
9,530.033,0.99035,0.97255,1.42509,0,0,0,0,0,0,0,0.00432854,0.00432854,0.00432854
10,588.819,0.92069,0.96254,1.36208,0,0,0,0,0,0,0,0.0039746,0.0039746,0.0039746
11,647.842,0.94248,0.79931,1.41712,0,0,0,0,0,0,0,0.00362067,0.00362067,0.00362067
12,706.698,0.91817,0.77633,1.386,0,0,0,0,0,0,0,0.00326674,0.00326674,0.00326674
13,765.372,0.93926,0.75279,1.38485,0,0,0,0,0,0,0,0.0029128,0.0029128,0.0029128
14,824.02,0.8509,0.68141,1.32297,0,0,0,0,0,0,0,0.00255887,0.00255887,0.00255887
15,882.627,0.84819,0.65169,1.31243,0,0,0,0,0,0,0,0.00220494,0.00220494,0.00220494
16,941.251,0.83693,0.61823,1.31033,0,0,0,0,0,0,0,0.001851,0.001851,0.001851
17,999.882,0.77605,0.57849,1.25653,0,0,0,0,0,0,0,0.00149707,0.00149707,0.00149707
18,1058.53,0.75872,0.56638,1.23858,0,0,0,0,0,0,0,0.00114314,0.00114314,0.00114314
19,1117.28,0.73218,0.52832,1.19677,0,0,0,0,0,0,0,0.000789204,0.000789204,0.000789204
20,1178.01,0.75125,0.53435,1.21338,0.84541,0.8468,0.92172,0.67281,0.92467,0.61977,1.08103,0.000435271,0.000435271,0.000435271
1,59.8068,0.98193,1.98759,1.32505,0,0,0,0,0,0,0,0.0570935,0.00344383,0.00344383
2,118.768,0.93452,1.41136,1.24847,0,0,0,0,0,0,0,0.0136765,0.0065597,0.0065597
3,177.516,0.87016,1.25305,1.18138,0,0,0,0,0,0,0,0.00669462,0.00669462,0.00669462
4,236.208,0.87393,0.97861,1.16954,0,0,0,0,0,0,0,0.00632692,0.00632692,0.00632692
5,294.916,0.82856,0.92533,1.14763,0,0,0,0,0,0,0,0.00595923,0.00595923,0.00595923
6,353.564,0.83922,0.90325,1.15728,0,0,0,0,0,0,0,0.00559154,0.00559154,0.00559154
7,412.267,0.82265,0.81437,1.16076,0,0,0,0,0,0,0,0.00522385,0.00522385,0.00522385
8,470.9,0.82375,0.78766,1.15821,0,0,0,0,0,0,0,0.00485616,0.00485616,0.00485616
9,529.66,0.7818,0.71498,1.10622,0,0,0,0,0,0,0,0.00448846,0.00448846,0.00448846
10,588.325,0.78334,0.74628,1.12182,0,0,0,0,0,0,0,0.00412077,0.00412077,0.00412077
11,647.397,0.76351,0.61157,1.11391,0,0,0,0,0,0,0,0.00375308,0.00375308,0.00375308
12,706.041,0.73674,0.56789,1.10255,0,0,0,0,0,0,0,0.00338539,0.00338539,0.00338539
13,764.598,0.75625,0.56126,1.10328,0,0,0,0,0,0,0,0.00301769,0.00301769,0.00301769
14,823.262,0.69076,0.49664,1.06818,0,0,0,0,0,0,0,0.00265,0.00265,0.00265
15,881.912,0.70395,0.49933,1.04578,0,0,0,0,0,0,0,0.00228231,0.00228231,0.00228231
16,940.603,0.71013,0.49581,1.07614,0,0,0,0,0,0,0,0.00191462,0.00191462,0.00191462
17,999.286,0.65121,0.45947,1.02669,0,0,0,0,0,0,0,0.00154693,0.00154693,0.00154693
18,1057.87,0.63371,0.4285,1.00838,0,0,0,0,0,0,0,0.00117923,0.00117923,0.00117923
19,1116.48,0.63525,0.42894,0.98711,0,0,0,0,0,0,0,0.000811542,0.000811542,0.000811542
20,1177.08,0.63489,0.43511,0.99113,0.87176,0.90251,0.93814,0.69934,0.80535,0.49461,0.90692,0.00044385,0.00044385,0.00044385
1,59.8887,1.10709,1.86828,1.54384,0,0,0,0,0,0,0,0.0619985,0.00303241,0.00303241
2,118.855,1.01121,1.2759,1.40457,0,0,0,0,0,0,0,0.0235468,0.0057762,0.0057762
3,177.598,1.01892,1.25445,1.39657,0,0,0,0,0,0,0,0.00665898,0.00665898,0.00665898
4,236.339,1.02816,1.06335,1.38599,0,0,0,0,0,0,0,0.00629347,0.00629347,0.00629347
5,295.114,1.00259,0.98579,1.39418,0,0,0,0,0,0,0,0.00592796,0.00592796,0.00592796
6,353.876,0.99844,0.88542,1.34524,0,0,0,0,0,0,0,0.00556245,0.00556245,0.00556245
7,412.616,0.94387,0.82196,1.3438,0,0,0,0,0,0,0,0.00519694,0.00519694,0.00519694
8,471.309,0.95036,0.82793,1.3225,0,0,0,0,0,0,0,0.00483143,0.00483143,0.00483143
9,530.042,0.89839,0.77071,1.30787,0,0,0,0,0,0,0,0.00446592,0.00446592,0.00446592
10,588.759,0.86524,0.73542,1.27103,0,0,0,0,0,0,0,0.00410042,0.00410042,0.00410042
11,647.877,0.88411,0.62601,1.30316,0,0,0,0,0,0,0,0.00373491,0.00373491,0.00373491
12,706.546,0.85054,0.59002,1.29841,0,0,0,0,0,0,0,0.0033694,0.0033694,0.0033694
13,765.138,0.88352,0.57832,1.28881,0,0,0,0,0,0,0,0.00300389,0.00300389,0.00300389
14,823.749,0.79004,0.53671,1.22011,0,0,0,0,0,0,0,0.00263838,0.00263838,0.00263838
15,882.427,0.81531,0.52307,1.23242,0,0,0,0,0,0,0,0.00227287,0.00227287,0.00227287
16,941.132,0.78994,0.50506,1.21002,0,0,0,0,0,0,0,0.00190736,0.00190736,0.00190736
17,999.843,0.75141,0.4706,1.17608,0,0,0,0,0,0,0,0.00154185,0.00154185,0.00154185
18,1058.54,0.72439,0.44981,1.16245,0,0,0,0,0,0,0,0.00117634,0.00117634,0.00117634
19,1117.18,0.71004,0.43114,1.12264,0,0,0,0,0,0,0,0.000810831,0.000810831,0.000810831
20,1177.87,0.71989,0.4386,1.12963,0.91013,0.83287,0.93588,0.69078,0.89726,0.50962,1.05331,0.000445321,0.000445321,0.000445321
1,59.7754,1.00911,2.56071,1.26302,0,0,0,0,0,0,0,0.0587194,0.0032028,0.0032028
2,118.646,0.92292,1.65193,1.17838,0,0,0,0,0,0,0,0.016959,0.00610083,0.00610083
3,177.437,0.86319,1.6625,1.10356,0,0,0,0,0,0,0,0.00648791,0.00648791,0.00648791
4,236.19,0.8772,1.1707,1.10595,0,0,0,0,0,0,0,0.00613186,0.00613186,0.00613186
5,294.915,0.8501,1.14479,1.10704,0,0,0,0,0,0,0,0.00577581,0.00577581,0.00577581
6,353.667,0.87959,1.09077,1.11303,0,0,0,0,0,0,0,0.00541976,0.00541976,0.00541976
7,412.447,0.84362,1.02787,1.1013,0,0,0,0,0,0,0,0.00506372,0.00506372,0.00506372
8,471.234,0.84086,0.94832,1.08182,0,0,0,0,0,0,0,0.00470767,0.00470767,0.00470767
9,530.013,0.81145,0.89144,1.03776,0,0,0,0,0,0,0,0.00435162,0.00435162,0.00435162
10,588.761,0.78937,0.87684,1.04826,0,0,0,0,0,0,0,0.00399558,0.00399558,0.00399558
11,647.814,0.78878,0.75421,1.05368,0,0,0,0,0,0,0,0.00363953,0.00363953,0.00363953
12,706.523,0.77172,0.68906,1.04198,0,0,0,0,0,0,0,0.00328348,0.00328348,0.00328348
13,765.144,0.76824,0.66148,1.04488,0,0,0,0,0,0,0,0.00292743,0.00292743,0.00292743
14,823.851,0.70644,0.62214,1.00398,0,0,0,0,0,0,0,0.00257139,0.00257139,0.00257139
15,882.569,0.71085,0.59685,1.00218,0,0,0,0,0,0,0,0.00221534,0.00221534,0.00221534
16,941.263,0.71502,0.58303,1.00461,0,0,0,0,0,0,0,0.00185929,0.00185929,0.00185929
17,999.983,0.66166,0.54817,0.96531,0,0,0,0,0,0,0,0.00150324,0.00150324,0.00150324
18,1058.64,0.65231,0.51863,0.95555,0,0,0,0,0,0,0,0.0011472,0.0011472,0.0011472
19,1117.24,0.64113,0.52055,0.93933,0,0,0,0,0,0,0,0.00079115,0.00079115,0.00079115
20,1177.97,0.64711,0.50255,0.94084,0.88997,0.85619,0.93566,0.69608,0.80971,0.5973,0.86298,0.000435103,0.000435103,0.000435103
1,59.8495,1.06824,2.62051,1.5752,0,0,0,0,0,0,0,0.0579794,0.00223024,0.00223024
2,118.741,1.03514,1.65666,1.50505,0,0,0,0,0,0,0,0.0155721,0.00424804,0.00424804
3,177.57,1.05064,1.74882,1.47804,0,0,0,0,0,0,0,0.00454103,0.00454103,0.00454103
4,236.37,1.08783,1.52032,1.49256,0,0,0,0,0,0,0,0.00429154,0.00429154,0.00429154
5,295.108,1.09746,1.52722,1.56524,0,0,0,0,0,0,0,0.00404206,0.00404206,0.00404206
6,353.892,1.09952,1.50418,1.5692,0,0,0,0,0,0,0,0.00379257,0.00379257,0.00379257
7,412.591,1.05854,1.3988,1.55783,0,0,0,0,0,0,0,0.00354309,0.00354309,0.00354309
8,471.327,1.06997,1.34234,1.54884,0,0,0,0,0,0,0,0.0032936,0.0032936,0.0032936
9,530.091,1.03937,1.28241,1.48708,0,0,0,0,0,0,0,0.00304412,0.00304412,0.00304412
10,588.807,0.99806,1.28516,1.47845,0,0,0,0,0,0,0,0.00279463,0.00279463,0.00279463
11,647.857,1.06205,1.22926,1.55944,0,0,0,0,0,0,0,0.00254515,0.00254515,0.00254515
12,706.467,1.00551,1.15354,1.52594,0,0,0,0,0,0,0,0.00229566,0.00229566,0.00229566
13,765.124,1.00838,1.09641,1.5127,0,0,0,0,0,0,0,0.00204618,0.00204618,0.00204618
14,823.745,0.95694,0.99445,1.46014,0,0,0,0,0,0,0,0.00179669,0.00179669,0.00179669
15,882.385,0.97597,1.02108,1.46169,0,0,0,0,0,0,0,0.00154721,0.00154721,0.00154721
16,941.006,0.94598,0.98424,1.47855,0,0,0,0,0,0,0,0.00129772,0.00129772,0.00129772
17,999.669,0.88845,0.9144,1.42632,0,0,0,0,0,0,0,0.00104824,0.00104824,0.00104824
18,1058.4,0.85758,0.84547,1.38041,0,0,0,0,0,0,0,0.000798754,0.000798754,0.000798754
19,1117.08,0.84233,0.79346,1.35002,0,0,0,0,0,0,0,0.000549269,0.000549269,0.000549269
20,1177.75,0.84755,0.81855,1.35244,0.87947,0.81616,0.90995,0.65526,0.94077,0.76604,1.2076,0.000299784,0.000299784,0.000299784
1,59.8421,1.10294,2.05417,1.00714,0,0,0,0,0,0,0,0.0628624,0.00230335,0.00230335
2,118.804,0.98073,1.2354,0.88954,0,0,0,0,0,0,0,0.0253498,0.00438708,0.00438708
3,177.607,0.97394,1.30506,0.87794,0,0,0,0,0,0,0,0.00526129,0.00526129,0.00526129
4,236.381,0.99769,1.12279,0.88449,0,0,0,0,0,0,0,0.00497193,0.00497193,0.00497193
5,295.148,0.94376,0.95855,0.8749,0,0,0,0,0,0,0,0.00468257,0.00468257,0.00468257
6,353.841,0.96237,0.9606,0.87357,0,0,0,0,0,0,0,0.00439321,0.00439321,0.00439321
7,412.641,0.88507,0.84521,0.83467,0,0,0,0,0,0,0,0.00410386,0.00410386,0.00410386
8,471.408,0.88365,0.8688,0.84878,0,0,0,0,0,0,0,0.0038145,0.0038145,0.0038145
9,530.18,0.90011,0.83699,0.84219,0,0,0,0,0,0,0,0.00352514,0.00352514,0.00352514
10,588.998,0.84727,0.78104,0.81276,0,0,0,0,0,0,0,0.00323578,0.00323578,0.00323578
11,648.108,0.83922,0.6496,0.82909,0,0,0,0,0,0,0,0.00294643,0.00294643,0.00294643
12,706.7,0.82457,0.61683,0.82344,0,0,0,0,0,0,0,0.00265707,0.00265707,0.00265707
13,765.294,0.81676,0.59215,0.80709,0,0,0,0,0,0,0,0.00236771,0.00236771,0.00236771
14,823.97,0.75473,0.54294,0.77733,0,0,0,0,0,0,0,0.00207835,0.00207835,0.00207835
15,882.602,0.77765,0.54927,0.78904,0,0,0,0,0,0,0,0.001789,0.001789,0.001789
16,941.263,0.75595,0.50847,0.77701,0,0,0,0,0,0,0,0.00149964,0.00149964,0.00149964
17,999.887,0.71371,0.49678,0.75302,0,0,0,0,0,0,0,0.00121028,0.00121028,0.00121028
18,1058.6,0.70824,0.4577,0.74889,0,0,0,0,0,0,0,0.000920924,0.000920924,0.000920924
19,1117.2,0.69682,0.4445,0.73833,0,0,0,0,0,0,0,0.000631567,0.000631567,0.000631567
20,1177.86,0.70589,0.45405,0.74089,0.90296,0.88124,0.94103,0.7095,0.84712,0.50424,0.66311,0.000342209,0.000342209,0.000342209
1,59.8697,1.07713,1.43256,0.96534,0,0,0,0,0,0,0,0.0606237,0.00260717,0.00260717
2,118.901,1.02993,0.91183,0.91547,0,0,0,0,0,0,0,0.0208335,0.00496575,0.00496575
3,177.628,0.98423,0.90004,0.87915,0,0,0,0,0,0,0,0.00559462,0.00559462,0.00559462
4,236.382,0.97711,0.71025,0.8738,0,0,0,0,0,0,0,0.00528693,0.00528693,0.00528693
5,295.122,0.94837,0.72282,0.87039,0,0,0,0,0,0,0,0.00497924,0.00497924,0.00497924
6,353.891,0.95387,0.67039,0.8718,0,0,0,0,0,0,0,0.00467155,0.00467155,0.00467155
7,412.667,0.9315,0.64851,0.86711,0,0,0,0,0,0,0,0.00436386,0.00436386,0.00436386
8,471.376,0.89823,0.60175,0.84656,0,0,0,0,0,0,0,0.00405617,0.00405617,0.00405617
9,530.08,0.88656,0.54636,0.82628,0,0,0,0,0,0,0,0.00374848,0.00374848,0.00374848
10,588.767,0.87624,0.54969,0.83731,0,0,0,0,0,0,0,0.00344079,0.00344079,0.00344079
11,647.923,0.84632,0.44669,0.8131,0,0,0,0,0,0,0,0.0031331,0.0031331,0.0031331
12,706.676,0.81146,0.42055,0.81454,0,0,0,0,0,0,0,0.00282541,0.00282541,0.00282541
13,765.346,0.83325,0.41326,0.80503,0,0,0,0,0,0,0,0.00251772,0.00251772,0.00251772
14,824.048,0.76206,0.38922,0.77575,0,0,0,0,0,0,0,0.00221003,0.00221003,0.00221003
15,882.73,0.77699,0.36848,0.78004,0,0,0,0,0,0,0,0.00190234,0.00190234,0.00190234
16,941.44,0.76659,0.35369,0.76499,0,0,0,0,0,0,0,0.00159465,0.00159465,0.00159465
17,1000.14,0.71077,0.33011,0.74721,0,0,0,0,0,0,0,0.00128696,0.00128696,0.00128696
18,1058.78,0.72784,0.32656,0.74822,0,0,0,0,0,0,0,0.00097927,0.00097927,0.00097927
19,1117.45,0.69204,0.31675,0.71861,0,0,0,0,0,0,0,0.00067158,0.00067158,0.00067158
20,1178.14,0.68956,0.31231,0.732,0.86442,0.88797,0.92938,0.68427,0.90035,0.37488,0.67369,0.00036389,0.00036389,0.00036389
1,59.8652,1.08622,2.19154,0.91932,0,0,0,0,0,0,0,0.0621568,0.00228319,0.00228319
2,118.921,0.96672,1.36383,0.82551,0,0,0,0,0,0,0,0.0239379,0.00434867,0.00434867
3,177.781,0.93219,1.36758,0.79857,0,0,0,0,0,0,0,0.00512615,0.00512615,0.00512615
4,236.622,0.94798,1.1453,0.79425,0,0,0,0,0,0,0,0.00484422,0.00484422,0.00484422
5,295.388,0.92952,1.05964,0.78862,0,0,0,0,0,0,0,0.0045623,0.0045623,0.0045623
6,354.065,0.91021,0.93964,0.77067,0,0,0,0,0,0,0,0.00428037,0.00428037,0.00428037
7,412.778,0.88996,0.94751,0.76584,0,0,0,0,0,0,0,0.00399845,0.00399845,0.00399845
8,471.563,0.86165,0.85639,0.74901,0,0,0,0,0,0,0,0.00371652,0.00371652,0.00371652
9,530.282,0.86774,0.81026,0.74491,0,0,0,0,0,0,0,0.0034346,0.0034346,0.0034346
10,589.153,0.84745,0.7947,0.75422,0,0,0,0,0,0,0,0.00315267,0.00315267,0.00315267
11,648.265,0.8531,0.66521,0.75787,0,0,0,0,0,0,0,0.00287075,0.00287075,0.00287075
12,707.05,0.81688,0.63477,0.75348,0,0,0,0,0,0,0,0.00258882,0.00258882,0.00258882
13,765.735,0.84213,0.63067,0.75622,0,0,0,0,0,0,0,0.0023069,0.0023069,0.0023069
14,824.405,0.76925,0.58141,0.72192,0,0,0,0,0,0,0,0.00202497,0.00202497,0.00202497
15,883.038,0.77828,0.55562,0.7116,0,0,0,0,0,0,0,0.00174305,0.00174305,0.00174305
16,941.682,0.77576,0.53604,0.72546,0,0,0,0,0,0,0,0.00146112,0.00146112,0.00146112
17,1000.38,0.71919,0.51099,0.69792,0,0,0,0,0,0,0,0.0011792,0.0011792,0.0011792
18,1059.02,0.71273,0.48026,0.68666,0,0,0,0,0,0,0,0.00089727,0.00089727,0.00089727
19,1117.65,0.69128,0.48337,0.6775,0,0,0,0,0,0,0,0.000615345,0.000615345,0.000615345
20,1178.33,0.70651,0.47691,0.67652,0.87284,0.89863,0.94258,0.6915,0.89606,0.56996,0.61866,0.00033342,0.00033342,0.00033342
1,60.1158,1.1,1.90584,1.34367,0,0,0,0,0,0,0,0.0676546,0.00207192,0.00207192
2,119.201,0.98548,1.14652,1.20795,0,0,0,0,0,0,0,0.0349765,0.00394667,0.00394667
3,178.048,0.91646,1.20345,1.13876,0,0,0,0,0,0,0,0.00542457,0.00542457,0.00542457
4,236.766,0.9328,1.09699,1.14087,0,0,0,0,0,0,0,0.00512685,0.00512685,0.00512685
5,295.489,0.88929,0.95603,1.11889,0,0,0,0,0,0,0,0.00482914,0.00482914,0.00482914
6,354.181,0.88097,0.86877,1.12578,0,0,0,0,0,0,0,0.00453142,0.00453142,0.00453142
7,412.854,0.87309,0.86666,1.11917,0,0,0,0,0,0,0,0.0042337,0.0042337,0.0042337
8,471.53,0.86919,0.86605,1.11557,0,0,0,0,0,0,0,0.00393599,0.00393599,0.00393599
9,530.272,0.83972,0.7564,1.11048,0,0,0,0,0,0,0,0.00363827,0.00363827,0.00363827
10,589.046,0.81829,0.7396,1.07337,0,0,0,0,0,0,0,0.00334056,0.00334056,0.00334056
11,648.101,0.78245,0.59775,1.0697,0,0,0,0,0,0,0,0.00304284,0.00304284,0.00304284
12,706.819,0.77739,0.58112,1.06659,0,0,0,0,0,0,0,0.00274512,0.00274512,0.00274512
13,765.52,0.79248,0.57952,1.05454,0,0,0,0,0,0,0,0.00244741,0.00244741,0.00244741
14,824.233,0.74747,0.52733,1.01768,0,0,0,0,0,0,0,0.00214969,0.00214969,0.00214969
15,882.911,0.73348,0.52107,1.00466,0,0,0,0,0,0,0,0.00185197,0.00185197,0.00185197
16,941.546,0.75824,0.52328,1.02773,0,0,0,0,0,0,0,0.00155426,0.00155426,0.00155426
17,1000.23,0.70228,0.47074,1.00911,0,0,0,0,0,0,0,0.00125654,0.00125654,0.00125654
18,1058.91,0.68953,0.47759,0.99007,0,0,0,0,0,0,0,0.000958826,0.000958826,0.000958826
19,1117.59,0.68604,0.47579,0.98694,0,0,0,0,0,0,0,0.00066111,0.00066111,0.00066111
20,1178.31,0.6939,0.46753,0.98792,0.87546,0.86159,0.92687,0.67817,0.90054,0.56929,0.91215,0.000363394,0.000363394,0.000363394
1,59.823,1.30089,2.33751,0.68037,0,0,0,0,0,0,0,0.0596684,0.00250145,0.00250145
2,118.849,1.22243,1.53989,0.6428,0,0,0,0,0,0,0,0.0189295,0.00476419,0.00476419
3,177.661,1.18513,1.35935,0.61481,0,0,0,0,0,0,0,0.00526085,0.00526085,0.00526085
4,236.459,1.19835,1.24049,0.61686,0,0,0,0,0,0,0,0.00497127,0.00497127,0.00497127
5,295.216,1.14669,1.1123,0.60755,0,0,0,0,0,0,0,0.00468169,0.00468169,0.00468169
6,353.979,1.16603,1.07227,0.62257,0,0,0,0,0,0,0,0.00439212,0.00439212,0.00439212
7,412.686,1.11174,1.01923,0.60882,0,0,0,0,0,0,0,0.00410254,0.00410254,0.00410254
8,471.397,1.1657,0.99345,0.62034,0,0,0,0,0,0,0,0.00381297,0.00381297,0.00381297
9,530.144,1.08272,0.90751,0.58316,0,0,0,0,0,0,0,0.00352339,0.00352339,0.00352339
10,588.909,1.06445,0.90291,0.58904,0,0,0,0,0,0,0,0.00323381,0.00323381,0.00323381
11,647.941,1.08256,0.7953,0.59938,0,0,0,0,0,0,0,0.00294424,0.00294424,0.00294424
12,706.531,1.06184,0.72496,0.6,0,0,0,0,0,0,0,0.00265466,0.00265466,0.00265466
13,765.197,1.11112,0.75587,0.60714,0,0,0,0,0,0,0,0.00236508,0.00236508,0.00236508
14,823.784,0.99422,0.67795,0.5716,0,0,0,0,0,0,0,0.00207551,0.00207551,0.00207551
15,882.454,0.98854,0.65329,0.56722,0,0,0,0,0,0,0,0.00178593,0.00178593,0.00178593
16,941.152,0.99918,0.62209,0.57752,0,0,0,0,0,0,0,0.00149635,0.00149635,0.00149635
17,999.734,0.91812,0.58034,0.55493,0,0,0,0,0,0,0,0.00120678,0.00120678,0.00120678
18,1058.23,0.90852,0.54205,0.54478,0,0,0,0,0,0,0,0.000917201,0.000917201,0.000917201
19,1116.9,0.89979,0.53712,0.53759,0,0,0,0,0,0,0,0.000627625,0.000627625,0.000627625
20,1177.57,0.91523,0.5494,0.5438,0.86465,0.87465,0.93354,0.68807,1.09919,0.61215,0.47751,0.000338048,0.000338048,0.000338048
1,60.0779,1.36403,2.53421,1.73948,0,0,0,0,0,0,0,0.0713229,0.0020363,0.0020363
2,119.068,1.26863,1.44818,1.61958,0,0,0,0,0,0,0,0.0423307,0.00387843,0.00387843
3,177.876,1.23598,1.47289,1.53117,0,0,0,0,0,0,0,0.0131359,0.00551799,0.00551799
4,236.691,1.24007,1.39782,1.52437,0,0,0,0,0,0,0,0.00564451,0.00564451,0.00564451
5,295.422,1.1751,1.15919,1.48222,0,0,0,0,0,0,0,0.00531601,0.00531601,0.00531601
6,354.051,1.22208,1.08722,1.52997,0,0,0,0,0,0,0,0.00498752,0.00498752,0.00498752
7,412.685,1.17215,0.99229,1.48578,0,0,0,0,0,0,0,0.00465902,0.00465902,0.00465902
8,471.427,1.13772,0.94686,1.46667,0,0,0,0,0,0,0,0.00433052,0.00433052,0.00433052
9,530.118,1.13595,0.90434,1.4717,0,0,0,0,0,0,0,0.00400203,0.00400203,0.00400203
10,588.836,1.08448,0.854,1.41578,0,0,0,0,0,0,0,0.00367353,0.00367353,0.00367353
11,647.89,1.08855,0.73983,1.43314,0,0,0,0,0,0,0,0.00334503,0.00334503,0.00334503
12,706.582,1.04394,0.70508,1.43365,0,0,0,0,0,0,0,0.00301654,0.00301654,0.00301654
13,765.283,1.06144,0.66929,1.43364,0,0,0,0,0,0,0,0.00268804,0.00268804,0.00268804
14,823.891,0.9815,0.61399,1.37826,0,0,0,0,0,0,0,0.00235954,0.00235954,0.00235954
15,882.411,1.0195,0.61703,1.39505,0,0,0,0,0,0,0,0.00203105,0.00203105,0.00203105
16,940.947,0.99747,0.60744,1.38396,0,0,0,0,0,0,0,0.00170255,0.00170255,0.00170255
17,999.598,0.94335,0.56573,1.33468,0,0,0,0,0,0,0,0.00137405,0.00137405,0.00137405
18,1058.26,0.90859,0.54535,1.30138,0,0,0,0,0,0,0,0.00104556,0.00104556,0.00104556
19,1116.8,0.8852,0.51762,1.27793,0,0,0,0,0,0,0,0.000717061,0.000717061,0.000717061
20,1177.42,0.91472,0.52406,1.30213,0.85383,0.87867,0.93344,0.68984,1.12941,0.60346,1.18,0.000388564,0.000388564,0.000388564
1,60.0153,1.25192,2.07757,1.24185,0,0,0,0,0,0,0,0.0656351,0.00218184,0.00218184
2,119.073,1.16088,1.27044,1.16637,0,0,0,0,0,0,0,0.0309187,0.0041561,0.0041561
3,177.972,1.08928,1.36118,1.11124,0,0,0,0,0,0,0,0.00537967,0.00537967,0.00537967
4,236.661,1.0882,1.07856,1.0964,0,0,0,0,0,0,0,0.00508451,0.00508451,0.00508451
5,295.376,1.02675,0.97834,1.07602,0,0,0,0,0,0,0,0.00478935,0.00478935,0.00478935
6,354.121,1.07192,0.92715,1.09814,0,0,0,0,0,0,0,0.00449419,0.00449419,0.00449419
7,412.84,1.01232,0.8736,1.08421,0,0,0,0,0,0,0,0.00419902,0.00419902,0.00419902
8,471.617,1.02251,0.82879,1.06961,0,0,0,0,0,0,0,0.00390386,0.00390386,0.00390386
9,530.419,0.97086,0.78928,1.02446,0,0,0,0,0,0,0,0.0036087,0.0036087,0.0036087
10,589.129,0.9689,0.7628,1.04247,0,0,0,0,0,0,0,0.00331354,0.00331354,0.00331354
11,648.256,0.96448,0.64081,1.05115,0,0,0,0,0,0,0,0.00301837,0.00301837,0.00301837
12,706.949,0.92423,0.59174,1.02043,0,0,0,0,0,0,0,0.00272321,0.00272321,0.00272321
13,765.712,0.94843,0.58545,1.02225,0,0,0,0,0,0,0,0.00242805,0.00242805,0.00242805
14,824.427,0.86655,0.53554,0.97492,0,0,0,0,0,0,0,0.00213288,0.00213288,0.00213288
15,883.131,0.86745,0.52869,0.97128,0,0,0,0,0,0,0,0.00183772,0.00183772,0.00183772
16,941.83,0.87616,0.5143,0.98562,0,0,0,0,0,0,0,0.00154256,0.00154256,0.00154256
17,1000.62,0.8129,0.49079,0.95756,0,0,0,0,0,0,0,0.0012474,0.0012474,0.0012474
18,1059.42,0.8017,0.46895,0.9426,0,0,0,0,0,0,0,0.000952233,0.000952233,0.000952233
19,1118.11,0.79563,0.45689,0.93443,0,0,0,0,0,0,0,0.00065707,0.00065707,0.00065707
20,1178.8,0.80878,0.45607,0.94167,0.89988,0.85237,0.93246,0.69182,1.03052,0.54955,0.86766,0.000361907,0.000361907,0.000361907
1,59.8621,1.13554,1.66071,1.60448,0,0,0,0,0,0,0,0.0609511,0.00238669,0.00238669
2,118.939,1.00462,0.95548,1.4187,0,0,0,0,0,0,0,0.0215118,0.00454603,0.00454603
3,177.665,1.05298,0.94345,1.44484,0,0,0,0,0,0,0,0.00518977,0.00518977,0.00518977
4,236.379,1.02774,0.87186,1.41547,0,0,0,0,0,0,0,0.00490465,0.00490465,0.00490465
5,295.157,0.99131,0.78769,1.40279,0,0,0,0,0,0,0,0.00461953,0.00461953,0.00461953
6,353.808,0.9735,0.71692,1.39015,0,0,0,0,0,0,0,0.00433441,0.00433441,0.00433441
7,412.551,0.94791,0.67422,1.3606,0,0,0,0,0,0,0,0.0040493,0.0040493,0.0040493
8,471.269,1.00401,0.70974,1.40887,0,0,0,0,0,0,0,0.00376418,0.00376418,0.00376418
9,529.982,0.89716,0.62302,1.3199,0,0,0,0,0,0,0,0.00347906,0.00347906,0.00347906
10,588.712,0.90926,0.64629,1.33739,0,0,0,0,0,0,0,0.00319395,0.00319395,0.00319395
11,647.768,0.8974,0.53531,1.32565,0,0,0,0,0,0,0,0.00290883,0.00290883,0.00290883
12,706.44,0.88496,0.49625,1.33433,0,0,0,0,0,0,0,0.00262371,0.00262371,0.00262371
13,764.998,0.85901,0.48162,1.30212,0,0,0,0,0,0,0,0.00233859,0.00233859,0.00233859
14,823.641,0.80406,0.4316,1.25317,0,0,0,0,0,0,0,0.00205348,0.00205348,0.00205348
15,882.303,0.82167,0.43544,1.26662,0,0,0,0,0,0,0,0.00176836,0.00176836,0.00176836
16,940.898,0.81537,0.4182,1.2693,0,0,0,0,0,0,0,0.00148324,0.00148324,0.00148324
17,999.477,0.75727,0.3922,1.22227,0,0,0,0,0,0,0,0.00119813,0.00119813,0.00119813
18,1058.11,0.74041,0.37656,1.20303,0,0,0,0,0,0,0,0.000913009,0.000913009,0.000913009
19,1116.76,0.73259,0.36443,1.17356,0,0,0,0,0,0,0,0.000627892,0.000627892,0.000627892
20,1177.32,0.72953,0.36482,1.18699,0.89199,0.86072,0.93694,0.70422,0.91933,0.41405,1.07507,0.000342775,0.000342775,0.000342775
1,59.8328,1.02672,2.30364,0.96944,0,0,0,0,0,0,0,0.0631542,0.00259522,0.00259522
2,118.847,0.92644,1.35747,0.8699,0,0,0,0,0,0,0,0.0259057,0.00494297,0.00494297
3,177.726,0.92926,1.51003,0.85767,0,0,0,0,0,0,0,0.00592795,0.00592795,0.00592795
4,236.422,0.92505,1.28793,0.85707,0,0,0,0,0,0,0,0.00560193,0.00560193,0.00560193
5,295.119,0.85934,0.98032,0.83212,0,0,0,0,0,0,0,0.00527591,0.00527591,0.00527591
6,353.789,0.90816,1.0761,0.85387,0,0,0,0,0,0,0,0.00494989,0.00494989,0.00494989
7,412.515,0.82297,0.88665,0.79915,0,0,0,0,0,0,0,0.00462386,0.00462386,0.00462386
8,471.225,0.81065,0.89001,0.81471,0,0,0,0,0,0,0,0.00429784,0.00429784,0.00429784
9,529.921,0.8324,0.85996,0.8035,0,0,0,0,0,0,0,0.00397182,0.00397182,0.00397182
10,588.605,0.80242,0.81092,0.78434,0,0,0,0,0,0,0,0.0036458,0.0036458,0.0036458
11,647.62,0.80712,0.72781,0.81494,0,0,0,0,0,0,0,0.00331977,0.00331977,0.00331977
12,706.255,0.7842,0.66898,0.7999,0,0,0,0,0,0,0,0.00299375,0.00299375,0.00299375
13,764.853,0.79931,0.65252,0.80878,0,0,0,0,0,0,0,0.00266773,0.00266773,0.00266773
14,823.494,0.71661,0.60519,0.75695,0,0,0,0,0,0,0,0.00234171,0.00234171,0.00234171
15,882.117,0.74616,0.60927,0.75586,0,0,0,0,0,0,0,0.00201568,0.00201568,0.00201568
16,940.746,0.72675,0.57742,0.76438,0,0,0,0,0,0,0,0.00168966,0.00168966,0.00168966
17,999.384,0.68298,0.53684,0.74853,0,0,0,0,0,0,0,0.00136364,0.00136364,0.00136364
18,1057.9,0.67814,0.50464,0.73748,0,0,0,0,0,0,0,0.00103762,0.00103762,0.00103762
19,1116.46,0.67005,0.50701,0.71985,0,0,0,0,0,0,0,0.000711594,0.000711594,0.000711594
20,1177.08,0.67145,0.51776,0.72963,0.89293,0.87744,0.94643,0.70015,0.82536,0.53726,0.66504,0.000385572,0.000385572,0.000385572
1,59.8757,1.11018,1.85901,1.59498,0,0,0,0,0,0,0,0.0614476,0.00295088,0.00295088
2,118.862,1.00672,1.27688,1.44131,0,0,0,0,0,0,0,0.0224508,0.00562071,0.00562071
3,177.602,1.0158,1.31608,1.43701,0,0,0,0,0,0,0,0.0064062,0.0064062,0.0064062
4,236.283,1.02287,1.04343,1.43381,0,0,0,0,0,0,0,0.0060543,0.0060543,0.0060543
5,294.975,0.97662,1.00989,1.4244,0,0,0,0,0,0,0,0.0057024,0.0057024,0.0057024
6,353.597,0.9786,0.92773,1.41832,0,0,0,0,0,0,0,0.00535051,0.00535051,0.00535051
7,412.291,0.96954,0.8627,1.39646,0,0,0,0,0,0,0,0.00499861,0.00499861,0.00499861
8,471.03,0.93573,0.84723,1.40281,0,0,0,0,0,0,0,0.00464671,0.00464671,0.00464671
9,529.771,0.92163,0.82421,1.37611,0,0,0,0,0,0,0,0.00429481,0.00429481,0.00429481
10,588.525,0.88848,0.77899,1.33014,0,0,0,0,0,0,0,0.00394291,0.00394291,0.00394291
11,647.598,0.87378,0.6759,1.35019,0,0,0,0,0,0,0,0.00359101,0.00359101,0.00359101
12,706.21,0.84614,0.5944,1.33983,0,0,0,0,0,0,0,0.00323911,0.00323911,0.00323911
13,764.766,0.86856,0.60522,1.33682,0,0,0,0,0,0,0,0.00288721,0.00288721,0.00288721
14,823.331,0.80358,0.55568,1.28621,0,0,0,0,0,0,0,0.00253532,0.00253532,0.00253532
15,881.917,0.81778,0.54456,1.29045,0,0,0,0,0,0,0,0.00218342,0.00218342,0.00218342
16,940.53,0.79637,0.5074,1.26903,0,0,0,0,0,0,0,0.00183152,0.00183152,0.00183152
17,999.156,0.73808,0.47573,1.22902,0,0,0,0,0,0,0,0.00147962,0.00147962,0.00147962
18,1057.79,0.72876,0.46193,1.2133,0,0,0,0,0,0,0,0.00112772,0.00112772,0.00112772
19,1116.38,0.70891,0.44441,1.18027,0,0,0,0,0,0,0,0.000775822,0.000775822,0.000775822
20,1177.03,0.71117,0.43832,1.1878,0.87762,0.87465,0.93464,0.69331,0.8878,0.50718,1.10486,0.000423923,0.000423923,0.000423923
1,60.1939,1.74818,2.81845,1.44541,0,0,0,0,0,0,0,0.0723714,0.00120225,0.00120225
2,119.273,1.5748,1.39495,1.3247,0,0,0,0,0,0,0,0.0445148,0.00229006,0.00229006
3,178.107,1.4287,1.10808,1.20519,0,0,0,0,0,0,0,0.0165388,0.00325848,0.00325848
4,236.791,1.44793,1.05712,1.23172,0,0,0,0,0,0,0,0.00355124,0.00355124,0.00355124
5,295.468,1.38678,0.90486,1.19864,0,0,0,0,0,0,0,0.00334498,0.00334498,0.00334498
6,354.141,1.46876,0.88009,1.24726,0,0,0,0,0,0,0,0.00313873,0.00313873,0.00313873
7,412.82,1.41506,0.86498,1.20112,0,0,0,0,0,0,0,0.00293247,0.00293247,0.00293247
8,471.475,1.35664,0.78267,1.15715,0,0,0,0,0,0,0,0.00272622,0.00272622,0.00272622
9,530.072,1.36366,0.78347,1.16111,0,0,0,0,0,0,0,0.00251996,0.00251996,0.00251996
10,588.732,1.35344,0.73423,1.14856,0,0,0,0,0,0,0,0.00231371,0.00231371,0.00231371
11,647.805,1.32418,0.67003,1.1628,0,0,0,0,0,0,0,0.00210746,0.00210746,0.00210746
12,706.451,1.26344,0.59981,1.1405,0,0,0,0,0,0,0,0.0019012,0.0019012,0.0019012
13,765.025,1.35049,0.59733,1.15204,0,0,0,0,0,0,0,0.00169495,0.00169495,0.00169495
14,823.589,1.24354,0.5539,1.12206,0,0,0,0,0,0,0,0.00148869,0.00148869,0.00148869
15,882.25,1.26325,0.5591,1.10717,0,0,0,0,0,0,0,0.00128244,0.00128244,0.00128244
16,940.778,1.24373,0.53955,1.11889,0,0,0,0,0,0,0,0.00107618,0.00107618,0.00107618
17,999.369,1.16497,0.51904,1.08894,0,0,0,0,0,0,0,0.000869929,0.000869929,0.000869929
18,1058.01,1.14891,0.50095,1.06714,0,0,0,0,0,0,0,0.000663674,0.000663674,0.000663674
19,1116.64,1.12031,0.48128,1.03342,0,0,0,0,0,0,0,0.00045742,0.00045742,0.00045742
20,1177.41,1.13169,0.4987,1.04012,0.83791,0.86399,0.91648,0.67057,1.34487,0.47619,0.9628,0.000251165,0.000251165,0.000251165
1,59.8561,1.08734,1.94639,0.99835,0,0,0,0,0,0,0,0.0631073,0.00230481,0.00230481
2,118.885,1.00252,1.29544,0.92119,0,0,0,0,0,0,0,0.0258405,0.00438991,0.00438991
3,177.528,0.98602,1.21026,0.88746,0,0,0,0,0,0,0,0.00529744,0.00529744,0.00529744
4,236.23,0.96662,1.0561,0.88106,0,0,0,0,0,0,0,0.00500617,0.00500617,0.00500617
5,294.912,0.92953,0.98626,0.8547,0,0,0,0,0,0,0,0.00471489,0.00471489,0.00471489
6,353.425,0.95396,0.94159,0.87101,0,0,0,0,0,0,0,0.00442361,0.00442361,0.00442361
7,412.081,0.9156,0.86994,0.86531,0,0,0,0,0,0,0,0.00413233,0.00413233,0.00413233
8,470.756,0.89256,0.82376,0.84795,0,0,0,0,0,0,0,0.00384106,0.00384106,0.00384106
9,529.466,0.89301,0.82347,0.84681,0,0,0,0,0,0,0,0.00354978,0.00354978,0.00354978
10,588.203,0.83776,0.74929,0.82363,0,0,0,0,0,0,0,0.0032585,0.0032585,0.0032585
11,647.241,0.87013,0.64708,0.8508,0,0,0,0,0,0,0,0.00296722,0.00296722,0.00296722
12,705.794,0.83077,0.6048,0.84087,0,0,0,0,0,0,0,0.00267595,0.00267595,0.00267595
13,764.433,0.8559,0.61077,0.83248,0,0,0,0,0,0,0,0.00238467,0.00238467,0.00238467
14,823.001,0.79165,0.58217,0.79498,0,0,0,0,0,0,0,0.00209339,0.00209339,0.00209339
15,881.622,0.78184,0.54116,0.78957,0,0,0,0,0,0,0,0.00180211,0.00180211,0.00180211
16,940.176,0.77164,0.49974,0.78881,0,0,0,0,0,0,0,0.00151084,0.00151084,0.00151084
17,998.789,0.71858,0.4873,0.76261,0,0,0,0,0,0,0,0.00121956,0.00121956,0.00121956
18,1057.48,0.72534,0.47323,0.76106,0,0,0,0,0,0,0,0.000928281,0.000928281,0.000928281
19,1116.12,0.71205,0.46362,0.75409,0,0,0,0,0,0,0,0.000637004,0.000637004,0.000637004
20,1176.74,0.70432,0.47242,0.74228,0.86235,0.88999,0.93665,0.6972,0.87316,0.52018,0.68578,0.000345726,0.000345726,0.000345726
1,59.9084,0.93848,1.87759,1.02747,0,0,0,0,0,0,0,0.0655199,0.00104442,0.00104442
2,118.894,0.81414,1.01882,0.90774,0,0,0,0,0,0,0,0.0308004,0.00198925,0.00198925
3,177.735,0.78179,1.00645,0.8702,0,0,0,0,0,0,0,0.00264867,0.00264867,0.00264867
4,236.489,0.7794,0.91145,0.88116,0,0,0,0,0,0,0,0.002503,0.002503,0.002503
5,295.274,0.71867,0.8307,0.83419,0,0,0,0,0,0,0,0.00235734,0.00235734,0.00235734
6,353.972,0.73316,0.79694,0.84471,0,0,0,0,0,0,0,0.00221167,0.00221167,0.00221167
7,412.708,0.70933,0.72602,0.82919,0,0,0,0,0,0,0,0.00206601,0.00206601,0.00206601
8,471.404,0.71723,0.75652,0.82913,0,0,0,0,0,0,0,0.00192034,0.00192034,0.00192034
9,530.03,0.68087,0.67528,0.81709,0,0,0,0,0,0,0,0.00177468,0.00177468,0.00177468
10,588.692,0.67157,0.67386,0.79962,0,0,0,0,0,0,0,0.00162901,0.00162901,0.00162901
11,647.822,0.67023,0.57021,0.80339,0,0,0,0,0,0,0,0.00148335,0.00148335,0.00148335
12,706.503,0.65463,0.51959,0.7979,0,0,0,0,0,0,0,0.00133768,0.00133768,0.00133768
13,765.073,0.6677,0.51252,0.79724,0,0,0,0,0,0,0,0.00119202,0.00119202,0.00119202
14,823.604,0.62072,0.48182,0.77401,0,0,0,0,0,0,0,0.00104635,0.00104635,0.00104635
15,882.289,0.62868,0.47065,0.77452,0,0,0,0,0,0,0,0.000900687,0.000900687,0.000900687
16,940.915,0.62223,0.47012,0.77344,0,0,0,0,0,0,0,0.000755021,0.000755021,0.000755021
17,999.555,0.58318,0.45345,0.7547,0,0,0,0,0,0,0,0.000609356,0.000609356,0.000609356
18,1058.22,0.59276,0.43845,0.75757,0,0,0,0,0,0,0,0.000463691,0.000463691,0.000463691
19,1116.76,0.58652,0.43255,0.74061,0,0,0,0,0,0,0,0.000318026,0.000318026,0.000318026
20,1177.33,0.58438,0.4347,0.74802,0.87785,0.8608,0.93796,0.68837,0.75842,0.4893,0.6877,0.00017236,0.00017236,0.00017236
1,59.9149,0.81063,2.22756,1.71699,0,0,0,0,0,0,0,0.0583821,0.00165295,0.00165295
2,118.798,0.73548,1.17603,1.57243,0,0,0,0,0,0,0,0.0164367,0.00314879,0.00314879
3,177.512,0.75259,1.21607,1.56246,0,0,0,0,0,0,0,0.00344264,0.00344264,0.00344264
4,236.23,0.79317,1.19319,1.58837,0,0,0,0,0,0,0,0.00325396,0.00325396,0.00325396
5,294.907,0.81252,1.12438,1.62482,0,0,0,0,0,0,0,0.00306528,0.00306528,0.00306528
6,353.604,0.8433,1.14698,1.68158,0,0,0,0,0,0,0,0.0028766,0.0028766,0.0028766
7,412.25,0.80539,1.12966,1.65969,0,0,0,0,0,0,0,0.00268792,0.00268792,0.00268792
8,471.052,0.80373,1.0626,1.62886,0,0,0,0,0,0,0,0.00249924,0.00249924,0.00249924
9,529.776,0.76948,1.02797,1.583,0,0,0,0,0,0,0,0.00231057,0.00231057,0.00231057
10,588.469,0.77813,1.02949,1.60759,0,0,0,0,0,0,0,0.00212189,0.00212189,0.00212189
11,647.553,0.73448,0.84727,1.56856,0,0,0,0,0,0,0,0.00193321,0.00193321,0.00193321
12,706.283,0.70901,0.80895,1.52229,0,0,0,0,0,0,0,0.00174453,0.00174453,0.00174453
13,764.929,0.71743,0.78287,1.53804,0,0,0,0,0,0,0,0.00155585,0.00155585,0.00155585
14,823.59,0.67025,0.74981,1.48799,0,0,0,0,0,0,0,0.00136717,0.00136717,0.00136717
15,882.218,0.65866,0.70299,1.4546,0,0,0,0,0,0,0,0.00117849,0.00117849,0.00117849
16,940.804,0.6487,0.6834,1.44373,0,0,0,0,0,0,0,0.00098981,0.00098981,0.00098981
17,999.498,0.60992,0.6309,1.40424,0,0,0,0,0,0,0,0.00080113,0.00080113,0.00080113
18,1058.14,0.6051,0.61315,1.39252,0,0,0,0,0,0,0,0.000612451,0.000612451,0.000612451
19,1116.78,0.59009,0.5966,1.375,0,0,0,0,0,0,0,0.000423772,0.000423772,0.000423772
20,1177.48,0.5699,0.57497,1.34198,0.86743,0.8273,0.91045,0.65,0.70795,0.66753,1.22093,0.000235092,0.000235092,0.000235092
1,60.1265,1.40367,2.51924,1.73996,0,0,0,0,0,0,0,0.0715636,0.00201921,0.00201921
2,119.215,1.28007,1.48017,1.588,0,0,0,0,0,0,0,0.0428147,0.00384588,0.00384588
3,178.015,1.21444,1.32915,1.50494,0,0,0,0,0,0,0,0.013865,0.00547168,0.00547168
4,236.759,1.20957,1.30571,1.49108,0,0,0,0,0,0,0,0.00564451,0.00564451,0.00564451
5,295.432,1.24352,1.19714,1.53317,0,0,0,0,0,0,0,0.00531601,0.00531601,0.00531601
6,354.056,1.25881,1.09644,1.5279,0,0,0,0,0,0,0,0.00498752,0.00498752,0.00498752
7,412.627,1.17588,1.03952,1.48973,0,0,0,0,0,0,0,0.00465902,0.00465902,0.00465902
8,471.201,1.11892,0.95493,1.44209,0,0,0,0,0,0,0,0.00433052,0.00433052,0.00433052
9,529.77,1.16372,0.9525,1.48158,0,0,0,0,0,0,0,0.00400203,0.00400203,0.00400203
10,588.337,1.10869,0.87751,1.41223,0,0,0,0,0,0,0,0.00367353,0.00367353,0.00367353
11,647.318,1.09831,0.75616,1.44514,0,0,0,0,0,0,0,0.00334503,0.00334503,0.00334503
12,705.914,1.04983,0.68945,1.41018,0,0,0,0,0,0,0,0.00301654,0.00301654,0.00301654
13,764.431,1.07326,0.68596,1.41819,0,0,0,0,0,0,0,0.00268804,0.00268804,0.00268804
14,822.937,0.98955,0.62966,1.3589,0,0,0,0,0,0,0,0.00235954,0.00235954,0.00235954
15,881.525,0.99397,0.61684,1.34748,0,0,0,0,0,0,0,0.00203105,0.00203105,0.00203105
16,940.093,0.98204,0.59086,1.35641,0,0,0,0,0,0,0,0.00170255,0.00170255,0.00170255
17,998.623,0.91811,0.56163,1.3016,0,0,0,0,0,0,0,0.00137405,0.00137405,0.00137405
18,1057.21,0.9062,0.54719,1.28922,0,0,0,0,0,0,0,0.00104556,0.00104556,0.00104556
19,1115.85,0.88974,0.52438,1.26567,0,0,0,0,0,0,0,0.000717061,0.000717061,0.000717061
20,1176.52,0.89011,0.51233,1.26809,0.84879,0.89125,0.934,0.6907,1.12324,0.5866,1.18701,0.000388564,0.000388564,0.000388564
1,59.765,1.11584,2.31636,1.07064,0,0,0,0,0,0,0,0.0630596,0.00250056,0.00250056
2,118.629,1.03475,1.42157,1.00711,0,0,0,0,0,0,0,0.0257253,0.00476256,0.00476256
3,177.353,1.01297,1.34665,0.96882,0,0,0,0,0,0,0,0.00571142,0.00571142,0.00571142
4,236.021,1.00157,1.1243,0.95106,0,0,0,0,0,0,0,0.00539713,0.00539713,0.00539713
5,294.633,0.97642,1.04694,0.96207,0,0,0,0,0,0,0,0.00508284,0.00508284,0.00508284
6,353.219,1.00062,1.02506,0.95946,0,0,0,0,0,0,0,0.00476855,0.00476855,0.00476855
7,411.868,0.96921,0.97067,0.9615,0,0,0,0,0,0,0,0.00445426,0.00445426,0.00445426
8,470.499,0.95213,0.89956,0.94303,0,0,0,0,0,0,0,0.00413997,0.00413997,0.00413997
9,529.183,0.93048,0.85016,0.92444,0,0,0,0,0,0,0,0.00382568,0.00382568,0.00382568
10,587.862,0.89981,0.83667,0.91581,0,0,0,0,0,0,0,0.00351139,0.00351139,0.00351139
11,646.851,0.91967,0.74805,0.93109,0,0,0,0,0,0,0,0.0031971,0.0031971,0.0031971
12,705.378,0.89375,0.68869,0.93494,0,0,0,0,0,0,0,0.00288281,0.00288281,0.00288281
13,763.907,0.89901,0.64401,0.92561,0,0,0,0,0,0,0,0.00256852,0.00256852,0.00256852
14,822.486,0.81891,0.60938,0.88382,0,0,0,0,0,0,0,0.00225423,0.00225423,0.00225423
15,881.105,0.83273,0.59112,0.87378,0,0,0,0,0,0,0,0.00193994,0.00193994,0.00193994
16,939.682,0.83106,0.57181,0.89044,0,0,0,0,0,0,0,0.00162566,0.00162566,0.00162566
17,998.276,0.77842,0.52654,0.85984,0,0,0,0,0,0,0,0.00131137,0.00131137,0.00131137
18,1056.94,0.76806,0.50467,0.85369,0,0,0,0,0,0,0,0.000997076,0.000997076,0.000997076
19,1115.52,0.75068,0.48569,0.82204,0,0,0,0,0,0,0,0.000682786,0.000682786,0.000682786
20,1176.19,0.75792,0.50419,0.83694,0.88712,0.8468,0.92401,0.69203,0.91105,0.5493,0.76259,0.000368497,0.000368497,0.000368497
1,59.9074,1.08865,1.88154,1.05367,0,0,0,0,0,0,0,0.0644626,0.0022041,0.0022041
2,118.792,0.96016,1.05309,0.94275,0,0,0,0,0,0,0,0.0285665,0.00419803,0.00419803
3,177.561,1.03148,1.20818,0.96866,0,0,0,0,0,0,0,0.00526129,0.00526129,0.00526129
4,236.265,0.95656,0.96365,0.90597,0,0,0,0,0,0,0,0.00497193,0.00497193,0.00497193
5,294.957,0.97801,0.88536,0.93843,0,0,0,0,0,0,0,0.00468257,0.00468257,0.00468257
6,353.616,0.97711,0.85659,0.93511,0,0,0,0,0,0,0,0.00439321,0.00439321,0.00439321
7,412.308,0.92308,0.78984,0.90356,0,0,0,0,0,0,0,0.00410386,0.00410386,0.00410386
8,470.994,0.96981,0.81282,0.92825,0,0,0,0,0,0,0,0.0038145,0.0038145,0.0038145
9,529.667,0.91211,0.76515,0.88664,0,0,0,0,0,0,0,0.00352514,0.00352514,0.00352514
10,588.279,0.87293,0.69469,0.87676,0,0,0,0,0,0,0,0.00323578,0.00323578,0.00323578
11,647.294,0.88383,0.62542,0.88836,0,0,0,0,0,0,0,0.00294643,0.00294643,0.00294643
12,705.904,0.85078,0.58483,0.88384,0,0,0,0,0,0,0,0.00265707,0.00265707,0.00265707
13,764.432,0.85702,0.56496,0.8723,0,0,0,0,0,0,0,0.00236771,0.00236771,0.00236771
14,822.943,0.78693,0.52314,0.8314,0,0,0,0,0,0,0,0.00207835,0.00207835,0.00207835
15,881.496,0.79919,0.50488,0.83827,0,0,0,0,0,0,0,0.001789,0.001789,0.001789
16,940.032,0.77775,0.48678,0.82906,0,0,0,0,0,0,0,0.00149964,0.00149964,0.00149964
17,998.667,0.74043,0.43547,0.80343,0,0,0,0,0,0,0,0.00121028,0.00121028,0.00121028
18,1057.32,0.71549,0.41461,0.79546,0,0,0,0,0,0,0,0.000920924,0.000920924,0.000920924
19,1115.91,0.69718,0.41663,0.76842,0,0,0,0,0,0,0,0.000631567,0.000631567,0.000631567
20,1176.52,0.69772,0.42614,0.77451,0.86935,0.84123,0.91864,0.67483,0.88804,0.48502,0.70943,0.000342209,0.000342209,0.000342209
1,59.8071,1.1495,1.81335,1.00383,0,0,0,0,0,0,0,0.0587495,0.00331091,0.00331091
2,118.763,1.07949,1.18159,0.95364,0,0,0,0,0,0,0,0.0170088,0.00630709,0.00630709
3,177.457,1.11613,1.10522,0.93188,0,0,0,0,0,0,0,0.00669591,0.00669591,0.00669591
4,236.166,1.06242,0.98981,0.90438,0,0,0,0,0,0,0,0.00632886,0.00632886,0.00632886
5,294.884,1.06367,0.86694,0.90349,0,0,0,0,0,0,0,0.00596182,0.00596182,0.00596182
6,353.48,1.03527,0.79463,0.88834,0,0,0,0,0,0,0,0.00559477,0.00559477,0.00559477
7,412.195,0.9941,0.75054,0.87432,0,0,0,0,0,0,0,0.00522773,0.00522773,0.00522773
8,470.908,1.04233,0.78145,0.90876,0,0,0,0,0,0,0,0.00486068,0.00486068,0.00486068
9,529.559,0.97755,0.69234,0.84287,0,0,0,0,0,0,0,0.00449363,0.00449363,0.00449363
10,588.243,0.93803,0.68145,0.84635,0,0,0,0,0,0,0,0.00412659,0.00412659,0.00412659
11,647.356,0.91789,0.57309,0.83668,0,0,0,0,0,0,0,0.00375954,0.00375954,0.00375954
12,705.979,0.89497,0.53843,0.8248,0,0,0,0,0,0,0,0.0033925,0.0033925,0.0033925
13,764.628,0.91233,0.51595,0.81896,0,0,0,0,0,0,0,0.00302545,0.00302545,0.00302545
14,823.252,0.82427,0.4578,0.78972,0,0,0,0,0,0,0,0.00265841,0.00265841,0.00265841
15,881.883,0.83606,0.46203,0.79963,0,0,0,0,0,0,0,0.00229136,0.00229136,0.00229136
16,940.42,0.82015,0.43367,0.78873,0,0,0,0,0,0,0,0.00192431,0.00192431,0.00192431
17,998.969,0.75779,0.40878,0.76251,0,0,0,0,0,0,0,0.00155727,0.00155727,0.00155727
18,1057.56,0.75792,0.38449,0.75305,0,0,0,0,0,0,0,0.00119022,0.00119022,0.00119022
19,1116.12,0.73476,0.38468,0.73564,0,0,0,0,0,0,0,0.000823177,0.000823177,0.000823177
20,1176.73,0.73871,0.3872,0.73803,0.86879,0.87187,0.93035,0.68445,0.93275,0.43712,0.67909,0.000456131,0.000456131,0.000456131
1,59.806,1.01715,2.04288,0.99965,0,0,0,0,0,0,0,0.0642808,0.00219122,0.00219122
2,118.743,0.93704,1.19844,0.93599,0,0,0,0,0,0,0,0.0282033,0.00417346,0.00417346
3,177.478,0.89283,1.23658,0.87773,0,0,0,0,0,0,0,0.00520711,0.00520711,0.00520711
4,236.145,0.89603,0.97868,0.87872,0,0,0,0,0,0,0,0.00492066,0.00492066,0.00492066
5,294.739,0.87163,0.91671,0.88648,0,0,0,0,0,0,0,0.00463422,0.00463422,0.00463422
6,353.342,0.87923,0.9003,0.87799,0,0,0,0,0,0,0,0.00434777,0.00434777,0.00434777
7,411.978,0.84023,0.85824,0.8631,0,0,0,0,0,0,0,0.00406133,0.00406133,0.00406133
8,470.626,0.83818,0.80313,0.85787,0,0,0,0,0,0,0,0.00377488,0.00377488,0.00377488
9,529.241,0.82668,0.75856,0.82902,0,0,0,0,0,0,0,0.00348844,0.00348844,0.00348844
10,587.937,0.81668,0.75013,0.8493,0,0,0,0,0,0,0,0.00320199,0.00320199,0.00320199
11,646.92,0.80677,0.62889,0.85879,0,0,0,0,0,0,0,0.00291555,0.00291555,0.00291555
12,705.499,0.78469,0.58443,0.85128,0,0,0,0,0,0,0,0.0026291,0.0026291,0.0026291
13,764.045,0.7835,0.57121,0.83978,0,0,0,0,0,0,0,0.00234266,0.00234266,0.00234266
14,822.604,0.73264,0.55674,0.80616,0,0,0,0,0,0,0,0.00205621,0.00205621,0.00205621
15,881.171,0.73653,0.52829,0.79516,0,0,0,0,0,0,0,0.00176977,0.00176977,0.00176977
16,939.707,0.72864,0.52196,0.80683,0,0,0,0,0,0,0,0.00148332,0.00148332,0.00148332
17,998.313,0.69675,0.49435,0.79708,0,0,0,0,0,0,0,0.00119688,0.00119688,0.00119688
18,1056.87,0.70076,0.47219,0.79019,0,0,0,0,0,0,0,0.000910431,0.000910431,0.000910431
19,1115.38,0.68079,0.46697,0.7631,0,0,0,0,0,0,0,0.000623986,0.000623986,0.000623986
20,1175.93,0.69365,0.47362,0.77483,0.88227,0.85585,0.93584,0.68381,0.85226,0.52679,0.71088,0.00033754,0.00033754,0.00033754
1,59.905,1.06916,1.97604,1.54616,0,0,0,0,0,0,0,0.0635685,0.00282658,0.00282658
2,118.821,1.01148,1.26356,1.46302,0,0,0,0,0,0,0,0.0267133,0.00538413,0.00538413
3,177.526,0.95844,1.29869,1.40269,0,0,0,0,0,0,0,0.00648775,0.00648775,0.00648775
4,236.206,0.97562,1.12379,1.40329,0,0,0,0,0,0,0,0.00613162,0.00613162,0.00613162
5,294.888,0.96482,1.07384,1.41747,0,0,0,0,0,0,0,0.00577549,0.00577549,0.00577549
6,353.528,0.96665,0.95152,1.40988,0,0,0,0,0,0,0,0.00541937,0.00541937,0.00541937
7,412.117,0.94646,0.85952,1.41877,0,0,0,0,0,0,0,0.00506324,0.00506324,0.00506324
8,470.735,0.93631,0.83701,1.38269,0,0,0,0,0,0,0,0.00470712,0.00470712,0.00470712
9,529.302,0.88267,0.75838,1.31069,0,0,0,0,0,0,0,0.00435099,0.00435099,0.00435099
10,587.868,0.88806,0.75891,1.33692,0,0,0,0,0,0,0,0.00399486,0.00399486,0.00399486
11,646.933,0.86517,0.64982,1.32911,0,0,0,0,0,0,0,0.00363874,0.00363874,0.00363874
12,705.516,0.82683,0.60545,1.32078,0,0,0,0,0,0,0,0.00328261,0.00328261,0.00328261
13,764.138,0.85966,0.60229,1.33095,0,0,0,0,0,0,0,0.00292648,0.00292648,0.00292648
14,822.723,0.7764,0.54517,1.25392,0,0,0,0,0,0,0,0.00257036,0.00257036,0.00257036
15,881.308,0.78698,0.52731,1.25278,0,0,0,0,0,0,0,0.00221423,0.00221423,0.00221423
16,939.889,0.76933,0.50362,1.25568,0,0,0,0,0,0,0,0.0018581,0.0018581,0.0018581
17,998.509,0.73202,0.47344,1.22267,0,0,0,0,0,0,0,0.00150198,0.00150198,0.00150198
18,1057.16,0.72699,0.45067,1.20884,0,0,0,0,0,0,0,0.00114585,0.00114585,0.00114585
19,1115.72,0.69996,0.4441,1.17565,0,0,0,0,0,0,0,0.000789725,0.000789725,0.000789725
20,1176.3,0.70929,0.44483,1.18543,0.88179,0.89346,0.94454,0.69398,0.89199,0.52042,1.08386,0.000433598,0.000433598,0.000433598
1,59.8163,1.20868,2.04223,1.73489,0,0,0,0,0,0,0,0.0674409,0.00209299,0.00209299
2,118.688,1.0608,1.15789,1.54404,0,0,0,0,0,0,0,0.0345461,0.00398675,0.00398675
3,177.417,1.00273,1.21786,1.47147,0,0,0,0,0,0,0,0.00544246,0.00544246,0.00544246
4,236.036,1.03348,1.02554,1.47896,0,0,0,0,0,0,0,0.00514369,0.00514369,0.00514369
5,294.605,0.97311,0.87878,1.44536,0,0,0,0,0,0,0,0.00484493,0.00484493,0.00484493
6,353.216,0.97707,0.85867,1.44947,0,0,0,0,0,0,0,0.00454616,0.00454616,0.00454616
7,411.813,0.9555,0.79393,1.43332,0,0,0,0,0,0,0,0.00424739,0.00424739,0.00424739
8,470.372,0.92359,0.79769,1.39232,0,0,0,0,0,0,0,0.00394862,0.00394862,0.00394862
9,529.03,0.9108,0.71736,1.40363,0,0,0,0,0,0,0,0.00364985,0.00364985,0.00364985
10,587.74,0.89197,0.68868,1.36857,0,0,0,0,0,0,0,0.00335108,0.00335108,0.00335108
11,646.764,0.8575,0.56715,1.34646,0,0,0,0,0,0,0,0.00305231,0.00305231,0.00305231
12,705.352,0.84486,0.54731,1.33185,0,0,0,0,0,0,0,0.00275355,0.00275355,0.00275355
13,764,0.84601,0.52411,1.32701,0,0,0,0,0,0,0,0.00245478,0.00245478,0.00245478
14,822.658,0.78244,0.4802,1.27777,0,0,0,0,0,0,0,0.00215601,0.00215601,0.00215601
15,881.256,0.78582,0.45667,1.27189,0,0,0,0,0,0,0,0.00185724,0.00185724,0.00185724
16,939.78,0.79176,0.45614,1.28731,0,0,0,0,0,0,0,0.00155847,0.00155847,0.00155847
17,998.409,0.73631,0.43247,1.24212,0,0,0,0,0,0,0,0.0012597,0.0012597,0.0012597
18,1057,0.74857,0.42376,1.25943,0,0,0,0,0,0,0,0.000960934,0.000960934,0.000960934
19,1115.68,0.73144,0.41933,1.22386,0,0,0,0,0,0,0,0.000662165,0.000662165,0.000662165
20,1176.35,0.72841,0.42463,1.23689,0.87131,0.86757,0.92974,0.6807,0.97244,0.50788,1.14964,0.000363397,0.000363397,0.000363397
1,59.8837,1.05132,2.13762,1.14631,0,0,0,0,0,0,0,0.0641329,0.00204337,0.00204337
2,118.838,0.97636,1.26068,1.08637,0,0,0,0,0,0,0,0.0279218,0.0038919,0.0038919
3,177.602,0.95422,1.17606,1.03076,0,0,0,0,0,0,0,0.00485588,0.00485588,0.00485588
4,236.29,0.93385,1.06885,1.0138,0,0,0,0,0,0,0,0.00458882,0.00458882,0.00458882
5,294.955,0.92679,0.96118,1.03595,0,0,0,0,0,0,0,0.00432176,0.00432176,0.00432176
6,353.591,0.94732,0.96482,1.0348,0,0,0,0,0,0,0,0.00405469,0.00405469,0.00405469
7,412.212,0.92826,0.91699,1.02387,0,0,0,0,0,0,0,0.00378763,0.00378763,0.00378763
8,470.843,0.92202,0.89653,1.02264,0,0,0,0,0,0,0,0.00352057,0.00352057,0.00352057
9,529.417,0.86907,0.81971,0.96542,0,0,0,0,0,0,0,0.00325351,0.00325351,0.00325351
10,588.042,0.87536,0.7914,0.99356,0,0,0,0,0,0,0,0.00298645,0.00298645,0.00298645
11,647.029,0.90548,0.71442,1.02106,0,0,0,0,0,0,0,0.00271939,0.00271939,0.00271939
12,705.582,0.8555,0.65531,0.98396,0,0,0,0,0,0,0,0.00245233,0.00245233,0.00245233
13,764.101,0.86381,0.64046,0.98688,0,0,0,0,0,0,0,0.00218527,0.00218527,0.00218527
14,822.683,0.80123,0.5923,0.94378,0,0,0,0,0,0,0,0.00191821,0.00191821,0.00191821
15,881.217,0.80802,0.57172,0.93564,0,0,0,0,0,0,0,0.00165115,0.00165115,0.00165115
16,939.722,0.80397,0.55459,0.94851,0,0,0,0,0,0,0,0.00138408,0.00138408,0.00138408
17,998.337,0.73506,0.51338,0.90441,0,0,0,0,0,0,0,0.00111702,0.00111702,0.00111702
18,1056.92,0.72529,0.48879,0.89385,0,0,0,0,0,0,0,0.000849963,0.000849963,0.000849963
19,1115.46,0.71858,0.47505,0.88178,0,0,0,0,0,0,0,0.000582902,0.000582902,0.000582902
20,1176.04,0.73542,0.49083,0.89638,0.85949,0.8468,0.92364,0.68084,0.88434,0.54653,0.81019,0.000315841,0.000315841,0.000315841
1,59.8767,1.08862,1.90564,1.5562,0,0,0,0,0,0,0,0.0630766,0.0028262,0.0028262
2,118.909,1.03289,1.19031,1.48084,0,0,0,0,0,0,0,0.0257277,0.00538338,0.00538338
3,177.689,1.01553,1.34036,1.43944,0,0,0,0,0,0,0,0.00640661,0.00640661,0.00640661
4,236.441,1.01624,1.05318,1.42317,0,0,0,0,0,0,0,0.00605491,0.00605491,0.00605491
5,295.112,0.97119,0.93114,1.38733,0,0,0,0,0,0,0,0.00570322,0.00570322,0.00570322
6,353.753,0.96673,0.86495,1.38038,0,0,0,0,0,0,0,0.00535152,0.00535152,0.00535152
7,412.49,0.92793,0.8076,1.34379,0,0,0,0,0,0,0,0.00499982,0.00499982,0.00499982
8,471.314,0.96284,0.83053,1.37316,0,0,0,0,0,0,0,0.00464813,0.00464813,0.00464813
9,529.945,0.90502,0.75131,1.33077,0,0,0,0,0,0,0,0.00429643,0.00429643,0.00429643
10,588.716,0.88638,0.73871,1.32925,0,0,0,0,0,0,0,0.00394473,0.00394473,0.00394473
11,647.745,0.85973,0.62612,1.32165,0,0,0,0,0,0,0,0.00359304,0.00359304,0.00359304
12,706.401,0.85263,0.56484,1.32159,0,0,0,0,0,0,0,0.00324134,0.00324134,0.00324134
13,765.031,0.86387,0.56785,1.3032,0,0,0,0,0,0,0,0.00288965,0.00288965,0.00288965
14,823.66,0.80226,0.51478,1.26539,0,0,0,0,0,0,0,0.00253795,0.00253795,0.00253795
15,882.295,0.80975,0.5006,1.27003,0,0,0,0,0,0,0,0.00218625,0.00218625,0.00218625
16,940.838,0.79072,0.47634,1.24607,0,0,0,0,0,0,0,0.00183456,0.00183456,0.00183456
17,999.477,0.74464,0.45908,1.21896,0,0,0,0,0,0,0,0.00148286,0.00148286,0.00148286
18,1058,0.72379,0.4339,1.19271,0,0,0,0,0,0,0,0.00113117,0.00113117,0.00113117
19,1116.73,0.71332,0.41066,1.18132,0,0,0,0,0,0,0,0.000779469,0.000779469,0.000779469
20,1177.36,0.72286,0.42583,1.17245,0.85696,0.87465,0.92959,0.68702,0.91081,0.51607,1.11127,0.000427773,0.000427773,0.000427773
1,59.9275,1.03091,1.45357,1.0026,0,0,0,0,0,0,0,0.0514679,0.00186468,0.00186468
2,118.989,0.92582,0.7767,0.92151,0,0,0,0,0,0,0,0.00351667,0.00351667,0.00351667
3,177.777,0.8674,0.6223,0.85965,0,0,0,0,0,0,0,0.00333335,0.00333335,0.00333335
4,236.578,0.87289,0.52362,0.85557,0,0,0,0,0,0,0,0.00315002,0.00315002,0.00315002
5,295.32,0.85928,0.52583,0.85971,0,0,0,0,0,0,0,0.0029667,0.0029667,0.0029667
6,354.059,0.85078,0.47864,0.84074,0,0,0,0,0,0,0,0.00278337,0.00278337,0.00278337
7,412.753,0.81385,0.45762,0.83463,0,0,0,0,0,0,0,0.00260005,0.00260005,0.00260005
8,471.453,0.82096,0.43662,0.83023,0,0,0,0,0,0,0,0.00241672,0.00241672,0.00241672
9,530.088,0.77937,0.39531,0.78859,0,0,0,0,0,0,0,0.00223339,0.00223339,0.00223339
10,588.778,0.76397,0.40861,0.80174,0,0,0,0,0,0,0,0.00205007,0.00205007,0.00205007
11,647.989,0.80789,0.37582,0.82096,0,0,0,0,0,0,0,0.00186674,0.00186674,0.00186674
12,706.51,0.77604,0.34347,0.80949,0,0,0,0,0,0,0,0.00168342,0.00168342,0.00168342
13,765.105,0.78046,0.32848,0.79843,0,0,0,0,0,0,0,0.00150009,0.00150009,0.00150009
14,823.776,0.71618,0.30524,0.77968,0,0,0,0,0,0,0,0.00131677,0.00131677,0.00131677
15,882.451,0.73309,0.29985,0.77527,0,0,0,0,0,0,0,0.00113344,0.00113344,0.00113344
16,941.073,0.7282,0.2993,0.78141,0,0,0,0,0,0,0,0.000950114,0.000950114,0.000950114
17,999.675,0.67632,0.28395,0.7609,0,0,0,0,0,0,0,0.000766788,0.000766788,0.000766788
18,1058.36,0.67076,0.27065,0.75609,0,0,0,0,0,0,0,0.000583462,0.000583462,0.000583462
19,1116.97,0.67592,0.26684,0.73964,0,0,0,0,0,0,0,0.000400136,0.000400136,0.000400136
20,1177.59,0.67538,0.27305,0.74762,0.89343,0.8468,0.93383,0.69058,0.8314,0.27571,0.67835,0.000216811,0.000216811,0.000216811
1,59.8185,1.13583,2.94696,0.97647,0,0,0,0,0,0,0,0.0620854,0.00152637,0.00152637
2,118.728,1.01328,1.64947,0.89145,0,0,0,0,0,0,0,0.02387,0.00290726,0.00290726
3,177.511,0.92991,1.4332,0.84059,0,0,0,0,0,0,0,0.00348668,0.00348668,0.00348668
4,236.202,0.93016,1.14176,0.81617,0,0,0,0,0,0,0,0.00329503,0.00329503,0.00329503
5,294.97,0.9156,1.0711,0.82675,0,0,0,0,0,0,0,0.00310337,0.00310337,0.00310337
6,353.563,0.93732,1.05616,0.82932,0,0,0,0,0,0,0,0.00291171,0.00291171,0.00291171
7,412.262,0.90128,0.94659,0.81878,0,0,0,0,0,0,0,0.00272005,0.00272005,0.00272005
8,470.947,0.88468,0.90005,0.80363,0,0,0,0,0,0,0,0.00252839,0.00252839,0.00252839
9,529.603,0.83196,0.84588,0.769,0,0,0,0,0,0,0,0.00233674,0.00233674,0.00233674
10,588.268,0.84407,0.84399,0.78576,0,0,0,0,0,0,0,0.00214508,0.00214508,0.00214508
11,647.337,0.80403,0.67457,0.76871,0,0,0,0,0,0,0,0.00195342,0.00195342,0.00195342
12,705.925,0.79532,0.63422,0.75825,0,0,0,0,0,0,0,0.00176176,0.00176176,0.00176176
13,764.507,0.78826,0.61472,0.74264,0,0,0,0,0,0,0,0.00157011,0.00157011,0.00157011
14,823.027,0.75461,0.59178,0.74243,0,0,0,0,0,0,0,0.00137845,0.00137845,0.00137845
15,881.694,0.73988,0.55266,0.72721,0,0,0,0,0,0,0,0.00118679,0.00118679,0.00118679
16,940.344,0.74612,0.53137,0.73255,0,0,0,0,0,0,0,0.000995132,0.000995132,0.000995132
17,999.014,0.68507,0.50962,0.70746,0,0,0,0,0,0,0,0.000803474,0.000803474,0.000803474
18,1057.73,0.70297,0.49833,0.7134,0,0,0,0,0,0,0,0.000611816,0.000611816,0.000611816
19,1116.4,0.68053,0.49364,0.69278,0,0,0,0,0,0,0,0.000420158,0.000420158,0.000420158
20,1177.1,0.68526,0.496,0.6997,0.87408,0.86908,0.94012,0.69377,0.87892,0.5526,0.62959,0.0002285,0.0002285,0.0002285
1,60.1373,1.50996,2.96451,1.29142,0,0,0,0,0,0,0,0.0711498,0.00190039,0.00190039
2,119.284,1.36467,1.59708,1.18467,0,0,0,0,0,0,0,0.0419971,0.00361942,0.00361942
3,178.044,1.36079,1.56626,1.13405,0,0,0,0,0,0,0,0.0126553,0.00514926,0.00514926
4,236.667,1.44655,1.74879,1.1712,0,0,0,0,0,0,0,0.00526069,0.00526069,0.00526069
5,295.255,1.60087,1.73225,1.27588,0,0,0,0,0,0,0,0.00495426,0.00495426,0.00495426
6,353.883,1.71975,1.86497,1.341,0,0,0,0,0,0,0,0.00464782,0.00464782,0.00464782
7,412.596,1.68453,1.87438,1.33759,0,0,0,0,0,0,0,0.00434139,0.00434139,0.00434139
8,471.238,1.67145,1.76638,1.33895,0,0,0,0,0,0,0,0.00403495,0.00403495,0.00403495
9,529.905,1.68375,1.76733,1.29998,0,0,0,0,0,0,0,0.00372852,0.00372852,0.00372852
10,588.549,1.62629,1.73085,1.29835,0,0,0,0,0,0,0,0.00342208,0.00342208,0.00342208
11,647.552,1.67675,1.7211,1.35592,0,0,0,0,0,0,0,0.00311565,0.00311565,0.00311565
12,706.11,1.65514,1.56136,1.3669,0,0,0,0,0,0,0,0.00280921,0.00280921,0.00280921
13,764.715,1.6648,1.55719,1.35922,0,0,0,0,0,0,0,0.00250278,0.00250278,0.00250278
14,823.25,1.5982,1.50673,1.32109,0,0,0,0,0,0,0,0.00219634,0.00219634,0.00219634
15,881.789,1.53807,1.4346,1.28358,0,0,0,0,0,0,0,0.00188991,0.00188991,0.00188991
16,940.412,1.53189,1.43492,1.31215,0,0,0,0,0,0,0,0.00158347,0.00158347,0.00158347
17,999.049,1.50878,1.30983,1.29386,0,0,0,0,0,0,0,0.00127704,0.00127704,0.00127704
18,1057.61,1.40101,1.24374,1.20977,0,0,0,0,0,0,0,0.0009706,0.0009706,0.0009706
19,1116.16,1.39947,1.18817,1.19237,0,0,0,0,0,0,0,0.000664165,0.000664165,0.000664165
20,1176.8,1.42124,1.18593,1.22159,0.87475,0.62953,0.81279,0.55732,1.47342,1.23175,1.02011,0.000357729,0.000357729,0.000357729
1,59.7105,1.10677,2.14549,1.0234,0,0,0,0,0,0,0,0.0540191,0.00324391,0.00324391
2,118.511,1.01227,1.36292,0.95284,0,0,0,0,0,0,0,0.00753479,0.0061782,0.0061782
3,177.176,1.00571,1.2468,0.92041,0,0,0,0,0,0,0,0.00593632,0.00593632,0.00593632
4,235.787,0.98231,0.97187,0.92339,0,0,0,0,0,0,0,0.00560949,0.00560949,0.00560949
5,294.389,1.00483,0.92359,0.91134,0,0,0,0,0,0,0,0.00528265,0.00528265,0.00528265
6,353.025,0.94281,0.81443,0.87799,0,0,0,0,0,0,0,0.00495581,0.00495581,0.00495581
7,411.706,0.93294,0.76839,0.87911,0,0,0,0,0,0,0,0.00462897,0.00462897,0.00462897
8,470.295,0.93445,0.75808,0.87398,0,0,0,0,0,0,0,0.00430214,0.00430214,0.00430214
9,529.002,0.92274,0.71674,0.86865,0,0,0,0,0,0,0,0.0039753,0.0039753,0.0039753
10,587.645,0.90408,0.69616,0.86462,0,0,0,0,0,0,0,0.00364846,0.00364846,0.00364846
11,646.698,0.86777,0.56136,0.85543,0,0,0,0,0,0,0,0.00332162,0.00332162,0.00332162
12,705.349,0.85889,0.53839,0.85289,0,0,0,0,0,0,0,0.00299479,0.00299479,0.00299479
13,763.961,0.87056,0.52984,0.84962,0,0,0,0,0,0,0,0.00266795,0.00266795,0.00266795
14,822.55,0.80966,0.48747,0.81669,0,0,0,0,0,0,0,0.00234111,0.00234111,0.00234111
15,881.165,0.81515,0.48953,0.80627,0,0,0,0,0,0,0,0.00201427,0.00201427,0.00201427
16,939.745,0.80832,0.4638,0.8182,0,0,0,0,0,0,0,0.00168744,0.00168744,0.00168744
17,998.293,0.7381,0.434,0.77975,0,0,0,0,0,0,0,0.0013606,0.0013606,0.0013606
18,1056.87,0.75413,0.42299,0.78307,0,0,0,0,0,0,0,0.00103376,0.00103376,0.00103376
19,1115.49,0.72263,0.4054,0.76221,0,0,0,0,0,0,0,0.000706922,0.000706922,0.000706922
20,1176.17,0.72697,0.41249,0.76615,0.91386,0.82451,0.93638,0.68036,0.93493,0.47904,0.71513,0.000380085,0.000380085,0.000380085
1,60.0912,1.3667,2.33986,1.68782,0,0,0,0,0,0,0,0.070289,0.00219857,0.00219857
2,119.224,1.27185,1.4251,1.54492,0,0,0,0,0,0,0,0.0402428,0.0041875,0.0041875
3,178.05,1.23473,1.47708,1.46866,0,0,0,0,0,0,0,0.00997781,0.0059577,0.0059577
4,236.77,1.28832,1.29635,1.53597,0,0,0,0,0,0,0,0.00586586,0.00586586,0.00586586
5,295.474,1.2317,1.10332,1.47233,0,0,0,0,0,0,0,0.00552448,0.00552448,0.00552448
6,354.085,1.27187,1.12158,1.52115,0,0,0,0,0,0,0,0.00518311,0.00518311,0.00518311
7,412.69,1.19615,1.04605,1.45905,0,0,0,0,0,0,0,0.00484173,0.00484173,0.00484173
8,471.304,1.17972,0.98628,1.44165,0,0,0,0,0,0,0,0.00450035,0.00450035,0.00450035
9,530.032,1.0971,0.92368,1.39384,0,0,0,0,0,0,0,0.00415897,0.00415897,0.00415897
10,588.766,1.13506,0.92263,1.42813,0,0,0,0,0,0,0,0.00381759,0.00381759,0.00381759
11,647.77,1.12742,0.77631,1.45453,0,0,0,0,0,0,0,0.00347621,0.00347621,0.00347621
12,706.45,1.08382,0.71562,1.42678,0,0,0,0,0,0,0,0.00313483,0.00313483,0.00313483
13,765.073,1.10691,0.73947,1.43344,0,0,0,0,0,0,0,0.00279345,0.00279345,0.00279345
14,823.656,1.01629,0.67656,1.3665,0,0,0,0,0,0,0,0.00245208,0.00245208,0.00245208
15,882.303,1.00031,0.62582,1.34519,0,0,0,0,0,0,0,0.0021107,0.0021107,0.0021107
16,940.995,1.00211,0.62294,1.35456,0,0,0,0,0,0,0,0.00176932,0.00176932,0.00176932
17,999.668,0.93863,0.57425,1.3034,0,0,0,0,0,0,0,0.00142794,0.00142794,0.00142794
18,1058.28,0.91229,0.54831,1.28585,0,0,0,0,0,0,0,0.00108656,0.00108656,0.00108656
19,1116.83,0.89212,0.53233,1.2571,0,0,0,0,0,0,0,0.000745181,0.000745181,0.000745181
20,1177.44,0.91016,0.53163,1.27362,0.88112,0.86908,0.92653,0.68705,1.12385,0.62328,1.188,0.000403802,0.000403802,0.000403802
1,59.986,1.32851,2.25676,2.07349,0,0,0,0,0,0,0,0.067256,0.00219411,0.00219411
2,119.02,1.21253,1.35801,1.9209,0,0,0,0,0,0,0,0.0341653,0.00417906,0.00417906
3,177.824,1.12639,1.26422,1.81655,0,0,0,0,0,0,0,0.00565782,0.00565782,0.00565782
4,236.549,1.1098,1.05278,1.78282,0,0,0,0,0,0,0,0.00534672,0.00534672,0.00534672
5,295.259,1.08939,0.99789,1.79904,0,0,0,0,0,0,0,0.00503563,0.00503563,0.00503563
6,353.969,1.09377,0.89294,1.77925,0,0,0,0,0,0,0,0.00472454,0.00472454,0.00472454
7,412.722,1.04316,0.82337,1.74542,0,0,0,0,0,0,0,0.00441345,0.00441345,0.00441345
8,471.571,1.03349,0.7686,1.71946,0,0,0,0,0,0,0,0.00410235,0.00410235,0.00410235
9,530.309,0.99032,0.70594,1.65925,0,0,0,0,0,0,0,0.00379126,0.00379126,0.00379126
10,588.969,0.96863,0.72536,1.6628,0,0,0,0,0,0,0,0.00348017,0.00348017,0.00348017
11,648.021,0.92633,0.5589,1.62445,0,0,0,0,0,0,0,0.00316908,0.00316908,0.00316908
12,706.702,0.88944,0.51156,1.59697,0,0,0,0,0,0,0,0.00285798,0.00285798,0.00285798
13,765.232,0.90464,0.49732,1.59902,0,0,0,0,0,0,0,0.00254689,0.00254689,0.00254689
14,823.87,0.82708,0.4679,1.53754,0,0,0,0,0,0,0,0.0022358,0.0022358,0.0022358
15,882.403,0.8358,0.44898,1.52922,0,0,0,0,0,0,0,0.00192471,0.00192471,0.00192471
16,941.052,0.82171,0.43641,1.53023,0,0,0,0,0,0,0,0.00161361,0.00161361,0.00161361
17,999.658,0.76959,0.41015,1.46602,0,0,0,0,0,0,0,0.00130252,0.00130252,0.00130252
18,1058.26,0.78169,0.40677,1.49307,0,0,0,0,0,0,0,0.00099143,0.00099143,0.00099143
19,1116.82,0.77182,0.40029,1.46373,0,0,0,0,0,0,0,0.000680338,0.000680338,0.000680338
20,1177.42,0.76892,0.40603,1.47052,0.90353,0.87187,0.9255,0.69035,1.05306,0.50812,1.38169,0.000369245,0.000369245,0.000369245
1,59.8963,1.10252,1.95536,1.05604,0,0,0,0,0,0,0,0.0629689,0.00240984,0.00240984
2,118.84,0.99338,1.26071,0.94965,0,0,0,0,0,0,0,0.0255526,0.0045899,0.0045899
3,177.614,1.03812,1.2779,0.94488,0,0,0,0,0,0,0,0.00550453,0.00550453,0.00550453
4,236.375,1.06054,1.29398,0.95687,0,0,0,0,0,0,0,0.00520179,0.00520179,0.00520179
5,295.014,1.016,1.08604,0.95162,0,0,0,0,0,0,0,0.00489906,0.00489906,0.00489906
6,353.706,1.04581,1.03733,0.96794,0,0,0,0,0,0,0,0.00459632,0.00459632,0.00459632
7,412.431,0.96216,0.90623,0.92051,0,0,0,0,0,0,0,0.00429359,0.00429359,0.00429359
8,471.073,0.93514,0.90452,0.92655,0,0,0,0,0,0,0,0.00399085,0.00399085,0.00399085
9,529.744,0.95352,0.90137,0.908,0,0,0,0,0,0,0,0.00368812,0.00368812,0.00368812
10,588.381,0.9201,0.87899,0.89455,0,0,0,0,0,0,0,0.00338538,0.00338538,0.00338538
11,647.422,0.9033,0.7387,0.89062,0,0,0,0,0,0,0,0.00308265,0.00308265,0.00308265
12,706.003,0.84694,0.68459,0.87893,0,0,0,0,0,0,0,0.00277991,0.00277991,0.00277991
13,764.562,0.8824,0.62607,0.88252,0,0,0,0,0,0,0,0.00247718,0.00247718,0.00247718
14,823.12,0.80908,0.60057,0.84343,0,0,0,0,0,0,0,0.00217444,0.00217444,0.00217444
15,881.754,0.82762,0.58771,0.85544,0,0,0,0,0,0,0,0.00187171,0.00187171,0.00187171
16,940.33,0.79873,0.56183,0.83393,0,0,0,0,0,0,0,0.00156897,0.00156897,0.00156897
17,998.969,0.75016,0.5167,0.81062,0,0,0,0,0,0,0,0.00126624,0.00126624,0.00126624
18,1057.55,0.72953,0.49735,0.79159,0,0,0,0,0,0,0,0.000963501,0.000963501,0.000963501
19,1116.19,0.71851,0.48314,0.78466,0,0,0,0,0,0,0,0.000660766,0.000660766,0.000660766
20,1176.79,0.72078,0.47846,0.78395,0.85986,0.90582,0.93642,0.6843,0.89018,0.54152,0.71513,0.000358031,0.000358031,0.000358031
1,59.979,1.36468,2.44,1.70793,0,0,0,0,0,0,0,0.0720059,0.00206507,0.00206507
2,118.986,1.257,1.46698,1.58369,0,0,0,0,0,0,0,0.0436966,0.00393324,0.00393324
3,177.694,1.21408,1.43944,1.50924,0,0,0,0,0,0,0,0.0151818,0.00559598,0.00559598
4,236.301,1.20307,1.36145,1.49857,0,0,0,0,0,0,0,0.00584891,0.00584891,0.00584891
5,294.908,1.18714,1.21986,1.48595,0,0,0,0,0,0,0,0.00550854,0.00550854,0.00550854
6,353.443,1.22901,1.13028,1.51146,0,0,0,0,0,0,0,0.00516818,0.00516818,0.00516818
7,412.035,1.17722,0.98323,1.47892,0,0,0,0,0,0,0,0.00482782,0.00482782,0.00482782
8,470.785,1.13113,0.95068,1.44315,0,0,0,0,0,0,0,0.00448745,0.00448745,0.00448745
9,529.497,1.12562,0.93225,1.43876,0,0,0,0,0,0,0,0.00414709,0.00414709,0.00414709
10,588.167,1.07265,0.90349,1.41011,0,0,0,0,0,0,0,0.00380673,0.00380673,0.00380673
11,647.214,1.08821,0.77534,1.42054,0,0,0,0,0,0,0,0.00346636,0.00346636,0.00346636
12,705.845,1.06395,0.73221,1.43345,0,0,0,0,0,0,0,0.003126,0.003126,0.003126
13,764.357,1.07991,0.71647,1.41144,0,0,0,0,0,0,0,0.00278563,0.00278563,0.00278563
14,822.957,0.98902,0.62688,1.34631,0,0,0,0,0,0,0,0.00244527,0.00244527,0.00244527
15,881.667,1.00288,0.64099,1.35195,0,0,0,0,0,0,0,0.00210491,0.00210491,0.00210491
16,940.239,0.98668,0.60226,1.35528,0,0,0,0,0,0,0,0.00176454,0.00176454,0.00176454
17,998.876,0.93135,0.5585,1.31696,0,0,0,0,0,0,0,0.00142418,0.00142418,0.00142418
18,1057.54,0.91476,0.55741,1.29614,0,0,0,0,0,0,0,0.00108381,0.00108381,0.00108381
19,1116.12,0.88842,0.52835,1.25949,0,0,0,0,0,0,0,0.000743451,0.000743451,0.000743451
20,1176.81,0.92581,0.53749,1.27975,0.90005,0.85794,0.93856,0.69704,1.10126,0.61046,1.17304,0.000403087,0.000403087,0.000403087
1,59.9219,1.34788,2.21944,1.14849,0,0,0,0,0,0,0,0.0612976,0.00342036,0.00342036
2,118.841,1.19198,1.58237,1.03933,0,0,0,0,0,0,0,0.0221031,0.0065144,0.0065144
3,177.605,1.1548,1.46036,0.99925,0,0,0,0,0,0,0,0.00731491,0.00731491,0.00731491
4,236.311,1.17371,1.33119,1.0031,0,0,0,0,0,0,0,0.00691237,0.00691237,0.00691237
5,295.04,1.11885,1.08779,0.97944,0,0,0,0,0,0,0,0.00650982,0.00650982,0.00650982
6,353.774,1.09609,1.0343,0.97299,0,0,0,0,0,0,0,0.00610728,0.00610728,0.00610728
7,412.528,1.09618,1.00999,0.97624,0,0,0,0,0,0,0,0.00570473,0.00570473,0.00570473
8,471.219,1.04854,0.98371,0.94841,0,0,0,0,0,0,0,0.00530219,0.00530219,0.00530219
9,529.878,1.03877,0.87661,0.94964,0,0,0,0,0,0,0,0.00489964,0.00489964,0.00489964
10,588.544,1.00218,0.83057,0.91765,0,0,0,0,0,0,0,0.0044971,0.0044971,0.0044971
11,647.677,1.01648,0.7333,0.94993,0,0,0,0,0,0,0,0.00409455,0.00409455,0.00409455
12,706.335,0.99783,0.67538,0.92769,0,0,0,0,0,0,0,0.00369201,0.00369201,0.00369201
13,765.054,1.00801,0.66438,0.92559,0,0,0,0,0,0,0,0.00328946,0.00328946,0.00328946
14,823.717,0.92682,0.63021,0.89057,0,0,0,0,0,0,0,0.00288692,0.00288692,0.00288692
15,882.452,0.93747,0.60157,0.88832,0,0,0,0,0,0,0,0.00248437,0.00248437,0.00248437
16,941.164,0.92004,0.57891,0.88568,0,0,0,0,0,0,0,0.00208183,0.00208183,0.00208183
17,999.908,0.87159,0.54004,0.86456,0,0,0,0,0,0,0,0.00167928,0.00167928,0.00167928
18,1058.6,0.864,0.53711,0.85483,0,0,0,0,0,0,0,0.00127674,0.00127674,0.00127674
19,1117.16,0.84489,0.51794,0.84336,0,0,0,0,0,0,0,0.000874191,0.000874191,0.000874191
20,1177.81,0.85654,0.52885,0.84454,0.88201,0.87452,0.94256,0.69017,1.09738,0.58645,0.76895,0.000471646,0.000471646,0.000471646
1,59.7403,1.1967,2.09548,0.75706,0,0,0,0,0,0,0,0.0564119,0.00226032,0.00226032
2,118.71,1.08716,1.32693,0.71002,0,0,0,0,0,0,0,0.0124274,0.00430466,0.00430466
3,177.474,1.01546,1.17775,0.65953,0,0,0,0,0,0,0,0.00444046,0.00444046,0.00444046
4,236.196,1.00303,0.99755,0.64382,0,0,0,0,0,0,0,0.00419568,0.00419568,0.00419568
5,294.962,0.98473,0.93822,0.64707,0,0,0,0,0,0,0,0.00395091,0.00395091,0.00395091
6,353.679,0.99391,0.86774,0.65591,0,0,0,0,0,0,0,0.00370614,0.00370614,0.00370614
7,412.46,0.96834,0.83092,0.65008,0,0,0,0,0,0,0,0.00346137,0.00346137,0.00346137
8,471.133,0.95102,0.76973,0.63296,0,0,0,0,0,0,0,0.0032166,0.0032166,0.0032166
9,529.893,0.91159,0.72877,0.60171,0,0,0,0,0,0,0,0.00297182,0.00297182,0.00297182
10,588.677,0.92587,0.75295,0.62209,0,0,0,0,0,0,0,0.00272705,0.00272705,0.00272705
11,647.684,0.91558,0.6387,0.62929,0,0,0,0,0,0,0,0.00248228,0.00248228,0.00248228
12,706.317,0.8894,0.60274,0.62286,0,0,0,0,0,0,0,0.00223751,0.00223751,0.00223751
13,764.935,0.92154,0.58168,0.62182,0,0,0,0,0,0,0,0.00199274,0.00199274,0.00199274
14,823.568,0.84321,0.54644,0.60274,0,0,0,0,0,0,0,0.00174796,0.00174796,0.00174796
15,882.201,0.86093,0.55078,0.60222,0,0,0,0,0,0,0,0.00150319,0.00150319,0.00150319
16,940.883,0.85154,0.53866,0.60496,0,0,0,0,0,0,0,0.00125842,0.00125842,0.00125842
17,999.4,0.80482,0.50717,0.59413,0,0,0,0,0,0,0,0.00101365,0.00101365,0.00101365
18,1058.13,0.7903,0.48603,0.58546,0,0,0,0,0,0,0,0.000768875,0.000768875,0.000768875
19,1116.72,0.78975,0.48388,0.57443,0,0,0,0,0,0,0,0.000524103,0.000524103,0.000524103
20,1177.31,0.8055,0.49451,0.58612,0.84562,0.90021,0.94479,0.69818,1.00565,0.5099,0.5311,0.000279331,0.000279331,0.000279331
1,59.7682,1.11693,1.75381,1.55938,0,0,0,0,0,0,0,0.05675,0.00344114,0.00344114
2,118.647,1.09004,1.37992,1.51286,0,0,0,0,0,0,0,0.0129891,0.00655532,0.00655532
3,177.383,1.03537,1.14516,1.4397,0,0,0,0,0,0,0,0.00664216,0.00664216,0.00664216
4,236.069,0.99436,0.97801,1.43034,0,0,0,0,0,0,0,0.00627824,0.00627824,0.00627824
5,294.776,0.97832,0.98807,1.42341,0,0,0,0,0,0,0,0.00591432,0.00591432,0.00591432
6,353.528,0.971,0.91677,1.40782,0,0,0,0,0,0,0,0.0055504,0.0055504,0.0055504
7,412.212,0.948,0.84445,1.40265,0,0,0,0,0,0,0,0.00518648,0.00518648,0.00518648
8,470.9,0.93059,0.8037,1.38093,0,0,0,0,0,0,0,0.00482256,0.00482256,0.00482256
9,529.7,0.87606,0.74941,1.30449,0,0,0,0,0,0,0,0.00445864,0.00445864,0.00445864
10,588.394,0.89872,0.7558,1.33981,0,0,0,0,0,0,0,0.00409472,0.00409472,0.00409472
11,647.481,0.85648,0.59529,1.31598,0,0,0,0,0,0,0,0.0037308,0.0037308,0.0037308
12,706.132,0.85332,0.57646,1.32673,0,0,0,0,0,0,0,0.00336689,0.00336689,0.00336689
13,764.781,0.85165,0.56325,1.29528,0,0,0,0,0,0,0,0.00300297,0.00300297,0.00300297
14,823.297,0.77483,0.52207,1.24797,0,0,0,0,0,0,0,0.00263905,0.00263905,0.00263905
15,881.901,0.77955,0.51385,1.243,0,0,0,0,0,0,0,0.00227513,0.00227513,0.00227513
16,940.571,0.77631,0.48227,1.23744,0,0,0,0,0,0,0,0.00191121,0.00191121,0.00191121
17,999.311,0.72122,0.46145,1.20313,0,0,0,0,0,0,0,0.00154729,0.00154729,0.00154729
18,1058.01,0.70854,0.4409,1.18428,0,0,0,0,0,0,0,0.00118337,0.00118337,0.00118337
19,1116.67,0.69909,0.41124,1.15648,0,0,0,0,0,0,0,0.000819448,0.000819448,0.000819448
20,1177.32,0.70496,0.4232,1.1718,0.86561,0.86119,0.92202,0.69403,0.89184,0.51905,1.08935,0.000455529,0.000455529,0.000455529
1,59.8599,1.0133,2.39678,1.01316,0,0,0,0,0,0,0,0.0625508,0.00199177,0.00199177
2,118.847,0.86897,1.31857,0.91234,0,0,0,0,0,0,0,0.0247566,0.00379387,0.00379387
3,177.489,0.85623,1.23454,0.88802,0,0,0,0,0,0,0,0.00455021,0.00455021,0.00455021
4,236.187,0.8601,1.16112,0.89858,0,0,0,0,0,0,0,0.00430032,0.00430032,0.00430032
5,294.883,0.79632,0.93109,0.83619,0,0,0,0,0,0,0,0.00405042,0.00405042,0.00405042
6,353.586,0.81677,0.87392,0.86006,0,0,0,0,0,0,0,0.00380053,0.00380053,0.00380053
7,412.337,0.78679,0.78785,0.84527,0,0,0,0,0,0,0,0.00355063,0.00355063,0.00355063
8,471.018,0.79834,0.81121,0.83141,0,0,0,0,0,0,0,0.00330074,0.00330074,0.00330074
9,529.769,0.75162,0.75546,0.81232,0,0,0,0,0,0,0,0.00305085,0.00305085,0.00305085
10,588.546,0.73398,0.73236,0.81572,0,0,0,0,0,0,0,0.00280095,0.00280095,0.00280095
11,647.646,0.76838,0.66193,0.83684,0,0,0,0,0,0,0,0.00255106,0.00255106,0.00255106
12,706.306,0.74701,0.62185,0.82802,0,0,0,0,0,0,0,0.00230116,0.00230116,0.00230116
13,764.906,0.75977,0.61642,0.82551,0,0,0,0,0,0,0,0.00205127,0.00205127,0.00205127
14,823.548,0.69239,0.56108,0.78961,0,0,0,0,0,0,0,0.00180138,0.00180138,0.00180138
15,882.139,0.70683,0.5631,0.79263,0,0,0,0,0,0,0,0.00155148,0.00155148,0.00155148
16,940.763,0.7079,0.54557,0.79975,0,0,0,0,0,0,0,0.00130159,0.00130159,0.00130159
17,999.339,0.66094,0.51686,0.7789,0,0,0,0,0,0,0,0.00105169,0.00105169,0.00105169
18,1057.9,0.67265,0.5072,0.77535,0,0,0,0,0,0,0,0.000801799,0.000801799,0.000801799
19,1116.46,0.65858,0.49945,0.75642,0,0,0,0,0,0,0,0.000551904,0.000551904,0.000551904
20,1177.06,0.67835,0.51043,0.76506,0.86139,0.88301,0.93138,0.68837,0.7957,0.51787,0.68181,0.00030201,0.00030201,0.00030201
1,59.9008,1.14215,2.2927,0.89841,0,0,0,0,0,0,0,0.0624246,0.00186556,0.00186556
2,118.904,0.9791,1.28257,0.77997,0,0,0,0,0,0,0,0.0245158,0.00355307,0.00355307
3,177.68,0.97275,1.27568,0.77017,0,0,0,0,0,0,0,0.00426087,0.00426087,0.00426087
4,236.403,0.97358,1.10967,0.77286,0,0,0,0,0,0,0,0.0040263,0.0040263,0.0040263
5,295.085,0.91726,0.98195,0.75376,0,0,0,0,0,0,0,0.00379174,0.00379174,0.00379174
6,353.695,0.93557,0.96065,0.75436,0,0,0,0,0,0,0,0.00355717,0.00355717,0.00355717
7,412.456,0.86232,0.81784,0.72119,0,0,0,0,0,0,0,0.00332261,0.00332261,0.00332261
8,471.163,0.86796,0.82401,0.72614,0,0,0,0,0,0,0,0.00308804,0.00308804,0.00308804
9,529.831,0.87881,0.80886,0.71801,0,0,0,0,0,0,0,0.00285348,0.00285348,0.00285348
10,588.539,0.84025,0.78065,0.71266,0,0,0,0,0,0,0,0.00261891,0.00261891,0.00261891
11,647.595,0.84485,0.68192,0.71654,0,0,0,0,0,0,0,0.00238435,0.00238435,0.00238435
12,706.273,0.80848,0.63442,0.70738,0,0,0,0,0,0,0,0.00214978,0.00214978,0.00214978
13,765.026,0.8183,0.59583,0.71074,0,0,0,0,0,0,0,0.00191521,0.00191521,0.00191521
14,823.619,0.78759,0.57768,0.69278,0,0,0,0,0,0,0,0.00168065,0.00168065,0.00168065
15,882.15,0.78035,0.56294,0.67961,0,0,0,0,0,0,0,0.00144608,0.00144608,0.00144608
16,940.698,0.7697,0.53954,0.69144,0,0,0,0,0,0,0,0.00121152,0.00121152,0.00121152
17,999.354,0.72728,0.51442,0.66511,0,0,0,0,0,0,0,0.000976953,0.000976953,0.000976953
18,1058.01,0.72278,0.50592,0.66487,0,0,0,0,0,0,0,0.000742388,0.000742388,0.000742388
19,1116.65,0.71212,0.48945,0.65508,0,0,0,0,0,0,0,0.000507822,0.000507822,0.000507822
20,1177.33,0.72616,0.50064,0.65327,0.90613,0.84123,0.92907,0.68998,0.90217,0.54407,0.59651,0.000273257,0.000273257,0.000273257
1,59.8699,0.89872,2.37167,0.9878,0,0,0,0,0,0,0,0.0631542,0.00259522,0.00259522
2,118.744,0.8064,1.42819,0.88873,0,0,0,0,0,0,0,0.0259057,0.00494295,0.00494295
3,177.579,0.82055,1.57946,0.88989,0,0,0,0,0,0,0,0.0059279,0.0059279,0.0059279
4,236.203,0.79725,1.24023,0.86112,0,0,0,0,0,0,0,0.00560184,0.00560184,0.00560184
5,294.778,0.77322,1.19529,0.85384,0,0,0,0,0,0,0,0.00527579,0.00527579,0.00527579
6,353.418,0.76262,1.05391,0.8446,0,0,0,0,0,0,0,0.00494974,0.00494974,0.00494974
7,412.104,0.73937,1.00545,0.82263,0,0,0,0,0,0,0,0.00462369,0.00462369,0.00462369
8,470.783,0.76486,1.00551,0.84383,0,0,0,0,0,0,0,0.00429763,0.00429763,0.00429763
9,529.48,0.70276,0.93341,0.79587,0,0,0,0,0,0,0,0.00397158,0.00397158,0.00397158
10,588.097,0.71913,0.88358,0.81451,0,0,0,0,0,0,0,0.00364553,0.00364553,0.00364553
11,647.106,0.7139,0.75776,0.82079,0,0,0,0,0,0,0,0.00331948,0.00331948,0.00331948
12,705.718,0.70498,0.7265,0.8233,0,0,0,0,0,0,0,0.00299343,0.00299343,0.00299343
13,764.26,0.71016,0.71105,0.81411,0,0,0,0,0,0,0,0.00266737,0.00266737,0.00266737
14,822.852,0.64788,0.65277,0.78466,0,0,0,0,0,0,0,0.00234132,0.00234132,0.00234132
15,881.45,0.66152,0.63039,0.7911,0,0,0,0,0,0,0,0.00201527,0.00201527,0.00201527
16,940.034,0.64368,0.59864,0.78314,0,0,0,0,0,0,0,0.00168922,0.00168922,0.00168922
17,998.636,0.61791,0.57462,0.77474,0,0,0,0,0,0,0,0.00136317,0.00136317,0.00136317
18,1057.19,0.59806,0.57168,0.75692,0,0,0,0,0,0,0,0.00103711,0.00103711,0.00103711
19,1115.75,0.59104,0.54702,0.73504,0,0,0,0,0,0,0,0.000711061,0.000711061,0.000711061
20,1176.3,0.59437,0.54638,0.73607,0.8808,0.85515,0.93468,0.68793,0.74002,0.59245,0.68375,0.000385009,0.000385009,0.000385009
1,59.7477,1.36342,1.63168,1.71042,0,0,0,0,0,0,0,0.0636433,0.00308429,0.00308429
2,118.597,1.31486,1.07762,1.63481,0,0,0,0,0,0,0,0.0268386,0.00587584,0.00587584
3,177.372,1.21014,1.0565,1.54202,0,0,0,0,0,0,0,0.00704853,0.00704853,0.00704853
4,236.012,1.20727,0.84932,1.52712,0,0,0,0,0,0,0,0.00666279,0.00666279,0.00666279
5,294.612,1.15553,0.79317,1.50944,0,0,0,0,0,0,0,0.00627705,0.00627705,0.00627705
6,353.287,1.18312,0.75575,1.5083,0,0,0,0,0,0,0,0.00589131,0.00589131,0.00589131
7,412.039,1.15229,0.68863,1.49768,0,0,0,0,0,0,0,0.00550558,0.00550558,0.00550558
8,470.806,1.13823,0.61591,1.48577,0,0,0,0,0,0,0,0.00511984,0.00511984,0.00511984
9,529.524,1.11328,0.58401,1.43436,0,0,0,0,0,0,0,0.0047341,0.0047341,0.0047341
10,588.193,1.06827,0.57901,1.43788,0,0,0,0,0,0,0,0.00434837,0.00434837,0.00434837
11,647.183,1.06911,0.49782,1.43927,0,0,0,0,0,0,0,0.00396263,0.00396263,0.00396263
12,705.852,1.01801,0.43652,1.38668,0,0,0,0,0,0,0,0.00357689,0.00357689,0.00357689
13,764.477,1.02582,0.43672,1.39183,0,0,0,0,0,0,0,0.00319115,0.00319115,0.00319115
14,823.194,0.94527,0.40557,1.33374,0,0,0,0,0,0,0,0.00280542,0.00280542,0.00280542
15,881.85,0.95984,0.39431,1.34802,0,0,0,0,0,0,0,0.00241968,0.00241968,0.00241968
16,940.457,0.94923,0.39595,1.3487,0,0,0,0,0,0,0,0.00203394,0.00203394,0.00203394
17,999.082,0.88442,0.35744,1.31352,0,0,0,0,0,0,0,0.00164821,0.00164821,0.00164821
18,1057.69,0.86529,0.34675,1.2853,0,0,0,0,0,0,0,0.00126247,0.00126247,0.00126247
19,1116.33,0.87195,0.34149,1.26734,0,0,0,0,0,0,0,0.000876731,0.000876731,0.000876731
20,1177.03,0.87095,0.34282,1.27561,0.87518,0.8398,0.91594,0.67528,1.1508,0.43868,1.23335,0.000490994,0.000490994,0.000490994
1,59.8522,1.07428,2.15903,0.88063,0,0,0,0,0,0,0,0.0629057,0.00234674,0.00234674
2,118.821,0.96884,1.25894,0.79204,0,0,0,0,0,0,0,0.0254325,0.00446973,0.00446973
3,177.584,0.97683,1.3724,0.78002,0,0,0,0,0,0,0,0.00536043,0.00536043,0.00536043
4,236.345,1.01152,1.13616,0.79386,0,0,0,0,0,0,0,0.00506565,0.00506565,0.00506565
5,295.044,0.92541,0.97235,0.77518,0,0,0,0,0,0,0,0.00477086,0.00477086,0.00477086
6,353.725,0.95814,1.02864,0.77957,0,0,0,0,0,0,0,0.00447608,0.00447608,0.00447608
7,412.558,0.89838,0.88315,0.75004,0,0,0,0,0,0,0,0.0041813,0.0041813,0.0041813
8,471.314,0.88702,0.84352,0.75449,0,0,0,0,0,0,0,0.00388651,0.00388651,0.00388651
9,529.955,0.90317,0.84537,0.73902,0,0,0,0,0,0,0,0.00359173,0.00359173,0.00359173
10,588.624,0.8479,0.81478,0.7191,0,0,0,0,0,0,0,0.00329695,0.00329695,0.00329695
11,647.711,0.85726,0.7009,0.7422,0,0,0,0,0,0,0,0.00300216,0.00300216,0.00300216
12,706.387,0.82831,0.63294,0.73446,0,0,0,0,0,0,0,0.00270738,0.00270738,0.00270738
13,764.971,0.86644,0.65229,0.75117,0,0,0,0,0,0,0,0.00241259,0.00241259,0.00241259
14,823.568,0.77172,0.59614,0.70547,0,0,0,0,0,0,0,0.00211781,0.00211781,0.00211781
15,882.23,0.79428,0.59532,0.70422,0,0,0,0,0,0,0,0.00182303,0.00182303,0.00182303
16,940.861,0.79353,0.56799,0.71053,0,0,0,0,0,0,0,0.00152824,0.00152824,0.00152824
17,999.462,0.74181,0.52102,0.68717,0,0,0,0,0,0,0,0.00123346,0.00123346,0.00123346
18,1058.05,0.72792,0.48826,0.67128,0,0,0,0,0,0,0,0.000938675,0.000938675,0.000938675
19,1116.74,0.71188,0.47799,0.66854,0,0,0,0,0,0,0,0.000643891,0.000643891,0.000643891
20,1177.44,0.7253,0.49914,0.66959,0.89898,0.83565,0.93643,0.69504,0.88219,0.58256,0.60132,0.000349107,0.000349107,0.000349107
1,59.843,1.10185,2.12817,1.02352,0,0,0,0,0,0,0,0.0627387,0.00267579,0.00267579
2,118.868,0.9588,1.31652,0.89109,0,0,0,0,0,0,0,0.025065,0.00509643,0.00509643
3,177.595,0.92424,1.29541,0.87358,0,0,0,0,0,0,0,0.00603606,0.00603606,0.00603606
4,236.279,0.95576,1.05281,0.88101,0,0,0,0,0,0,0,0.0057041,0.0057041,0.0057041
5,295.018,0.94138,1.01815,0.87465,0,0,0,0,0,0,0,0.00537213,0.00537213,0.00537213
6,353.787,0.91521,0.91224,0.85117,0,0,0,0,0,0,0,0.00504016,0.00504016,0.00504016
7,412.454,0.90378,0.93008,0.85211,0,0,0,0,0,0,0,0.00470819,0.00470819,0.00470819
8,471.125,0.87742,0.82868,0.8231,0,0,0,0,0,0,0,0.00437622,0.00437622,0.00437622
9,529.793,0.85195,0.78444,0.83529,0,0,0,0,0,0,0,0.00404425,0.00404425,0.00404425
10,588.456,0.8295,0.76948,0.81767,0,0,0,0,0,0,0,0.00371229,0.00371229,0.00371229
11,647.595,0.84942,0.64747,0.84037,0,0,0,0,0,0,0,0.00338032,0.00338032,0.00338032
12,706.289,0.81679,0.61211,0.82463,0,0,0,0,0,0,0,0.00304835,0.00304835,0.00304835
13,765.021,0.84947,0.6002,0.84089,0,0,0,0,0,0,0,0.00271638,0.00271638,0.00271638
14,823.666,0.75453,0.54351,0.78638,0,0,0,0,0,0,0,0.00238441,0.00238441,0.00238441
15,882.352,0.78127,0.54284,0.79017,0,0,0,0,0,0,0,0.00205244,0.00205244,0.00205244
16,941.049,0.76114,0.51828,0.79319,0,0,0,0,0,0,0,0.00172048,0.00172048,0.00172048
17,999.639,0.71334,0.48127,0.76808,0,0,0,0,0,0,0,0.00138851,0.00138851,0.00138851
18,1058.28,0.70993,0.45769,0.7682,0,0,0,0,0,0,0,0.00105654,0.00105654,0.00105654
19,1116.86,0.68912,0.44527,0.74254,0,0,0,0,0,0,0,0.000724571,0.000724571,0.000724571
20,1177.49,0.70509,0.44847,0.74942,0.88142,0.86959,0.94535,0.68598,0.89274,0.53641,0.69124,0.000392603,0.000392603,0.000392603
1,59.885,1.07056,2.01929,0.98576,0,0,0,0,0,0,0,0.0626885,0.00231413,0.00231413
2,118.78,0.98375,1.22362,0.87778,0,0,0,0,0,0,0,0.0250004,0.00440757,0.00440757
3,177.598,0.9927,1.38111,0.86605,0,0,0,0,0,0,0,0.0052612,0.0052612,0.0052612
4,236.264,0.99901,1.19141,0.86625,0,0,0,0,0,0,0,0.0049718,0.0049718,0.0049718
5,294.937,0.93828,0.98246,0.85214,0,0,0,0,0,0,0,0.0046824,0.0046824,0.0046824
6,353.653,0.94127,0.93098,0.83904,0,0,0,0,0,0,0,0.00439299,0.00439299,0.00439299
7,412.358,0.88337,0.89388,0.82525,0,0,0,0,0,0,0,0.00410359,0.00410359,0.00410359
8,471.059,0.89578,0.84019,0.83979,0,0,0,0,0,0,0,0.00381419,0.00381419,0.00381419
9,529.668,0.84382,0.78879,0.80449,0,0,0,0,0,0,0,0.00352479,0.00352479,0.00352479
10,588.381,0.82023,0.74475,0.79505,0,0,0,0,0,0,0,0.00323539,0.00323539,0.00323539
11,647.443,0.85838,0.66355,0.81938,0,0,0,0,0,0,0,0.00294599,0.00294599,0.00294599
12,706.001,0.82354,0.62153,0.81135,0,0,0,0,0,0,0,0.00265659,0.00265659,0.00265659
13,764.555,0.84412,0.62002,0.80869,0,0,0,0,0,0,0,0.00236719,0.00236719,0.00236719
14,823.104,0.77306,0.57279,0.77993,0,0,0,0,0,0,0,0.00207778,0.00207778,0.00207778
15,881.635,0.78849,0.55389,0.7802,0,0,0,0,0,0,0,0.00178838,0.00178838,0.00178838
16,940.232,0.7801,0.50979,0.78172,0,0,0,0,0,0,0,0.00149898,0.00149898,0.00149898
17,998.85,0.69774,0.497,0.73527,0,0,0,0,0,0,0,0.00120958,0.00120958,0.00120958
18,1057.54,0.7042,0.47409,0.73455,0,0,0,0,0,0,0,0.00092018,0.00092018,0.00092018
19,1116.17,0.69068,0.46416,0.72174,0,0,0,0,0,0,0,0.000630778,0.000630778,0.000630778
20,1176.84,0.69653,0.46069,0.72409,0.89784,0.8273,0.92805,0.69332,0.8691,0.54626,0.65092,0.000341377,0.000341377,0.000341377
1,59.8953,1.05829,2.03055,0.98565,0,0,0,0,0,0,0,0.0629018,0.0023428,0.0023428
2,118.876,0.95598,1.30729,0.88919,0,0,0,0,0,0,0,0.0254249,0.0044622,0.0044622
3,177.521,0.95527,1.27533,0.88426,0,0,0,0,0,0,0,0.00535138,0.00535138,0.00535138
4,236.142,1.00066,1.1041,0.89389,0,0,0,0,0,0,0,0.00505707,0.00505707,0.00505707
5,294.834,0.93462,1.03567,0.86419,0,0,0,0,0,0,0,0.00476276,0.00476276,0.00476276
6,353.531,0.94265,0.94737,0.85162,0,0,0,0,0,0,0,0.00446845,0.00446845,0.00446845
7,412.192,0.8948,0.86709,0.84209,0,0,0,0,0,0,0,0.00417414,0.00417414,0.00417414
8,470.905,0.91514,0.86064,0.85413,0,0,0,0,0,0,0,0.00387984,0.00387984,0.00387984
9,529.506,0.87889,0.82629,0.84927,0,0,0,0,0,0,0,0.00358553,0.00358553,0.00358553
10,588.061,0.84541,0.79568,0.8108,0,0,0,0,0,0,0,0.00329122,0.00329122,0.00329122
11,647.177,0.85121,0.6721,0.83916,0,0,0,0,0,0,0,0.00299691,0.00299691,0.00299691
12,705.889,0.85571,0.64813,0.84029,0,0,0,0,0,0,0,0.0027026,0.0027026,0.0027026
13,764.549,0.85928,0.63319,0.82723,0,0,0,0,0,0,0,0.00240829,0.00240829,0.00240829
14,823.231,0.78656,0.584,0.78885,0,0,0,0,0,0,0,0.00211398,0.00211398,0.00211398
15,881.932,0.78538,0.57115,0.7831,0,0,0,0,0,0,0,0.00181967,0.00181967,0.00181967
16,940.497,0.78708,0.53053,0.79923,0,0,0,0,0,0,0,0.00152536,0.00152536,0.00152536
17,999.137,0.72319,0.49992,0.75825,0,0,0,0,0,0,0,0.00123105,0.00123105,0.00123105
18,1057.84,0.70963,0.47659,0.75105,0,0,0,0,0,0,0,0.000936744,0.000936744,0.000936744
19,1116.44,0.70699,0.46114,0.74436,0,0,0,0,0,0,0,0.000642435,0.000642435,0.000642435
20,1177.11,0.70926,0.46686,0.73695,0.8808,0.86445,0.93157,0.68497,0.89112,0.56276,0.6805,0.000348126,0.000348126,0.000348126
1,60.0245,1.24973,2.20392,1.36411,0,0,0,0,0,0,0,0.0632292,0.00267016,0.00267016
2,119.085,1.1706,1.37425,1.30255,0,0,0,0,0,0,0,0.0260489,0.00508616,0.00508616
3,177.951,1.09489,1.3168,1.21316,0,0,0,0,0,0,0,0.00610027,0.00610027,0.00610027
4,236.651,1.10087,1.15561,1.2146,0,0,0,0,0,0,0,0.00576541,0.00576541,0.00576541
5,295.381,1.05107,1.00965,1.19515,0,0,0,0,0,0,0,0.00543054,0.00543054,0.00543054
6,354.119,1.07405,0.98616,1.19556,0,0,0,0,0,0,0,0.00509568,0.00509568,0.00509568
7,412.8,1.03568,0.90312,1.17587,0,0,0,0,0,0,0,0.00476081,0.00476081,0.00476081
8,471.503,1.0291,0.83708,1.16822,0,0,0,0,0,0,0,0.00442595,0.00442595,0.00442595
9,530.161,0.98494,0.78331,1.12558,0,0,0,0,0,0,0,0.00409108,0.00409108,0.00409108
10,588.849,0.97489,0.78736,1.13377,0,0,0,0,0,0,0,0.00375622,0.00375622,0.00375622
11,647.817,0.9919,0.69143,1.15799,0,0,0,0,0,0,0,0.00342135,0.00342135,0.00342135
12,706.512,0.96546,0.64121,1.15416,0,0,0,0,0,0,0,0.00308649,0.00308649,0.00308649
13,765.128,0.98549,0.62833,1.14026,0,0,0,0,0,0,0,0.00275163,0.00275163,0.00275163
14,823.679,0.90381,0.57964,1.1076,0,0,0,0,0,0,0,0.00241676,0.00241676,0.00241676
15,882.331,0.91071,0.56495,1.10139,0,0,0,0,0,0,0,0.0020819,0.0020819,0.0020819
16,941.023,0.91103,0.54523,1.10266,0,0,0,0,0,0,0,0.00174703,0.00174703,0.00174703
17,999.667,0.85267,0.51915,1.08928,0,0,0,0,0,0,0,0.00141217,0.00141217,0.00141217
18,1058.28,0.84789,0.49817,1.06623,0,0,0,0,0,0,0,0.0010773,0.0010773,0.0010773
19,1116.95,0.83054,0.48974,1.0472,0,0,0,0,0,0,0,0.000742439,0.000742439,0.000742439
20,1177.55,0.85429,0.50465,1.05053,0.91905,0.8273,0.92928,0.69061,1.02166,0.54925,0.96955,0.000407574,0.000407574,0.000407574
1,59.7775,1.04429,2.22116,0.96406,0,0,0,0,0,0,0,0.0569486,0.00287989,0.00287989
2,118.753,0.94901,1.46288,0.85769,0,0,0,0,0,0,0,0.0134422,0.00548559,0.00548559
3,177.531,0.95814,1.37312,0.84799,0,0,0,0,0,0,0,0.00564957,0.00564957,0.00564957
4,236.262,0.9754,1.24923,0.86732,0,0,0,0,0,0,0,0.00533936,0.00533936,0.00533936
5,294.876,0.92715,1.01147,0.85151,0,0,0,0,0,0,0,0.00502914,0.00502914,0.00502914
6,353.557,0.9334,0.99069,0.8291,0,0,0,0,0,0,0,0.00471893,0.00471893,0.00471893
7,412.343,0.86843,0.91066,0.80543,0,0,0,0,0,0,0,0.00440871,0.00440871,0.00440871
8,471.075,0.86894,0.89029,0.82901,0,0,0,0,0,0,0,0.0040985,0.0040985,0.0040985
9,529.807,0.82991,0.83935,0.79364,0,0,0,0,0,0,0,0.00378828,0.00378828,0.00378828
10,588.545,0.79099,0.81239,0.77113,0,0,0,0,0,0,0,0.00347807,0.00347807,0.00347807
11,647.599,0.82962,0.71199,0.8065,0,0,0,0,0,0,0,0.00316785,0.00316785,0.00316785
12,706.195,0.80566,0.67197,0.80528,0,0,0,0,0,0,0,0.00285764,0.00285764,0.00285764
13,764.717,0.83171,0.68068,0.80269,0,0,0,0,0,0,0,0.00254743,0.00254743,0.00254743
14,823.289,0.75328,0.62981,0.76288,0,0,0,0,0,0,0,0.00223721,0.00223721,0.00223721
15,881.826,0.75966,0.58297,0.76222,0,0,0,0,0,0,0,0.001927,0.001927,0.001927
16,940.435,0.75146,0.58204,0.77019,0,0,0,0,0,0,0,0.00161678,0.00161678,0.00161678
17,999.07,0.70842,0.53598,0.74853,0,0,0,0,0,0,0,0.00130657,0.00130657,0.00130657
18,1057.78,0.69181,0.51251,0.7256,0,0,0,0,0,0,0,0.000996353,0.000996353,0.000996353
19,1116.4,0.68858,0.49324,0.71441,0,0,0,0,0,0,0,0.000686139,0.000686139,0.000686139
20,1176.98,0.69915,0.5031,0.7284,0.86097,0.87465,0.92547,0.67905,0.83048,0.56236,0.66407,0.000375924,0.000375924,0.000375924
1,59.922,1.09083,1.66502,0.88329,0,0,0,0,0,0,0,0.0699699,0.00187947,0.00187947
2,118.905,0.97129,1.00757,0.80644,0,0,0,0,0,0,0,0.0396348,0.00357957,0.00357957
3,177.629,0.91507,1.11526,0.7574,0,0,0,0,0,0,0,0.00911261,0.00509251,0.00509251
4,236.28,0.89208,0.97227,0.73757,0,0,0,0,0,0,0,0.00501372,0.00501372,0.00501372
5,294.822,0.86844,0.91905,0.73953,0,0,0,0,0,0,0,0.00472162,0.00472162,0.00472162
6,353.354,0.8848,0.78864,0.73994,0,0,0,0,0,0,0,0.00442953,0.00442953,0.00442953
7,411.947,0.84837,0.78553,0.7371,0,0,0,0,0,0,0,0.00413744,0.00413744,0.00413744
8,470.533,0.83024,0.69837,0.71619,0,0,0,0,0,0,0,0.00384534,0.00384534,0.00384534
9,529.087,0.82857,0.69133,0.72097,0,0,0,0,0,0,0,0.00355325,0.00355325,0.00355325
10,587.647,0.81212,0.69366,0.70161,0,0,0,0,0,0,0,0.00326115,0.00326115,0.00326115
11,646.591,0.82426,0.5935,0.7324,0,0,0,0,0,0,0,0.00296906,0.00296906,0.00296906
12,705.154,0.80198,0.54689,0.71687,0,0,0,0,0,0,0,0.00267697,0.00267697,0.00267697
13,763.717,0.82632,0.57777,0.72569,0,0,0,0,0,0,0,0.00238487,0.00238487,0.00238487
14,822.203,0.77003,0.54493,0.69502,0,0,0,0,0,0,0,0.00209278,0.00209278,0.00209278
15,880.735,0.77852,0.51783,0.68447,0,0,0,0,0,0,0,0.00180068,0.00180068,0.00180068
16,939.361,0.7662,0.49552,0.69728,0,0,0,0,0,0,0,0.00150859,0.00150859,0.00150859
17,997.837,0.72678,0.46051,0.6833,0,0,0,0,0,0,0,0.0012165,0.0012165,0.0012165
18,1056.34,0.70614,0.4572,0.66679,0,0,0,0,0,0,0,0.000924403,0.000924403,0.000924403
19,1114.81,0.71104,0.43968,0.66151,0,0,0,0,0,0,0,0.000632309,0.000632309,0.000632309
20,1175.25,0.72734,0.46394,0.67265,0.91698,0.83074,0.93666,0.69881,0.87343,0.48104,0.5996,0.000340215,0.000340215,0.000340215
1,59.8214,1.23155,1.81586,1.47008,0,0,0,0,0,0,0,0.0646121,0.00286515,0.00286515
2,118.791,1.14833,1.31483,1.35801,0,0,0,0,0,0,0,0.0288012,0.0054578,0.0054578
3,177.556,1.13366,1.35306,1.32821,0,0,0,0,0,0,0,0.00674959,0.00674959,0.00674959
4,236.297,1.10035,1.07415,1.30559,0,0,0,0,0,0,0,0.00637939,0.00637939,0.00637939
5,294.892,1.06994,0.98995,1.27912,0,0,0,0,0,0,0,0.00600918,0.00600918,0.00600918
6,353.652,1.09541,0.93518,1.27816,0,0,0,0,0,0,0,0.00563898,0.00563898,0.00563898
7,412.282,1.06596,0.91508,1.2673,0,0,0,0,0,0,0,0.00526877,0.00526877,0.00526877
8,470.916,1.04125,0.85524,1.25477,0,0,0,0,0,0,0,0.00489857,0.00489857,0.00489857
9,529.576,0.99911,0.79582,1.24891,0,0,0,0,0,0,0,0.00452836,0.00452836,0.00452836
10,588.257,0.95575,0.82502,1.19124,0,0,0,0,0,0,0,0.00415816,0.00415816,0.00415816
11,647.274,0.96598,0.65929,1.22396,0,0,0,0,0,0,0,0.00378796,0.00378796,0.00378796
12,705.962,0.92947,0.61209,1.21414,0,0,0,0,0,0,0,0.00341775,0.00341775,0.00341775
13,764.622,0.95085,0.60224,1.21676,0,0,0,0,0,0,0,0.00304755,0.00304755,0.00304755
14,823.274,0.84935,0.54654,1.15252,0,0,0,0,0,0,0,0.00267734,0.00267734,0.00267734
15,881.93,0.88366,0.5491,1.15695,0,0,0,0,0,0,0,0.00230714,0.00230714,0.00230714
16,940.52,0.86805,0.52581,1.15178,0,0,0,0,0,0,0,0.00193693,0.00193693,0.00193693
17,999.13,0.81115,0.48441,1.11373,0,0,0,0,0,0,0,0.00156673,0.00156673,0.00156673
18,1057.81,0.78921,0.46129,1.10171,0,0,0,0,0,0,0,0.00119652,0.00119652,0.00119652
19,1116.43,0.78015,0.451,1.08402,0,0,0,0,0,0,0,0.000826319,0.000826319,0.000826319
20,1177.08,0.79165,0.46156,1.08316,0.87517,0.87878,0.93476,0.6892,1.00597,0.51913,1.03952,0.000456115,0.000456115,0.000456115
1,59.9363,1.42309,2.39715,1.00132,0,0,0,0,0,0,0,0.0655069,0.00242555,0.00242555
2,118.948,1.31813,1.4402,0.89917,0,0,0,0,0,0,0,0.0306374,0.00461992,0.00461992
3,177.719,1.31702,1.52649,0.88949,0,0,0,0,0,0,0,0.0059192,0.0059192,0.0059192
4,236.433,1.39178,1.363,0.9187,0,0,0,0,0,0,0,0.0055938,0.0055938,0.0055938
5,295.014,1.28223,1.1288,0.89278,0,0,0,0,0,0,0,0.0052684,0.0052684,0.0052684
6,353.652,1.34736,1.16731,0.91536,0,0,0,0,0,0,0,0.00494301,0.00494301,0.00494301
7,412.29,1.21443,1.02736,0.85988,0,0,0,0,0,0,0,0.00461761,0.00461761,0.00461761
8,470.928,1.24166,0.99225,0.88438,0,0,0,0,0,0,0,0.00429221,0.00429221,0.00429221
9,529.547,1.25723,0.96875,0.86749,0,0,0,0,0,0,0,0.00396681,0.00396681,0.00396681
10,588.228,1.1782,0.91696,0.83764,0,0,0,0,0,0,0,0.00364141,0.00364141,0.00364141
11,647.284,1.19666,0.80086,0.86559,0,0,0,0,0,0,0,0.00331601,0.00331601,0.00331601
12,705.932,1.15097,0.75737,0.84725,0,0,0,0,0,0,0,0.00299061,0.00299061,0.00299061
13,764.517,1.20458,0.74453,0.8561,0,0,0,0,0,0,0,0.00266521,0.00266521,0.00266521
14,823.084,1.07262,0.67494,0.82134,0,0,0,0,0,0,0,0.00233981,0.00233981,0.00233981
15,881.738,1.09668,0.65105,0.81595,0,0,0,0,0,0,0,0.00201441,0.00201441,0.00201441
16,940.432,1.04591,0.61884,0.80609,0,0,0,0,0,0,0,0.00168902,0.00168902,0.00168902
17,999.118,0.99698,0.57732,0.7905,0,0,0,0,0,0,0,0.00136362,0.00136362,0.00136362
18,1057.69,0.98339,0.55744,0.77173,0,0,0,0,0,0,0,0.00103822,0.00103822,0.00103822
19,1116.29,0.95712,0.53788,0.75996,0,0,0,0,0,0,0,0.000712819,0.000712819,0.000712819
20,1176.95,0.97978,0.55186,0.7684,0.84911,0.87778,0.93068,0.68998,1.16488,0.62066,0.68916,0.00038742,0.00038742,0.00038742
1,59.6118,1.33371,2.21272,1.70254,0,0,0,0,0,0,0,0.0559765,0.00363129,0.00363129
2,118.416,1.37175,1.77779,1.68611,0,0,0,0,0,0,0,0.0114197,0.00691693,0.00691693
3,177.094,1.30476,1.67465,1.62392,0,0,0,0,0,0,0,0.00686614,0.00686614,0.00686614
4,235.668,1.28404,1.44945,1.61967,0,0,0,0,0,0,0,0.00648921,0.00648921,0.00648921
5,294.325,1.2547,1.34298,1.60414,0,0,0,0,0,0,0,0.00611228,0.00611228,0.00611228
6,352.873,1.21521,1.30227,1.5774,0,0,0,0,0,0,0,0.00573535,0.00573535,0.00573535
7,411.406,1.21901,1.22305,1.59073,0,0,0,0,0,0,0,0.00535841,0.00535841,0.00535841
8,470.215,1.18153,1.14799,1.55891,0,0,0,0,0,0,0,0.00498148,0.00498148,0.00498148
9,528.973,1.09534,1.04013,1.47321,0,0,0,0,0,0,0,0.00460455,0.00460455,0.00460455
10,587.733,1.1029,1.04621,1.50598,0,0,0,0,0,0,0,0.00422762,0.00422762,0.00422762
11,646.814,1.06653,0.85733,1.48244,0,0,0,0,0,0,0,0.00385069,0.00385069,0.00385069
12,705.457,1.04543,0.79786,1.46265,0,0,0,0,0,0,0,0.00347376,0.00347376,0.00347376
13,764.147,1.0657,0.80171,1.46105,0,0,0,0,0,0,0,0.00309683,0.00309683,0.00309683
14,822.76,0.98112,0.75166,1.4051,0,0,0,0,0,0,0,0.0027199,0.0027199,0.0027199
15,881.296,0.96811,0.71119,1.40049,0,0,0,0,0,0,0,0.00234297,0.00234297,0.00234297
16,939.858,0.93181,0.67494,1.36876,0,0,0,0,0,0,0,0.00196604,0.00196604,0.00196604
17,998.414,0.8891,0.6346,1.34464,0,0,0,0,0,0,0,0.00158911,0.00158911,0.00158911
18,1056.96,0.86628,0.59372,1.31518,0,0,0,0,0,0,0,0.00121217,0.00121217,0.00121217
19,1115.52,0.83858,0.56698,1.29233,0,0,0,0,0,0,0,0.000835243,0.000835243,0.000835243
20,1176.18,0.84448,0.57129,1.29206,0.87087,0.84535,0.91621,0.66823,1.06151,0.68126,1.18683,0.000458313,0.000458313,0.000458313
1,59.7102,1.30281,1.67551,1.86319,0,0,0,0,0,0,0,0.0501313,0.003048,0.003048
2,118.665,1.13817,1.06477,1.65644,0,0,0,0,0,0,0,0.00547488,0.00547488,0.00547488
3,177.419,1.12944,0.93142,1.63648,0,0,0,0,0,0,0,0.00518977,0.00518977,0.00518977
4,236.181,1.10024,0.76367,1.58317,0,0,0,0,0,0,0,0.00490465,0.00490465,0.00490465
5,294.864,1.08458,0.72805,1.59238,0,0,0,0,0,0,0,0.00461953,0.00461953,0.00461953
6,353.55,1.06121,0.6797,1.5772,0,0,0,0,0,0,0,0.00433441,0.00433441,0.00433441
7,412.219,1.02155,0.65496,1.54843,0,0,0,0,0,0,0,0.0040493,0.0040493,0.0040493
8,470.978,1.06199,0.66053,1.56566,0,0,0,0,0,0,0,0.00376418,0.00376418,0.00376418
9,529.683,0.99276,0.59845,1.49477,0,0,0,0,0,0,0,0.00347906,0.00347906,0.00347906
10,588.437,0.99101,0.59277,1.51506,0,0,0,0,0,0,0,0.00319395,0.00319395,0.00319395
11,647.52,0.98702,0.5051,1.52805,0,0,0,0,0,0,0,0.00290883,0.00290883,0.00290883
12,706.167,0.94084,0.47362,1.48543,0,0,0,0,0,0,0,0.00262371,0.00262371,0.00262371
13,764.815,0.97428,0.46993,1.51105,0,0,0,0,0,0,0,0.00233859,0.00233859,0.00233859
14,823.455,0.87794,0.41594,1.43462,0,0,0,0,0,0,0,0.00205348,0.00205348,0.00205348
15,882.147,0.89391,0.42013,1.43878,0,0,0,0,0,0,0,0.00176836,0.00176836,0.00176836
16,940.754,0.88296,0.40011,1.42725,0,0,0,0,0,0,0,0.00148324,0.00148324,0.00148324
17,999.399,0.82381,0.37934,1.3864,0,0,0,0,0,0,0,0.00119813,0.00119813,0.00119813
18,1057.97,0.81924,0.36614,1.37378,0,0,0,0,0,0,0,0.000913009,0.000913009,0.000913009
19,1116.62,0.80296,0.35794,1.34932,0,0,0,0,0,0,0,0.000627892,0.000627892,0.000627892
20,1177.21,0.82547,0.3711,1.36773,0.9025,0.83008,0.93671,0.68857,1.06554,0.41288,1.26747,0.000342775,0.000342775,0.000342775
1,59.828,0.97081,1.7446,0.98971,0,0,0,0,0,0,0,0.0567511,0.00268239,0.00268239
2,118.703,0.88714,1.08707,0.90657,0,0,0,0,0,0,0,0.0130656,0.005109,0.005109
3,177.428,0.97129,1.24321,0.92895,0,0,0,0,0,0,0,0.00526129,0.00526129,0.00526129
4,236.105,0.98864,1.04525,0.95311,0,0,0,0,0,0,0,0.00497193,0.00497193,0.00497193
5,294.72,0.95509,0.97341,0.94317,0,0,0,0,0,0,0,0.00468257,0.00468257,0.00468257
6,353.295,0.97116,0.96057,0.9609,0,0,0,0,0,0,0,0.00439321,0.00439321,0.00439321
7,412.022,0.92802,0.89576,0.92164,0,0,0,0,0,0,0,0.00410386,0.00410386,0.00410386
8,470.748,0.92646,0.88393,0.91158,0,0,0,0,0,0,0,0.0038145,0.0038145,0.0038145
9,529.476,0.92504,0.85432,0.91057,0,0,0,0,0,0,0,0.00352514,0.00352514,0.00352514
10,588.186,0.87894,0.81794,0.89832,0,0,0,0,0,0,0,0.00323578,0.00323578,0.00323578
11,647.242,0.8692,0.70716,0.89367,0,0,0,0,0,0,0,0.00294643,0.00294643,0.00294643
12,705.862,0.85255,0.67381,0.89314,0,0,0,0,0,0,0,0.00265707,0.00265707,0.00265707
13,764.536,0.87181,0.68031,0.90453,0,0,0,0,0,0,0,0.00236771,0.00236771,0.00236771
14,823.189,0.7911,0.63403,0.85391,0,0,0,0,0,0,0,0.00207835,0.00207835,0.00207835
15,881.849,0.78837,0.59793,0.84375,0,0,0,0,0,0,0,0.001789,0.001789,0.001789
16,940.527,0.78486,0.56713,0.84969,0,0,0,0,0,0,0,0.00149964,0.00149964,0.00149964
17,999.191,0.72997,0.50796,0.81296,0,0,0,0,0,0,0,0.00121028,0.00121028,0.00121028
18,1057.81,0.7133,0.49712,0.79515,0,0,0,0,0,0,0,0.000920924,0.000920924,0.000920924
19,1116.43,0.70029,0.49609,0.78792,0,0,0,0,0,0,0,0.000631567,0.000631567,0.000631567
20,1177.07,0.69918,0.47681,0.78327,0.86357,0.86395,0.92799,0.68581,0.80387,0.52166,0.70433,0.000342209,0.000342209,0.000342209
1,59.9957,1.13288,2.14853,1.02572,0,0,0,0,0,0,0,0.0632791,0.00223613,0.00223613
2,118.958,0.96536,1.21297,0.90267,0,0,0,0,0,0,0,0.0261916,0.00425905,0.00425905
3,177.782,0.96552,1.35827,0.87848,0,0,0,0,0,0,0,0.00517119,0.00517119,0.00517119
4,236.498,0.98963,1.07011,0.88994,0,0,0,0,0,0,0,0.00488679,0.00488679,0.00488679
5,295.143,0.94663,1.04336,0.8719,0,0,0,0,0,0,0,0.00460239,0.00460239,0.00460239
6,353.848,0.94818,0.91799,0.86969,0,0,0,0,0,0,0,0.00431799,0.00431799,0.00431799
7,412.553,0.92474,0.90372,0.85966,0,0,0,0,0,0,0,0.00403358,0.00403358,0.00403358
8,471.214,0.9065,0.86958,0.83897,0,0,0,0,0,0,0,0.00374918,0.00374918,0.00374918
9,529.9,0.89976,0.77568,0.86259,0,0,0,0,0,0,0,0.00346478,0.00346478,0.00346478
10,588.584,0.87568,0.74066,0.82378,0,0,0,0,0,0,0,0.00318038,0.00318038,0.00318038
11,647.606,0.86638,0.65664,0.84844,0,0,0,0,0,0,0,0.00289597,0.00289597,0.00289597
12,706.302,0.84927,0.66921,0.83554,0,0,0,0,0,0,0,0.00261157,0.00261157,0.00261157
13,764.849,0.85957,0.62205,0.83123,0,0,0,0,0,0,0,0.00232717,0.00232717,0.00232717
14,823.446,0.7857,0.56712,0.78832,0,0,0,0,0,0,0,0.00204277,0.00204277,0.00204277
15,882.026,0.79478,0.54027,0.79784,0,0,0,0,0,0,0,0.00175836,0.00175836,0.00175836
16,940.629,0.79881,0.54337,0.80285,0,0,0,0,0,0,0,0.00147396,0.00147396,0.00147396
17,999.266,0.72933,0.50529,0.76514,0,0,0,0,0,0,0,0.00118956,0.00118956,0.00118956
18,1057.96,0.73754,0.48287,0.76812,0,0,0,0,0,0,0,0.000905155,0.000905155,0.000905155
19,1116.51,0.71348,0.47163,0.74917,0,0,0,0,0,0,0,0.000620752,0.000620752,0.000620752
20,1177.14,0.7156,0.45474,0.74661,0.8726,0.88022,0.9388,0.69617,0.88845,0.52304,0.68986,0.00033635,0.00033635,0.00033635
1,59.7806,1.01273,2.26854,1.09843,0,0,0,0,0,0,0,0.0677538,0.00245325,0.00245325
2,118.713,0.96871,1.44826,1.05286,0,0,0,0,0,0,0,0.0351371,0.00467258,0.00467258
3,177.505,0.93466,1.54898,1.0002,0,0,0,0,0,0,0,0.0063694,0.0063694,0.0063694
4,236.161,0.93547,1.3643,0.99769,0,0,0,0,0,0,0,0.0060191,0.0060191,0.0060191
5,294.85,0.90661,1.17097,0.99468,0,0,0,0,0,0,0,0.0056688,0.0056688,0.0056688
6,353.503,0.92794,1.15556,1.00375,0,0,0,0,0,0,0,0.0053185,0.0053185,0.0053185
7,412.16,0.8917,1.05159,0.99147,0,0,0,0,0,0,0,0.0049682,0.0049682,0.0049682
8,470.866,0.9031,0.97088,0.98878,0,0,0,0,0,0,0,0.00461789,0.00461789,0.00461789
9,529.59,0.83739,0.94329,0.93478,0,0,0,0,0,0,0,0.00426759,0.00426759,0.00426759
10,588.261,0.82977,0.9212,0.95049,0,0,0,0,0,0,0,0.00391729,0.00391729,0.00391729
11,647.351,0.8137,0.72856,0.94015,0,0,0,0,0,0,0,0.00356699,0.00356699,0.00356699
12,706.009,0.7819,0.70203,0.90968,0,0,0,0,0,0,0,0.00321669,0.00321669,0.00321669
13,764.629,0.78862,0.66918,0.91682,0,0,0,0,0,0,0,0.00286639,0.00286639,0.00286639
14,823.271,0.73616,0.6256,0.89384,0,0,0,0,0,0,0,0.00251609,0.00251609,0.00251609
15,881.958,0.73604,0.58721,0.87625,0,0,0,0,0,0,0,0.00216579,0.00216579,0.00216579
16,940.538,0.71485,0.56507,0.8676,0,0,0,0,0,0,0,0.00181549,0.00181549,0.00181549
17,999.203,0.66859,0.51782,0.84704,0,0,0,0,0,0,0,0.00146519,0.00146519,0.00146519
18,1057.87,0.66996,0.51474,0.84145,0,0,0,0,0,0,0,0.00111489,0.00111489,0.00111489
19,1116.57,0.64135,0.48734,0.81613,0,0,0,0,0,0,0,0.000764585,0.000764585,0.000764585
20,1177.29,0.6499,0.4896,0.82902,0.89581,0.86908,0.94529,0.69463,0.85265,0.57038,0.76204,0.000414284,0.000414284,0.000414284
1,59.7839,1.08232,2.29339,1.00606,0,0,0,0,0,0,0,0.0578932,0.00261155,0.00261155
2,118.713,0.96134,1.49808,0.91461,0,0,0,0,0,0,0,0.0153611,0.00497373,0.00497373
3,177.414,0.9833,1.30809,0.88641,0,0,0,0,0,0,0,0.00526051,0.00526051,0.00526051
4,236.146,0.97419,1.18713,0.88855,0,0,0,0,0,0,0,0.00497076,0.00497076,0.00497076
5,294.83,0.91906,1.00697,0.86695,0,0,0,0,0,0,0,0.00468102,0.00468102,0.00468102
6,353.466,0.92038,0.95248,0.86118,0,0,0,0,0,0,0,0.00439127,0.00439127,0.00439127
7,412.069,0.9086,0.99974,0.86626,0,0,0,0,0,0,0,0.00410153,0.00410153,0.00410153
8,470.695,0.89409,0.93306,0.84832,0,0,0,0,0,0,0,0.00381178,0.00381178,0.00381178
9,529.241,0.88538,0.85612,0.82523,0,0,0,0,0,0,0,0.00352203,0.00352203,0.00352203
10,587.889,0.85646,0.86196,0.82315,0,0,0,0,0,0,0,0.00323229,0.00323229,0.00323229
11,646.919,0.85981,0.71453,0.8365,0,0,0,0,0,0,0,0.00294254,0.00294254,0.00294254
12,705.519,0.82093,0.67457,0.82727,0,0,0,0,0,0,0,0.0026528,0.0026528,0.0026528
13,764.068,0.82741,0.65,0.8166,0,0,0,0,0,0,0,0.00236305,0.00236305,0.00236305
14,822.567,0.76743,0.59141,0.7814,0,0,0,0,0,0,0,0.00207331,0.00207331,0.00207331
15,881.103,0.77261,0.59522,0.77355,0,0,0,0,0,0,0,0.00178356,0.00178356,0.00178356
16,939.703,0.77013,0.57075,0.78029,0,0,0,0,0,0,0,0.00149381,0.00149381,0.00149381
17,998.203,0.72369,0.53097,0.75554,0,0,0,0,0,0,0,0.00120407,0.00120407,0.00120407
18,1056.75,0.71119,0.50922,0.74399,0,0,0,0,0,0,0,0.000914322,0.000914322,0.000914322
19,1115.24,0.69746,0.49368,0.73756,0,0,0,0,0,0,0,0.000624576,0.000624576,0.000624576
20,1175.88,0.69971,0.49976,0.74278,0.87193,0.88858,0.94005,0.69565,0.88017,0.58877,0.66694,0.000334831,0.000334831,0.000334831
1,59.7957,0.94393,2.31417,0.96083,0,0,0,0,0,0,0,0.0628624,0.00230335,0.00230335
2,118.659,0.87948,1.35851,0.89465,0,0,0,0,0,0,0,0.0253501,0.00438733,0.00438733
3,177.389,0.87001,1.43613,0.86891,0,0,0,0,0,0,0,0.00526192,0.00526192,0.00526192
4,236.026,0.86388,1.151,0.86171,0,0,0,0,0,0,0,0.00497287,0.00497287,0.00497287
5,294.572,0.84132,1.05039,0.85475,0,0,0,0,0,0,0,0.00468383,0.00468383,0.00468383
6,353.071,0.84151,1.07188,0.85981,0,0,0,0,0,0,0,0.00439479,0.00439479,0.00439479
7,411.617,0.80151,0.95634,0.84015,0,0,0,0,0,0,0,0.00410575,0.00410575,0.00410575
8,470.32,0.79967,0.86994,0.83413,0,0,0,0,0,0,0,0.00381671,0.00381671,0.00381671
9,529.024,0.76639,0.82791,0.7912,0,0,0,0,0,0,0,0.00352766,0.00352766,0.00352766
10,587.669,0.78733,0.84645,0.83113,0,0,0,0,0,0,0,0.00323862,0.00323862,0.00323862
11,646.599,0.78211,0.72596,0.82912,0,0,0,0,0,0,0,0.00294958,0.00294958,0.00294958
12,705.182,0.74585,0.6833,0.8282,0,0,0,0,0,0,0,0.00266054,0.00266054,0.00266054
13,763.72,0.76028,0.66187,0.81452,0,0,0,0,0,0,0,0.0023715,0.0023715,0.0023715
14,822.292,0.69012,0.5951,0.77542,0,0,0,0,0,0,0,0.00208245,0.00208245,0.00208245
15,880.842,0.69364,0.58386,0.76687,0,0,0,0,0,0,0,0.00179341,0.00179341,0.00179341
16,939.403,0.695,0.55969,0.77585,0,0,0,0,0,0,0,0.00150437,0.00150437,0.00150437
17,997.947,0.63989,0.52087,0.74589,0,0,0,0,0,0,0,0.00121533,0.00121533,0.00121533
18,1056.5,0.64201,0.50711,0.73789,0,0,0,0,0,0,0,0.000926285,0.000926285,0.000926285
19,1115.1,0.62856,0.48497,0.72846,0,0,0,0,0,0,0,0.000637243,0.000637243,0.000637243
20,1175.73,0.62817,0.48873,0.73303,0.88311,0.85237,0.9336,0.69538,0.78218,0.55536,0.67779,0.000348201,0.000348201,0.000348201
1,60.128,1.42016,2.52388,1.74429,0,0,0,0,0,0,0,0.0714884,0.00205401,0.00205401
2,119.268,1.2851,1.45757,1.58912,0,0,0,0,0,0,0,0.0426607,0.00391217,0.00391217
3,178.098,1.2093,1.38945,1.50345,0,0,0,0,0,0,0,0.0136286,0.00556601,0.00556601
4,236.841,1.2102,1.32235,1.4898,0,0,0,0,0,0,0,0.00572119,0.00572119,0.00572119
5,295.638,1.2588,1.22868,1.53613,0,0,0,0,0,0,0,0.00538826,0.00538826,0.00538826
6,354.314,1.26345,1.11443,1.50779,0,0,0,0,0,0,0,0.00505532,0.00505532,0.00505532
7,413.047,1.19636,1.05109,1.49364,0,0,0,0,0,0,0,0.00472239,0.00472239,0.00472239
8,471.882,1.14693,0.96693,1.44909,0,0,0,0,0,0,0,0.00438945,0.00438945,0.00438945
9,530.614,1.15774,0.93176,1.46134,0,0,0,0,0,0,0,0.00405651,0.00405651,0.00405651
10,589.342,1.12121,0.90148,1.42716,0,0,0,0,0,0,0,0.00372358,0.00372358,0.00372358
11,648.525,1.10543,0.75916,1.42501,0,0,0,0,0,0,0,0.00339064,0.00339064,0.00339064
12,707.227,1.09221,0.7485,1.42207,0,0,0,0,0,0,0,0.00305771,0.00305771,0.00305771
13,765.867,1.11628,0.70668,1.43437,0,0,0,0,0,0,0,0.00272477,0.00272477,0.00272477
14,824.509,1.01053,0.64592,1.36966,0,0,0,0,0,0,0,0.00239184,0.00239184,0.00239184
15,883.101,1.02758,0.64305,1.36425,0,0,0,0,0,0,0,0.0020589,0.0020589,0.0020589
16,941.687,1.00202,0.61112,1.37125,0,0,0,0,0,0,0,0.00172596,0.00172596,0.00172596
17,1000.3,0.93316,0.55848,1.30757,0,0,0,0,0,0,0,0.00139303,0.00139303,0.00139303
18,1058.97,0.92699,0.53841,1.29936,0,0,0,0,0,0,0,0.00106009,0.00106009,0.00106009
19,1117.67,0.90568,0.52489,1.26924,0,0,0,0,0,0,0,0.000727158,0.000727158,0.000727158
20,1178.34,0.92415,0.54703,1.283,0.88937,0.86908,0.93649,0.70266,1.11847,0.56811,1.17683,0.000394222,0.000394222,0.000394222
1,59.8725,1.46093,2.01719,1.83087,0,0,0,0,0,0,0,0.0636117,0.00305273,0.00305273
2,118.827,1.35593,1.27407,1.69999,0,0,0,0,0,0,0,0.0267778,0.00581505,0.00581505
3,177.684,1.25945,1.14678,1.6205,0,0,0,0,0,0,0,0.00697469,0.00697469,0.00697469
4,236.415,1.23373,1.0134,1.59159,0,0,0,0,0,0,0,0.00659204,0.00659204,0.00659204
5,295.068,1.21188,0.91458,1.60657,0,0,0,0,0,0,0,0.00620938,0.00620938,0.00620938
6,353.857,1.22651,0.84629,1.57766,0,0,0,0,0,0,0,0.00582673,0.00582673,0.00582673
7,412.624,1.17348,0.80975,1.56764,0,0,0,0,0,0,0,0.00544408,0.00544408,0.00544408
8,471.364,1.19838,0.75272,1.58458,0,0,0,0,0,0,0,0.00506142,0.00506142,0.00506142
9,530.115,1.14351,0.72286,1.48464,0,0,0,0,0,0,0,0.00467877,0.00467877,0.00467877
10,588.791,1.12479,0.70603,1.5133,0,0,0,0,0,0,0,0.00429611,0.00429611,0.00429611
11,647.784,1.15886,0.63635,1.54096,0,0,0,0,0,0,0,0.00391346,0.00391346,0.00391346
12,706.494,1.12867,0.56806,1.55108,0,0,0,0,0,0,0,0.00353081,0.00353081,0.00353081
13,765.192,1.1267,0.5703,1.52513,0,0,0,0,0,0,0,0.00314815,0.00314815,0.00314815
14,823.935,1.03524,0.534,1.46622,0,0,0,0,0,0,0,0.0027655,0.0027655,0.0027655
15,882.55,1.03832,0.51114,1.46219,0,0,0,0,0,0,0,0.00238284,0.00238284,0.00238284
16,941.179,1.06011,0.50996,1.47309,0,0,0,0,0,0,0,0.00200019,0.00200019,0.00200019
17,999.878,0.98609,0.46204,1.42337,0,0,0,0,0,0,0,0.00161754,0.00161754,0.00161754
18,1058.55,0.97147,0.47004,1.41816,0,0,0,0,0,0,0,0.00123488,0.00123488,0.00123488
19,1117.22,0.96304,0.45205,1.38962,0,0,0,0,0,0,0,0.000852228,0.000852228,0.000852228
20,1177.92,0.98131,0.47883,1.4047,0.85526,0.85588,0.9319,0.68,1.19148,0.49363,1.2913,0.000469574,0.000469574,0.000469574
1,59.8269,1.09015,2.0883,0.9735,0,0,0,0,0,0,0,0.0628624,0.00230335,0.00230335
2,118.846,0.96527,1.24424,0.86454,0,0,0,0,0,0,0,0.0253498,0.00438707,0.00438707
3,177.601,0.96032,1.3204,0.8571,0,0,0,0,0,0,0,0.00526127,0.00526127,0.00526127
4,236.345,0.9637,1.10025,0.84609,0,0,0,0,0,0,0,0.0049719,0.0049719,0.0049719
5,295.015,0.93512,0.96941,0.84677,0,0,0,0,0,0,0,0.00468254,0.00468254,0.00468254
6,353.711,0.89952,0.92997,0.81805,0,0,0,0,0,0,0,0.00439317,0.00439317,0.00439317
7,412.418,0.90014,0.8576,0.82175,0,0,0,0,0,0,0,0.0041038,0.0041038,0.0041038
8,471.103,0.85388,0.81612,0.81008,0,0,0,0,0,0,0,0.00381444,0.00381444,0.00381444
9,529.802,0.87902,0.83137,0.81258,0,0,0,0,0,0,0,0.00352507,0.00352507,0.00352507
10,588.48,0.83116,0.78052,0.78185,0,0,0,0,0,0,0,0.0032357,0.0032357,0.0032357
11,647.545,0.82695,0.64644,0.78867,0,0,0,0,0,0,0,0.00294634,0.00294634,0.00294634
12,706.189,0.80728,0.60004,0.78386,0,0,0,0,0,0,0,0.00265697,0.00265697,0.00265697
13,764.812,0.82875,0.60268,0.78702,0,0,0,0,0,0,0,0.00236761,0.00236761,0.00236761
14,823.428,0.76344,0.55301,0.75735,0,0,0,0,0,0,0,0.00207824,0.00207824,0.00207824
15,881.961,0.76312,0.54132,0.74801,0,0,0,0,0,0,0,0.00178887,0.00178887,0.00178887
16,940.525,0.75551,0.51907,0.75391,0,0,0,0,0,0,0,0.00149951,0.00149951,0.00149951
17,999.125,0.71364,0.46747,0.73293,0,0,0,0,0,0,0,0.00121014,0.00121014,0.00121014
18,1057.83,0.71014,0.45137,0.72909,0,0,0,0,0,0,0,0.000920775,0.000920775,0.000920775
19,1116.43,0.68275,0.43687,0.70855,0,0,0,0,0,0,0,0.000631409,0.000631409,0.000631409
20,1177.1,0.69745,0.45217,0.71063,0.84877,0.89136,0.93978,0.6951,0.87142,0.50016,0.65655,0.000342043,0.000342043,0.000342043
1,59.8132,1.0658,2.31566,0.96865,0,0,0,0,0,0,0,0.0628624,0.00230335,0.00230335
2,118.693,0.99228,1.36619,0.89683,0,0,0,0,0,0,0,0.0253497,0.00438694,0.00438694
3,177.5,0.93888,1.42402,0.85145,0,0,0,0,0,0,0,0.00526095,0.00526095,0.00526095
4,236.261,0.93763,1.20274,0.84425,0,0,0,0,0,0,0,0.00497143,0.00497143,0.00497143
5,294.959,0.92185,1.1051,0.84541,0,0,0,0,0,0,0,0.0046819,0.0046819,0.0046819
6,353.736,0.94049,1.05189,0.85044,0,0,0,0,0,0,0,0.00439238,0.00439238,0.00439238
7,412.422,0.91647,1.00623,0.8556,0,0,0,0,0,0,0,0.00410286,0.00410286,0.00410286
8,471.09,0.92469,0.93128,0.85686,0,0,0,0,0,0,0,0.00381333,0.00381333,0.00381333
9,529.824,0.87736,0.88067,0.80922,0,0,0,0,0,0,0,0.00352381,0.00352381,0.00352381
10,588.462,0.87901,0.89355,0.82683,0,0,0,0,0,0,0,0.00323429,0.00323429,0.00323429
11,647.481,0.87481,0.77712,0.84568,0,0,0,0,0,0,0,0.00294476,0.00294476,0.00294476
12,706.092,0.84879,0.71448,0.82791,0,0,0,0,0,0,0,0.00265524,0.00265524,0.00265524
13,764.703,0.87746,0.6922,0.83048,0,0,0,0,0,0,0,0.00236571,0.00236571,0.00236571
14,823.394,0.8102,0.65604,0.79331,0,0,0,0,0,0,0,0.00207619,0.00207619,0.00207619
15,882.039,0.81529,0.62319,0.79293,0,0,0,0,0,0,0,0.00178667,0.00178667,0.00178667
16,940.572,0.80189,0.60925,0.79168,0,0,0,0,0,0,0,0.00149714,0.00149714,0.00149714
17,999.232,0.73532,0.56103,0.76422,0,0,0,0,0,0,0,0.00120762,0.00120762,0.00120762
18,1057.81,0.72746,0.54018,0.75752,0,0,0,0,0,0,0,0.000918095,0.000918095,0.000918095
19,1116.32,0.73348,0.52391,0.74981,0,0,0,0,0,0,0,0.000628571,0.000628571,0.000628571
20,1176.96,0.72821,0.53378,0.75401,0.89249,0.8787,0.94337,0.69514,0.89248,0.58828,0.67797,0.000339047,0.000339047,0.000339047
1,59.9275,1.11317,1.55219,1.78875,0,0,0,0,0,0,0,0.0639575,0.0025593,0.0025593
2,118.899,1.08365,1.12617,1.7165,0,0,0,0,0,0,0,0.0275188,0.0048744,0.0048744
3,177.693,1.01789,1.25657,1.61201,0,0,0,0,0,0,0,0.00597257,0.00597257,0.00597257
4,236.445,1.01025,1.0321,1.60577,0,0,0,0,0,0,0,0.00564385,0.00564385,0.00564385
5,295.186,0.96883,0.87018,1.57953,0,0,0,0,0,0,0,0.00531514,0.00531514,0.00531514
6,353.936,1.00962,0.85657,1.62004,0,0,0,0,0,0,0,0.00498642,0.00498642,0.00498642
7,412.659,0.95589,0.80391,1.57843,0,0,0,0,0,0,0,0.00465771,0.00465771,0.00465771
8,471.385,0.93204,0.74094,1.55273,0,0,0,0,0,0,0,0.00432899,0.00432899,0.00432899
9,530.067,0.90999,0.72703,1.54106,0,0,0,0,0,0,0,0.00400028,0.00400028,0.00400028
10,588.702,0.89038,0.71742,1.48847,0,0,0,0,0,0,0,0.00367156,0.00367156,0.00367156
11,647.754,0.85383,0.58078,1.49483,0,0,0,0,0,0,0,0.00334285,0.00334285,0.00334285
12,706.336,0.8481,0.58024,1.49422,0,0,0,0,0,0,0,0.00301413,0.00301413,0.00301413
13,764.981,0.84491,0.56526,1.47192,0,0,0,0,0,0,0,0.00268542,0.00268542,0.00268542
14,823.617,0.78301,0.50685,1.41986,0,0,0,0,0,0,0,0.0023567,0.0023567,0.0023567
15,882.283,0.78364,0.48769,1.4115,0,0,0,0,0,0,0,0.00202798,0.00202798,0.00202798
16,940.897,0.77604,0.47361,1.41232,0,0,0,0,0,0,0,0.00169927,0.00169927,0.00169927
17,999.621,0.72912,0.42935,1.3653,0,0,0,0,0,0,0,0.00137055,0.00137055,0.00137055
18,1058.18,0.70788,0.42189,1.33665,0,0,0,0,0,0,0,0.00104184,0.00104184,0.00104184
19,1116.77,0.70107,0.41388,1.32118,0,0,0,0,0,0,0,0.000713123,0.000713123,0.000713123
20,1177.46,0.69362,0.39848,1.32044,0.86498,0.87744,0.92913,0.69369,0.8952,0.45946,1.25231,0.000384407,0.000384407,0.000384407
1,59.7821,1.06826,2.23515,1.01907,0,0,0,0,0,0,0,0.0627953,0.0022363,0.0022363
2,118.648,0.95339,1.37741,0.92672,0,0,0,0,0,0,0,0.0252221,0.0042594,0.0042594
3,177.412,0.91905,1.35932,0.87834,0,0,0,0,0,0,0,0.00510822,0.00510822,0.00510822
4,236.142,0.93984,1.14279,0.88445,0,0,0,0,0,0,0,0.00482732,0.00482732,0.00482732
5,294.759,0.97749,1.05937,0.91125,0,0,0,0,0,0,0,0.00454643,0.00454643,0.00454643
6,353.34,0.94278,1.05758,0.89221,0,0,0,0,0,0,0,0.00426554,0.00426554,0.00426554
7,411.852,0.90249,0.95956,0.88295,0,0,0,0,0,0,0,0.00398465,0.00398465,0.00398465
8,470.42,0.85447,0.89781,0.85162,0,0,0,0,0,0,0,0.00370376,0.00370376,0.00370376
9,529.109,0.89886,0.86015,0.88044,0,0,0,0,0,0,0,0.00342287,0.00342287,0.00342287
10,587.819,0.83779,0.82202,0.83868,0,0,0,0,0,0,0,0.00314197,0.00314197,0.00314197
11,646.915,0.84238,0.6998,0.84677,0,0,0,0,0,0,0,0.00286108,0.00286108,0.00286108
12,705.569,0.82831,0.68266,0.84623,0,0,0,0,0,0,0,0.00258019,0.00258019,0.00258019
13,764.226,0.84224,0.65658,0.84378,0,0,0,0,0,0,0,0.0022993,0.0022993,0.0022993
14,822.84,0.77529,0.61434,0.80447,0,0,0,0,0,0,0,0.00201841,0.00201841,0.00201841
15,881.503,0.78046,0.60922,0.811,0,0,0,0,0,0,0,0.00173751,0.00173751,0.00173751
16,940.119,0.76977,0.56029,0.81539,0,0,0,0,0,0,0,0.00145662,0.00145662,0.00145662
17,998.699,0.71562,0.55126,0.77696,0,0,0,0,0,0,0,0.00117573,0.00117573,0.00117573
18,1057.33,0.70766,0.51408,0.77527,0,0,0,0,0,0,0,0.000894839,0.000894839,0.000894839
19,1115.99,0.68276,0.51054,0.75721,0,0,0,0,0,0,0,0.000613948,0.000613948,0.000613948
20,1176.71,0.70418,0.50029,0.76715,0.84623,0.90445,0.93315,0.68945,0.85772,0.5771,0.69411,0.000333056,0.000333056,0.000333056
1,59.926,0.89052,1.79808,1.26719,0,0,0,0,0,0,0,0.0639154,0.00335643,0.00335643
2,118.9,0.87577,1.2676,1.21642,0,0,0,0,0,0,0,0.0273561,0.00639337,0.00639337
3,177.652,0.86585,1.4767,1.19134,0,0,0,0,0,0,0,0.00766811,0.00766811,0.00766811
4,236.382,0.85096,1.10076,1.1811,0,0,0,0,0,0,0,0.00724716,0.00724716,0.00724716
5,295.118,0.82291,0.96157,1.17881,0,0,0,0,0,0,0,0.00682621,0.00682621,0.00682621
6,353.834,0.81721,0.97815,1.17144,0,0,0,0,0,0,0,0.00640526,0.00640526,0.00640526
7,412.547,0.79478,0.93237,1.16516,0,0,0,0,0,0,0,0.00598432,0.00598432,0.00598432
8,471.226,0.77919,0.83783,1.1389,0,0,0,0,0,0,0,0.00556337,0.00556337,0.00556337
9,529.864,0.73189,0.76363,1.08313,0,0,0,0,0,0,0,0.00514242,0.00514242,0.00514242
10,588.59,0.74243,0.8058,1.10713,0,0,0,0,0,0,0,0.00472148,0.00472148,0.00472148
11,647.664,0.73481,0.64564,1.12117,0,0,0,0,0,0,0,0.00430053,0.00430053,0.00430053
12,706.275,0.72183,0.63527,1.10458,0,0,0,0,0,0,0,0.00387958,0.00387958,0.00387958
13,764.89,0.7254,0.61298,1.09666,0,0,0,0,0,0,0,0.00345863,0.00345863,0.00345863
14,823.575,0.65664,0.55637,1.04323,0,0,0,0,0,0,0,0.00303769,0.00303769,0.00303769
15,882.269,0.66958,0.5543,1.04235,0,0,0,0,0,0,0,0.00261674,0.00261674,0.00261674
16,940.908,0.67243,0.52239,1.05917,0,0,0,0,0,0,0,0.00219579,0.00219579,0.00219579
17,999.652,0.61142,0.48555,1.00687,0,0,0,0,0,0,0,0.00177485,0.00177485,0.00177485
18,1058.32,0.6016,0.46282,0.99752,0,0,0,0,0,0,0,0.0013539,0.0013539,0.0013539
19,1116.99,0.59859,0.4524,0.96972,0,0,0,0,0,0,0,0.000932951,0.000932951,0.000932951
20,1177.58,0.59521,0.45405,0.97321,0.8829,0.86072,0.94263,0.6873,0.73802,0.50807,0.87963,0.000512004,0.000512004,0.000512004
1,59.7929,1.13788,1.67172,1.59196,0,0,0,0,0,0,0,0.0609304,0.00236597,0.00236597
2,118.764,1.05948,1.00517,1.43774,0,0,0,0,0,0,0,0.0214723,0.00450657,0.00450657
3,177.472,1.03101,0.99544,1.41404,0,0,0,0,0,0,0,0.00514472,0.00514472,0.00514472
4,236.254,1.07482,0.86557,1.43774,0,0,0,0,0,0,0,0.00486207,0.00486207,0.00486207
5,294.939,0.98589,0.76602,1.38738,0,0,0,0,0,0,0,0.00457943,0.00457943,0.00457943
6,353.693,1.01515,0.76354,1.40707,0,0,0,0,0,0,0,0.00429679,0.00429679,0.00429679
7,412.401,0.93663,0.69534,1.34853,0,0,0,0,0,0,0,0.00401415,0.00401415,0.00401415
8,471.124,0.93325,0.68344,1.36551,0,0,0,0,0,0,0,0.0037315,0.0037315,0.0037315
9,529.8,0.94735,0.66906,1.3642,0,0,0,0,0,0,0,0.00344886,0.00344886,0.00344886
10,588.507,0.92231,0.63565,1.35075,0,0,0,0,0,0,0,0.00316622,0.00316622,0.00316622
11,647.584,0.91577,0.53808,1.32926,0,0,0,0,0,0,0,0.00288358,0.00288358,0.00288358
12,706.269,0.88011,0.5109,1.31424,0,0,0,0,0,0,0,0.00260094,0.00260094,0.00260094
13,764.89,0.89235,0.51689,1.31371,0,0,0,0,0,0,0,0.00231829,0.00231829,0.00231829
14,823.455,0.81222,0.45894,1.26425,0,0,0,0,0,0,0,0.00203565,0.00203565,0.00203565
15,882.035,0.8185,0.44177,1.26123,0,0,0,0,0,0,0,0.00175301,0.00175301,0.00175301
16,940.57,0.79664,0.43174,1.24592,0,0,0,0,0,0,0,0.00147037,0.00147037,0.00147037
17,999.234,0.75929,0.4061,1.21618,0,0,0,0,0,0,0,0.00118773,0.00118773,0.00118773
18,1057.88,0.75562,0.38687,1.19553,0,0,0,0,0,0,0,0.000905084,0.000905084,0.000905084
19,1116.48,0.73083,0.37219,1.1685,0,0,0,0,0,0,0,0.000622441,0.000622441,0.000622441
20,1177.19,0.74231,0.37859,1.18755,0.9015,0.82173,0.92454,0.68424,0.93747,0.43424,1.13295,0.000339799,0.000339799,0.000339799
1,60.1934,0.82452,2.60321,0.84109,0,0,0,0,0,0,0,0.0694161,0.00189688,0.00189688
2,119.172,0.77203,1.59097,0.80463,0,0,0,0,0,0,0,0.0385231,0.00361263,0.00361263
3,177.908,0.72228,1.59671,0.75063,0,0,0,0,0,0,0,0.0074412,0.00513941,0.00513941
4,236.581,0.70885,1.39169,0.73788,0,0,0,0,0,0,0,0.00497074,0.00497074,0.00497074
5,295.295,0.69602,1.24301,0.73665,0,0,0,0,0,0,0,0.00468098,0.00468098,0.00468098
6,353.965,0.70127,1.26854,0.73677,0,0,0,0,0,0,0,0.00439123,0.00439123,0.00439123
7,412.607,0.69163,1.133,0.73638,0,0,0,0,0,0,0,0.00410147,0.00410147,0.00410147
8,471.355,0.67476,1.03229,0.72502,0,0,0,0,0,0,0,0.00381172,0.00381172,0.00381172
9,530.019,0.63963,0.93359,0.69089,0,0,0,0,0,0,0,0.00352196,0.00352196,0.00352196
10,588.692,0.63855,0.97249,0.70051,0,0,0,0,0,0,0,0.00323221,0.00323221,0.00323221
11,647.689,0.64264,0.75673,0.69578,0,0,0,0,0,0,0,0.00294245,0.00294245,0.00294245
12,706.307,0.60985,0.73019,0.6838,0,0,0,0,0,0,0,0.0026527,0.0026527,0.0026527
13,764.85,0.61915,0.69903,0.68631,0,0,0,0,0,0,0,0.00236295,0.00236295,0.00236295
14,823.431,0.59034,0.67961,0.67637,0,0,0,0,0,0,0,0.00207319,0.00207319,0.00207319
15,882.047,0.58398,0.64625,0.67141,0,0,0,0,0,0,0,0.00178344,0.00178344,0.00178344
16,940.599,0.57911,0.64408,0.66473,0,0,0,0,0,0,0,0.00149368,0.00149368,0.00149368
17,999.193,0.54842,0.59918,0.65852,0,0,0,0,0,0,0,0.00120393,0.00120393,0.00120393
18,1057.81,0.54486,0.56483,0.65251,0,0,0,0,0,0,0,0.000914173,0.000914173,0.000914173
19,1116.46,0.54396,0.57446,0.64775,0,0,0,0,0,0,0,0.000624419,0.000624419,0.000624419
20,1177.07,0.53915,0.582,0.64456,0.88314,0.87465,0.93095,0.68503,0.69585,0.66885,0.57936,0.000334664,0.000334664,0.000334664
1,59.5565,1.02575,2.65121,1.84229,0,0,0,0,0,0,0,0.052017,0.00428037,0.00428037
2,118.382,0.92132,1.87218,1.70016,0,0,0,0,0,0,0,0.00778423,0.00778423,0.00778423
3,177.061,0.94468,1.64838,1.6837,0,0,0,0,0,0,0,0.00737847,0.00737847,0.00737847
4,235.714,0.95049,1.23628,1.67456,0,0,0,0,0,0,0,0.0069727,0.0069727,0.0069727
5,294.38,0.91239,1.08988,1.6462,0,0,0,0,0,0,0,0.00656694,0.00656694,0.00656694
6,352.99,0.91166,1.06375,1.63527,0,0,0,0,0,0,0,0.00616117,0.00616117,0.00616117
7,411.695,0.89012,0.98974,1.60813,0,0,0,0,0,0,0,0.00575541,0.00575541,0.00575541
8,470.456,0.84295,0.96138,1.59647,0,0,0,0,0,0,0,0.00534964,0.00534964,0.00534964
9,529.195,0.82237,0.89991,1.53567,0,0,0,0,0,0,0,0.00494388,0.00494388,0.00494388
10,587.891,0.79791,0.84827,1.53315,0,0,0,0,0,0,0,0.00453811,0.00453811,0.00453811
11,646.988,0.72128,0.64251,1.43019,0,0,0,0,0,0,0,0.00413235,0.00413235,0.00413235
12,705.662,0.69189,0.59791,1.41667,0,0,0,0,0,0,0,0.00372658,0.00372658,0.00372658
13,764.27,0.70195,0.57201,1.40343,0,0,0,0,0,0,0,0.00332082,0.00332082,0.00332082
14,822.867,0.6584,0.55452,1.35417,0,0,0,0,0,0,0,0.00291505,0.00291505,0.00291505
15,881.505,0.65736,0.53695,1.35568,0,0,0,0,0,0,0,0.00250928,0.00250928,0.00250928
16,940.108,0.6277,0.49054,1.32331,0,0,0,0,0,0,0,0.00210352,0.00210352,0.00210352
17,998.818,0.58384,0.4445,1.28004,0,0,0,0,0,0,0,0.00169775,0.00169775,0.00169775
18,1057.39,0.59284,0.43983,1.30451,0,0,0,0,0,0,0,0.00129199,0.00129199,0.00129199
19,1116.04,0.57693,0.42511,1.26398,0,0,0,0,0,0,0,0.000886224,0.000886224,0.000886224
20,1176.81,0.57215,0.41769,1.25272,0.88578,0.8663,0.93283,0.69197,0.79576,0.55907,1.20441,0.000480458,0.000480458,0.000480458
1,59.8214,1.15995,2.27571,1.05259,0,0,0,0,0,0,0,0.0668894,0.00173166,0.00173166
2,118.782,1.09542,1.29068,1.00484,0,0,0,0,0,0,0,0.0334763,0.00329802,0.00329802
3,177.542,1.03605,1.26263,0.94029,0,0,0,0,0,0,0,0.00447697,0.00447697,0.00447697
4,236.219,1.05195,1.11607,0.94247,0,0,0,0,0,0,0,0.00423046,0.00423046,0.00423046
5,294.908,1.06277,1.05323,0.96284,0,0,0,0,0,0,0,0.00398394,0.00398394,0.00398394
6,353.606,1.10057,1.02962,0.97813,0,0,0,0,0,0,0,0.00373743,0.00373743,0.00373743
7,412.317,1.07286,1.03839,0.9759,0,0,0,0,0,0,0,0.00349091,0.00349091,0.00349091
8,470.984,1.04087,0.93743,0.95596,0,0,0,0,0,0,0,0.0032444,0.0032444,0.0032444
9,529.713,1.01466,0.88186,0.92116,0,0,0,0,0,0,0,0.00299788,0.00299788,0.00299788
10,588.42,1.01158,0.8959,0.93197,0,0,0,0,0,0,0,0.00275137,0.00275137,0.00275137
11,647.579,1.03482,0.75614,0.9591,0,0,0,0,0,0,0,0.00250486,0.00250486,0.00250486
12,706.264,0.98815,0.72052,0.92856,0,0,0,0,0,0,0,0.00225834,0.00225834,0.00225834
13,764.92,0.97096,0.69048,0.90518,0,0,0,0,0,0,0,0.00201183,0.00201183,0.00201183
14,823.496,0.91208,0.63152,0.88285,0,0,0,0,0,0,0,0.00176531,0.00176531,0.00176531
15,882.084,0.92116,0.61603,0.88344,0,0,0,0,0,0,0,0.0015188,0.0015188,0.0015188
16,940.667,0.90068,0.6044,0.87505,0,0,0,0,0,0,0,0.00127228,0.00127228,0.00127228
17,999.313,0.8456,0.56939,0.85519,0,0,0,0,0,0,0,0.00102577,0.00102577,0.00102577
18,1058,0.83766,0.52966,0.83439,0,0,0,0,0,0,0,0.000779254,0.000779254,0.000779254
19,1116.63,0.82068,0.5115,0.81871,0,0,0,0,0,0,0,0.000532739,0.000532739,0.000532739
20,1177.22,0.81721,0.52033,0.8249,0.88935,0.82838,0.92089,0.67062,0.97882,0.61232,0.73604,0.000286225,0.000286225,0.000286225
1,59.8993,1.1957,1.95575,1.54705,0,0,0,0,0,0,0,0.0594464,0.00264367,0.00264367
2,118.857,1.21145,1.2693,1.51208,0,0,0,0,0,0,0,0.0184711,0.00503574,0.00503574
3,177.651,1.21364,1.37836,1.46652,0,0,0,0,0,0,0,0.00551463,0.00551463,0.00551463
4,236.446,1.28857,1.1871,1.51056,0,0,0,0,0,0,0,0.00521194,0.00521194,0.00521194
5,295.138,1.30836,1.31409,1.58364,0,0,0,0,0,0,0,0.00490926,0.00490926,0.00490926
6,353.795,1.33778,1.28104,1.61339,0,0,0,0,0,0,0,0.00460657,0.00460657,0.00460657
7,412.434,1.28961,1.23711,1.59,0,0,0,0,0,0,0,0.00430388,0.00430388,0.00430388
8,471.147,1.29563,1.18772,1.60055,0,0,0,0,0,0,0,0.0040012,0.0040012,0.0040012
9,529.799,1.26499,1.15041,1.52814,0,0,0,0,0,0,0,0.00369851,0.00369851,0.00369851
10,588.427,1.23239,1.0936,1.53333,0,0,0,0,0,0,0,0.00339583,0.00339583,0.00339583
11,647.465,1.23796,1.01329,1.55582,0,0,0,0,0,0,0,0.00309314,0.00309314,0.00309314
12,706.136,1.1984,0.99696,1.5372,0,0,0,0,0,0,0,0.00279045,0.00279045,0.00279045
13,764.79,1.21004,0.97788,1.53514,0,0,0,0,0,0,0,0.00248777,0.00248777,0.00248777
14,823.408,1.14734,0.90275,1.4772,0,0,0,0,0,0,0,0.00218508,0.00218508,0.00218508
15,882.043,1.14922,0.86754,1.4767,0,0,0,0,0,0,0,0.0018824,0.0018824,0.0018824
16,940.657,1.14539,0.85316,1.48742,0,0,0,0,0,0,0,0.00157971,0.00157971,0.00157971
17,999.291,1.06561,0.77316,1.42975,0,0,0,0,0,0,0,0.00127702,0.00127702,0.00127702
18,1058,1.04032,0.72611,1.39863,0,0,0,0,0,0,0,0.000974338,0.000974338,0.000974338
19,1116.67,1.0088,0.70418,1.36367,0,0,0,0,0,0,0,0.000671652,0.000671652,0.000671652
20,1177.26,1.01402,0.6948,1.37943,0.86198,0.74808,0.87423,0.61863,1.16293,0.72728,1.21294,0.000368966,0.000368966,0.000368966
1,59.9138,1.09661,2.28858,1.01624,0,0,0,0,0,0,0,0.0651868,0.00215918,0.00215918
2,118.799,0.96952,1.33969,0.88587,0,0,0,0,0,0,0,0.0300221,0.00411235,0.00411235
3,177.5,0.94918,1.48978,0.87009,0,0,0,0,0,0,0,0.00526092,0.00526092,0.00526092
4,236.118,0.94992,1.25746,0.86194,0,0,0,0,0,0,0,0.00497138,0.00497138,0.00497138
5,294.687,0.89175,1.06132,0.84125,0,0,0,0,0,0,0,0.00468185,0.00468185,0.00468185
6,353.312,0.90601,1.00483,0.8457,0,0,0,0,0,0,0,0.00439231,0.00439231,0.00439231
7,411.917,0.86162,0.89476,0.81877,0,0,0,0,0,0,0,0.00410277,0.00410277,0.00410277
8,470.615,0.8433,0.88151,0.81243,0,0,0,0,0,0,0,0.00381323,0.00381323,0.00381323
9,529.302,0.85061,0.84961,0.80793,0,0,0,0,0,0,0,0.00352369,0.00352369,0.00352369
10,587.98,0.83087,0.8271,0.80039,0,0,0,0,0,0,0,0.00323415,0.00323415,0.00323415
11,647.078,0.81845,0.69258,0.8081,0,0,0,0,0,0,0,0.00294462,0.00294462,0.00294462
12,705.656,0.80154,0.6385,0.79788,0,0,0,0,0,0,0,0.00265508,0.00265508,0.00265508
13,764.358,0.80622,0.6323,0.79442,0,0,0,0,0,0,0,0.00236554,0.00236554,0.00236554
14,823.083,0.74065,0.57972,0.75571,0,0,0,0,0,0,0,0.002076,0.002076,0.002076
15,881.639,0.75351,0.56857,0.76132,0,0,0,0,0,0,0,0.00178646,0.00178646,0.00178646
16,940.272,0.74931,0.551,0.77395,0,0,0,0,0,0,0,0.00149692,0.00149692,0.00149692
17,998.955,0.71136,0.51709,0.7443,0,0,0,0,0,0,0,0.00120738,0.00120738,0.00120738
18,1057.52,0.70792,0.50571,0.74555,0,0,0,0,0,0,0,0.000917847,0.000917847,0.000917847
19,1116.12,0.69295,0.49422,0.73176,0,0,0,0,0,0,0,0.000628308,0.000628308,0.000628308
20,1176.76,0.70277,0.49907,0.73736,0.85706,0.88523,0.94142,0.6966,0.88917,0.57797,0.65974,0.00033877,0.00033877,0.00033877
1,59.8299,0.78012,1.96593,0.96232,0,0,0,0,0,0,0,0.0626809,0.00212193,0.00212193
2,118.746,0.71196,1.1384,0.8802,0,0,0,0,0,0,0,0.0250044,0.00404166,0.00404166
3,177.481,0.68417,1.03363,0.84509,0,0,0,0,0,0,0,0.00484722,0.00484722,0.00484722
4,236.165,0.67581,0.95518,0.83958,0,0,0,0,0,0,0,0.00458083,0.00458083,0.00458083
5,294.812,0.6701,0.81447,0.8224,0,0,0,0,0,0,0,0.00431444,0.00431444,0.00431444
6,353.532,0.63071,0.75131,0.79346,0,0,0,0,0,0,0,0.00404805,0.00404805,0.00404805
7,412.2,0.62266,0.715,0.78638,0,0,0,0,0,0,0,0.00378166,0.00378166,0.00378166
8,470.866,0.64878,0.70383,0.80389,0,0,0,0,0,0,0,0.00351527,0.00351527,0.00351527
9,529.563,0.62283,0.68239,0.78083,0,0,0,0,0,0,0,0.00324887,0.00324887,0.00324887
10,588.264,0.61363,0.66937,0.79448,0,0,0,0,0,0,0,0.00298248,0.00298248,0.00298248
11,647.268,0.63656,0.59322,0.81458,0,0,0,0,0,0,0,0.00271609,0.00271609,0.00271609
12,705.928,0.61261,0.54795,0.80272,0,0,0,0,0,0,0,0.0024497,0.0024497,0.0024497
13,764.59,0.62586,0.55285,0.80442,0,0,0,0,0,0,0,0.00218331,0.00218331,0.00218331
14,823.262,0.575,0.52354,0.76758,0,0,0,0,0,0,0,0.00191692,0.00191692,0.00191692
15,881.864,0.59729,0.49773,0.77251,0,0,0,0,0,0,0,0.00165053,0.00165053,0.00165053
16,940.368,0.5988,0.49615,0.7963,0,0,0,0,0,0,0,0.00138414,0.00138414,0.00138414
17,998.996,0.56205,0.47888,0.7655,0,0,0,0,0,0,0,0.00111775,0.00111775,0.00111775
18,1057.65,0.55128,0.46254,0.7501,0,0,0,0,0,0,0,0.000851358,0.000851358,0.000851358
19,1116.3,0.54376,0.45607,0.73173,0,0,0,0,0,0,0,0.000584967,0.000584967,0.000584967
20,1176.93,0.55958,0.47776,0.74503,0.8508,0.87365,0.91961,0.67661,0.64924,0.4642,0.67708,0.000318577,0.000318577,0.000318577
1,59.7539,1.22314,2.46424,1.03894,0,0,0,0,0,0,0,0.0582261,0.00358321,0.00358321
2,118.769,1.11039,1.51126,0.91958,0,0,0,0,0,0,0,0.0159322,0.00682506,0.00682506
3,177.504,1.12774,1.64848,0.91973,0,0,0,0,0,0,0,0.00711782,0.00711782,0.00711782
4,236.26,1.14615,1.31929,0.92639,0,0,0,0,0,0,0,0.00672673,0.00672673,0.00672673
5,294.974,1.09137,1.15035,0.9084,0,0,0,0,0,0,0,0.00633564,0.00633564,0.00633564
6,353.792,1.1149,1.16694,0.91435,0,0,0,0,0,0,0,0.00594455,0.00594455,0.00594455
7,412.507,1.03417,0.97781,0.87956,0,0,0,0,0,0,0,0.00555346,0.00555346,0.00555346
8,471.244,1.02276,0.94724,0.88839,0,0,0,0,0,0,0,0.00516237,0.00516237,0.00516237
9,529.945,1.02961,0.92344,0.87582,0,0,0,0,0,0,0,0.00477128,0.00477128,0.00477128
10,588.693,0.98016,0.86419,0.84278,0,0,0,0,0,0,0,0.00438019,0.00438019,0.00438019
11,647.807,0.99021,0.79155,0.88652,0,0,0,0,0,0,0,0.00398911,0.00398911,0.00398911
12,706.487,0.96415,0.71435,0.87542,0,0,0,0,0,0,0,0.00359802,0.00359802,0.00359802
13,765.156,0.98784,0.69106,0.87732,0,0,0,0,0,0,0,0.00320693,0.00320693,0.00320693
14,823.82,0.91959,0.66965,0.83666,0,0,0,0,0,0,0,0.00281584,0.00281584,0.00281584
15,882.466,0.93225,0.64069,0.83229,0,0,0,0,0,0,0,0.00242475,0.00242475,0.00242475
16,941.016,0.9216,0.63569,0.84103,0,0,0,0,0,0,0,0.00203366,0.00203366,0.00203366
17,999.666,0.84964,0.58584,0.80776,0,0,0,0,0,0,0,0.00164257,0.00164257,0.00164257
18,1058.34,0.85146,0.56644,0.78809,0,0,0,0,0,0,0,0.00125148,0.00125148,0.00125148
19,1117,0.82695,0.52664,0.78009,0,0,0,0,0,0,0,0.000860389,0.000860389,0.000860389
20,1177.69,0.83313,0.54452,0.78822,0.8768,0.85515,0.93575,0.68423,0.96521,0.57637,0.7242,0.0004693,0.0004693,0.0004693
1,59.9076,1.16034,1.82701,1.20615,0,0,0,0,0,0,0,0.0625682,0.00282177,0.00282177
2,119.012,1.06479,1.18208,1.1122,0,0,0,0,0,0,0,0.024709,0.00537457,0.00537457
3,177.782,1.09023,1.37811,1.14491,0,0,0,0,0,0,0,0.00631555,0.00631555,0.00631555
4,236.482,1.06502,1.06609,1.11817,0,0,0,0,0,0,0,0.00596832,0.00596832,0.00596832
5,295.136,1.00949,0.94753,1.06748,0,0,0,0,0,0,0,0.00562109,0.00562109,0.00562109
6,353.796,1.00367,0.85134,1.0572,0,0,0,0,0,0,0,0.00527387,0.00527387,0.00527387
7,412.511,0.94134,0.80349,1.01854,0,0,0,0,0,0,0,0.00492664,0.00492664,0.00492664
8,471.205,0.98919,0.78763,1.06868,0,0,0,0,0,0,0,0.00457942,0.00457942,0.00457942
9,529.87,0.92265,0.72801,1.01766,0,0,0,0,0,0,0,0.00423219,0.00423219,0.00423219
10,588.576,0.87476,0.70595,0.999,0,0,0,0,0,0,0,0.00388496,0.00388496,0.00388496
11,647.598,0.91054,0.61431,1.01699,0,0,0,0,0,0,0,0.00353774,0.00353774,0.00353774
12,706.176,0.87998,0.57077,1.00446,0,0,0,0,0,0,0,0.00319051,0.00319051,0.00319051
13,764.748,0.86866,0.55346,0.99939,0,0,0,0,0,0,0,0.00284328,0.00284328,0.00284328
14,823.314,0.81539,0.50416,0.95564,0,0,0,0,0,0,0,0.00249606,0.00249606,0.00249606
15,881.907,0.82671,0.49128,0.96358,0,0,0,0,0,0,0,0.00214883,0.00214883,0.00214883
16,940.448,0.79893,0.46553,0.96143,0,0,0,0,0,0,0,0.00180161,0.00180161,0.00180161
17,999.069,0.7516,0.44206,0.92305,0,0,0,0,0,0,0,0.00145438,0.00145438,0.00145438
18,1057.63,0.74042,0.42094,0.92109,0,0,0,0,0,0,0,0.00110715,0.00110715,0.00110715
19,1116.14,0.71944,0.41839,0.90002,0,0,0,0,0,0,0,0.000759926,0.000759926,0.000759926
20,1176.65,0.74245,0.43169,0.91527,0.84833,0.88805,0.9324,0.68373,0.94033,0.51216,0.84962,0.0004127,0.0004127,0.0004127
1,59.8038,1.03949,2.04065,1.15492,0,0,0,0,0,0,0,0.0666688,0.00244341,0.00244341
2,118.857,0.91691,1.2329,1.01686,0,0,0,0,0,0,0,0.0329634,0.00465355,0.00465355
3,177.666,0.90878,1.31377,1.00519,0,0,0,0,0,0,0,0.00615239,0.00615239,0.00615239
4,236.308,0.90906,1.15042,1.00547,0,0,0,0,0,0,0,0.00581358,0.00581358,0.00581358
5,294.974,0.85523,0.93282,0.97511,0,0,0,0,0,0,0,0.00547478,0.00547478,0.00547478
6,353.591,0.86973,0.94116,0.98153,0,0,0,0,0,0,0,0.00513597,0.00513597,0.00513597
7,412.292,0.82156,0.78391,0.94334,0,0,0,0,0,0,0,0.00479717,0.00479717,0.00479717
8,470.927,0.80356,0.77671,0.94757,0,0,0,0,0,0,0,0.00445836,0.00445836,0.00445836
9,529.562,0.81994,0.74761,0.93616,0,0,0,0,0,0,0,0.00411956,0.00411956,0.00411956
10,588.28,0.79068,0.73445,0.92696,0,0,0,0,0,0,0,0.00378075,0.00378075,0.00378075
11,647.305,0.77451,0.60829,0.92832,0,0,0,0,0,0,0,0.00344194,0.00344194,0.00344194
12,705.937,0.75383,0.56635,0.91761,0,0,0,0,0,0,0,0.00310314,0.00310314,0.00310314
13,764.509,0.76355,0.54603,0.91577,0,0,0,0,0,0,0,0.00276433,0.00276433,0.00276433
14,823.09,0.72286,0.53551,0.89806,0,0,0,0,0,0,0,0.00242553,0.00242553,0.00242553
15,881.771,0.71358,0.51803,0.87926,0,0,0,0,0,0,0,0.00208672,0.00208672,0.00208672
16,940.459,0.71911,0.49806,0.88636,0,0,0,0,0,0,0,0.00174792,0.00174792,0.00174792
17,999.147,0.66116,0.46153,0.85818,0,0,0,0,0,0,0,0.00140911,0.00140911,0.00140911
18,1057.71,0.66335,0.45553,0.85057,0,0,0,0,0,0,0,0.00107031,0.00107031,0.00107031
19,1116.41,0.65814,0.44254,0.84341,0,0,0,0,0,0,0,0.0007315,0.0007315,0.0007315
20,1177.01,0.65106,0.45886,0.84295,0.87577,0.85794,0.93591,0.69116,0.8477,0.50805,0.77584,0.000392694,0.000392694,0.000392694
1,59.8848,1.31682,1.69827,1.21792,0,0,0,0,0,0,0,0.0652324,0.0022586,0.0022586
2,118.823,1.30648,1.07563,1.18674,0,0,0,0,0,0,0,0.030104,0.0043023,0.0043023
3,177.441,1.30707,1.16286,1.16322,0,0,0,0,0,0,0,0.00549676,0.00549676,0.00549676
4,236.097,1.38738,1.05326,1.21128,0,0,0,0,0,0,0,0.00519515,0.00519515,0.00519515
5,294.625,1.41183,1.05635,1.25453,0,0,0,0,0,0,0,0.00489353,0.00489353,0.00489353
6,353.244,1.42568,1.05801,1.25157,0,0,0,0,0,0,0,0.00459191,0.00459191,0.00459191
7,411.807,1.35397,0.9896,1.22783,0,0,0,0,0,0,0,0.00429029,0.00429029,0.00429029
8,470.394,1.35278,0.94949,1.21373,0,0,0,0,0,0,0,0.00398868,0.00398868,0.00398868
9,528.933,1.30766,0.91298,1.16429,0,0,0,0,0,0,0,0.00368706,0.00368706,0.00368706
10,587.56,1.27131,0.88943,1.16892,0,0,0,0,0,0,0,0.00338544,0.00338544,0.00338544
11,646.533,1.27595,0.79519,1.18428,0,0,0,0,0,0,0,0.00308382,0.00308382,0.00308382
12,705.116,1.25067,0.76082,1.17037,0,0,0,0,0,0,0,0.00278221,0.00278221,0.00278221
13,763.701,1.26135,0.75963,1.18054,0,0,0,0,0,0,0,0.00248059,0.00248059,0.00248059
14,822.295,1.15418,0.69417,1.11739,0,0,0,0,0,0,0,0.00217897,0.00217897,0.00217897
15,880.848,1.17781,0.67769,1.12935,0,0,0,0,0,0,0,0.00187735,0.00187735,0.00187735
16,939.384,1.16979,0.67061,1.13516,0,0,0,0,0,0,0,0.00157574,0.00157574,0.00157574
17,997.935,1.09203,0.59585,1.08643,0,0,0,0,0,0,0,0.00127412,0.00127412,0.00127412
18,1056.53,1.04815,0.56061,1.05796,0,0,0,0,0,0,0,0.000972502,0.000972502,0.000972502
19,1115.1,1.02976,0.55085,1.04354,0,0,0,0,0,0,0,0.000670884,0.000670884,0.000670884
20,1175.63,1.01772,0.54187,1.03934,0.88257,0.73816,0.85133,0.61655,1.19367,0.66782,0.91102,0.000369267,0.000369267,0.000369267
1,59.8274,1.12753,1.97482,1.03828,0,0,0,0,0,0,0,0.0628624,0.00230335,0.00230335
2,118.795,0.97808,1.20736,0.90217,0,0,0,0,0,0,0,0.0253496,0.00438692,0.00438692
3,177.608,0.98316,1.17227,0.89085,0,0,0,0,0,0,0,0.00526088,0.00526088,0.00526088
4,236.316,1.00636,1.00365,0.90421,0,0,0,0,0,0,0,0.00497132,0.00497132,0.00497132
5,294.981,0.93048,0.9121,0.87701,0,0,0,0,0,0,0,0.00468176,0.00468176,0.00468176
6,353.699,0.9486,0.8797,0.88656,0,0,0,0,0,0,0,0.00439221,0.00439221,0.00439221
7,412.359,0.90177,0.78575,0.85642,0,0,0,0,0,0,0,0.00410265,0.00410265,0.00410265
8,471.024,0.878,0.74913,0.85685,0,0,0,0,0,0,0,0.00381309,0.00381309,0.00381309
9,529.721,0.89694,0.75832,0.84985,0,0,0,0,0,0,0,0.00352353,0.00352353,0.00352353
10,588.42,0.86551,0.72555,0.83227,0,0,0,0,0,0,0,0.00323397,0.00323397,0.00323397
11,647.441,0.87649,0.62355,0.85379,0,0,0,0,0,0,0,0.00294441,0.00294441,0.00294441
12,706.079,0.82897,0.58938,0.83174,0,0,0,0,0,0,0,0.00265485,0.00265485,0.00265485
13,764.664,0.84292,0.56945,0.83126,0,0,0,0,0,0,0,0.00236529,0.00236529,0.00236529
14,823.205,0.77583,0.52784,0.7979,0,0,0,0,0,0,0,0.00207573,0.00207573,0.00207573
15,881.686,0.78204,0.51411,0.80515,0,0,0,0,0,0,0,0.00178618,0.00178618,0.00178618
16,940.269,0.78186,0.49004,0.80861,0,0,0,0,0,0,0,0.00149662,0.00149662,0.00149662
17,998.862,0.72095,0.46224,0.77172,0,0,0,0,0,0,0,0.00120706,0.00120706,0.00120706
18,1057.39,0.71622,0.43704,0.76488,0,0,0,0,0,0,0,0.000917499,0.000917499,0.000917499
19,1115.91,0.71548,0.4288,0.75597,0,0,0,0,0,0,0,0.00062794,0.00062794,0.00062794
20,1176.43,0.70995,0.425,0.75544,0.86614,0.89694,0.94461,0.70946,0.87479,0.48322,0.68427,0.000338381,0.000338381,0.000338381
1,60.0659,1.4055,2.61244,1.67507,0,0,0,0,0,0,0,0.0711686,0.0016974,0.0016974
2,119.164,1.22547,1.37967,1.47641,0,0,0,0,0,0,0,0.0420551,0.00323296,0.00323296
3,177.949,1.22608,1.32976,1.43865,0,0,0,0,0,0,0,0.0127727,0.00459964,0.00459964
4,236.675,1.25161,1.25722,1.46565,0,0,0,0,0,0,0,0.00473356,0.00473356,0.00473356
5,295.363,1.18701,1.09281,1.41408,0,0,0,0,0,0,0,0.00445807,0.00445807,0.00445807
6,354.029,1.1876,0.99366,1.39069,0,0,0,0,0,0,0,0.00418259,0.00418259,0.00418259
7,412.673,1.13051,0.95092,1.391,0,0,0,0,0,0,0,0.00390711,0.00390711,0.00390711
8,471.381,1.1737,0.94246,1.40509,0,0,0,0,0,0,0,0.00363163,0.00363163,0.00363163
9,530.106,1.09281,0.85424,1.34444,0,0,0,0,0,0,0,0.00335615,0.00335615,0.00335615
10,588.858,1.06322,0.80999,1.34318,0,0,0,0,0,0,0,0.00308067,0.00308067,0.00308067
11,647.916,1.08073,0.70182,1.36666,0,0,0,0,0,0,0,0.00280519,0.00280519,0.00280519
12,706.471,1.06545,0.69338,1.35964,0,0,0,0,0,0,0,0.00252971,0.00252971,0.00252971
13,765.121,1.07064,0.67962,1.33615,0,0,0,0,0,0,0,0.00225422,0.00225422,0.00225422
14,823.639,0.96998,0.61794,1.29073,0,0,0,0,0,0,0,0.00197874,0.00197874,0.00197874
15,882.181,1.00504,0.60216,1.29781,0,0,0,0,0,0,0,0.00170326,0.00170326,0.00170326
16,940.789,1.00737,0.59331,1.30423,0,0,0,0,0,0,0,0.00142778,0.00142778,0.00142778
17,999.417,0.91641,0.53565,1.25015,0,0,0,0,0,0,0,0.0011523,0.0011523,0.0011523
18,1058.09,0.90925,0.52013,1.24174,0,0,0,0,0,0,0,0.000876818,0.000876818,0.000876818
19,1116.68,0.89618,0.50447,1.2192,0,0,0,0,0,0,0,0.000601336,0.000601336,0.000601336
20,1177.26,0.9004,0.52146,1.22603,0.85834,0.85794,0.929,0.68556,1.15503,0.60599,1.12661,0.000325855,0.000325855,0.000325855
1,59.8404,1.13131,2.13103,0.95662,0,0,0,0,0,0,0,0.0627835,0.00222447,0.00222447
2,118.809,1.02185,1.3022,0.87549,0,0,0,0,0,0,0,0.0251996,0.00423682,0.00423682
3,177.672,1.00403,1.24591,0.84766,0,0,0,0,0,0,0,0.00508106,0.00508106,0.00508106
4,236.374,1.00789,1.15978,0.84768,0,0,0,0,0,0,0,0.0048016,0.0048016,0.0048016
5,295.073,0.94486,0.98813,0.81833,0,0,0,0,0,0,0,0.00452213,0.00452213,0.00452213
6,353.705,0.97809,0.96275,0.81606,0,0,0,0,0,0,0,0.00424266,0.00424266,0.00424266
7,412.404,0.94616,0.86116,0.80953,0,0,0,0,0,0,0,0.00396319,0.00396319,0.00396319
8,471.144,0.89129,0.83934,0.79643,0,0,0,0,0,0,0,0.00368373,0.00368373,0.00368373
9,529.885,0.88256,0.78436,0.78271,0,0,0,0,0,0,0,0.00340426,0.00340426,0.00340426
10,588.587,0.90764,0.79662,0.7829,0,0,0,0,0,0,0,0.00312479,0.00312479,0.00312479
11,647.647,0.86047,0.64673,0.78558,0,0,0,0,0,0,0,0.00284532,0.00284532,0.00284532
12,706.258,0.83539,0.61841,0.77787,0,0,0,0,0,0,0,0.00256586,0.00256586,0.00256586
13,764.959,0.87286,0.59956,0.78424,0,0,0,0,0,0,0,0.00228639,0.00228639,0.00228639
14,823.631,0.79309,0.55293,0.74359,0,0,0,0,0,0,0,0.00200692,0.00200692,0.00200692
15,882.232,0.79069,0.53366,0.74226,0,0,0,0,0,0,0,0.00172745,0.00172745,0.00172745
16,940.878,0.79158,0.53022,0.75193,0,0,0,0,0,0,0,0.00144799,0.00144799,0.00144799
17,999.553,0.73331,0.49392,0.72128,0,0,0,0,0,0,0,0.00116852,0.00116852,0.00116852
18,1058.18,0.7324,0.48032,0.71631,0,0,0,0,0,0,0,0.00088905,0.00088905,0.00088905
19,1116.81,0.7238,0.45888,0.71213,0,0,0,0,0,0,0,0.000609582,0.000609582,0.000609582
20,1177.49,0.73009,0.46323,0.70615,0.87909,0.85062,0.94025,0.69252,0.91662,0.54428,0.65192,0.000330115,0.000330115,0.000330115
1,59.8623,1.08312,1.82513,1.00662,0,0,0,0,0,0,0,0.0631269,0.00232441,0.00232441
2,118.746,1.01118,1.15649,0.9148,0,0,0,0,0,0,0,0.0258778,0.00442714,0.00442714
3,177.491,1.00312,1.23402,0.8879,0,0,0,0,0,0,0,0.00534225,0.00534225,0.00534225
4,236.222,0.99197,1.03676,0.89253,0,0,0,0,0,0,0,0.00504837,0.00504837,0.00504837
5,294.933,0.94625,0.91504,0.87458,0,0,0,0,0,0,0,0.0047545,0.0047545,0.0047545
6,353.603,0.96219,0.89182,0.89003,0,0,0,0,0,0,0,0.00446062,0.00446062,0.00446062
7,412.347,0.88335,0.7723,0.8476,0,0,0,0,0,0,0,0.00416674,0.00416674,0.00416674
8,471.029,0.86679,0.78361,0.84315,0,0,0,0,0,0,0,0.00387287,0.00387287,0.00387287
9,529.703,0.86339,0.75533,0.83301,0,0,0,0,0,0,0,0.00357899,0.00357899,0.00357899
10,588.421,0.8503,0.70868,0.82065,0,0,0,0,0,0,0,0.00328512,0.00328512,0.00328512
11,647.478,0.82806,0.58346,0.82085,0,0,0,0,0,0,0,0.00299124,0.00299124,0.00299124
12,706.208,0.80643,0.56215,0.81635,0,0,0,0,0,0,0,0.00269736,0.00269736,0.00269736
13,764.821,0.82071,0.55673,0.81136,0,0,0,0,0,0,0,0.00240349,0.00240349,0.00240349
14,823.442,0.7473,0.50876,0.7831,0,0,0,0,0,0,0,0.00210961,0.00210961,0.00210961
15,882.014,0.76338,0.50683,0.7897,0,0,0,0,0,0,0,0.00181574,0.00181574,0.00181574
16,940.58,0.7694,0.48494,0.79499,0,0,0,0,0,0,0,0.00152186,0.00152186,0.00152186
17,999.134,0.70643,0.46328,0.76643,0,0,0,0,0,0,0,0.00122798,0.00122798,0.00122798
18,1057.74,0.71289,0.43987,0.76887,0,0,0,0,0,0,0,0.000934108,0.000934108,0.000934108
19,1116.32,0.69477,0.43349,0.74114,0,0,0,0,0,0,0,0.000640232,0.000640232,0.000640232
20,1176.97,0.69788,0.43137,0.75312,0.8969,0.8663,0.94391,0.69719,0.85956,0.48559,0.68878,0.000346356,0.000346356,0.000346356
1,59.7389,1.10978,1.96519,1.04265,0,0,0,0,0,0,0,0.0631974,0.00227428,0.00227428
2,118.73,0.98988,1.17517,0.91979,0,0,0,0,0,0,0,0.0260238,0.00433149,0.00433149
3,177.509,0.9807,1.21151,0.9168,0,0,0,0,0,0,0,0.00524275,0.00524275,0.00524275
4,236.199,1.01221,1.02178,0.93284,0,0,0,0,0,0,0,0.00495412,0.00495412,0.00495412
5,294.909,0.92132,0.91731,0.89641,0,0,0,0,0,0,0,0.0046655,0.0046655,0.0046655
6,353.55,0.93096,0.90507,0.89233,0,0,0,0,0,0,0,0.00437687,0.00437687,0.00437687
7,412.131,0.8603,0.78776,0.86344,0,0,0,0,0,0,0,0.00408825,0.00408825,0.00408825
8,470.761,0.87051,0.76338,0.86847,0,0,0,0,0,0,0,0.00379962,0.00379962,0.00379962
9,529.463,0.87412,0.73719,0.85936,0,0,0,0,0,0,0,0.003511,0.003511,0.003511
10,588.146,0.8286,0.70763,0.83637,0,0,0,0,0,0,0,0.00322237,0.00322237,0.00322237
11,647.259,0.83086,0.59755,0.85853,0,0,0,0,0,0,0,0.00293375,0.00293375,0.00293375
12,705.822,0.83314,0.55968,0.86044,0,0,0,0,0,0,0,0.00264512,0.00264512,0.00264512
13,764.347,0.82696,0.5466,0.83878,0,0,0,0,0,0,0,0.00235649,0.00235649,0.00235649
14,822.846,0.76354,0.50355,0.80776,0,0,0,0,0,0,0,0.00206787,0.00206787,0.00206787
15,881.38,0.77801,0.50509,0.80997,0,0,0,0,0,0,0,0.00177924,0.00177924,0.00177924
16,939.964,0.75557,0.47536,0.80345,0,0,0,0,0,0,0,0.00149062,0.00149062,0.00149062
17,998.618,0.70425,0.45103,0.78094,0,0,0,0,0,0,0,0.00120199,0.00120199,0.00120199
18,1057.17,0.71769,0.43509,0.7859,0,0,0,0,0,0,0,0.000913368,0.000913368,0.000913368
19,1115.71,0.69577,0.41783,0.76371,0,0,0,0,0,0,0,0.000624742,0.000624742,0.000624742
20,1176.27,0.70316,0.41661,0.76777,0.84548,0.88399,0.92811,0.69556,0.87553,0.50347,0.69964,0.000336117,0.000336117,0.000336117
1,59.8594,0.6385,1.33559,0.92942,0,0,0,0,0,0,0,0.0601583,0.00284736,0.00284736
2,118.765,0.59372,0.93213,0.88351,0,0,0,0,0,0,0,0.0198768,0.00542297,0.00542297
3,177.543,0.54379,0.89919,0.81238,0,0,0,0,0,0,0,0.00600846,0.00600846,0.00600846
4,236.219,0.53618,0.78341,0.80902,0,0,0,0,0,0,0,0.00567768,0.00567768,0.00567768
5,294.853,0.53489,0.69381,0.81757,0,0,0,0,0,0,0,0.00534691,0.00534691,0.00534691
6,353.483,0.53425,0.64403,0.81537,0,0,0,0,0,0,0,0.00501614,0.00501614,0.00501614
7,412.115,0.52506,0.61002,0.81279,0,0,0,0,0,0,0,0.00468537,0.00468537,0.00468537
8,470.917,0.51285,0.57468,0.80148,0,0,0,0,0,0,0,0.0043546,0.0043546,0.0043546
9,529.647,0.48858,0.55264,0.76218,0,0,0,0,0,0,0,0.00402382,0.00402382,0.00402382
10,588.315,0.49481,0.55902,0.77886,0,0,0,0,0,0,0,0.00369305,0.00369305,0.00369305
11,647.296,0.51405,0.48393,0.81433,0,0,0,0,0,0,0,0.00336228,0.00336228,0.00336228
12,705.844,0.49103,0.43754,0.79031,0,0,0,0,0,0,0,0.00303151,0.00303151,0.00303151
13,764.489,0.49719,0.42784,0.78419,0,0,0,0,0,0,0,0.00270074,0.00270074,0.00270074
14,823.074,0.46599,0.41966,0.76811,0,0,0,0,0,0,0,0.00236996,0.00236996,0.00236996
15,881.739,0.46878,0.40162,0.76878,0,0,0,0,0,0,0,0.00203919,0.00203919,0.00203919
16,940.382,0.47119,0.39935,0.76729,0,0,0,0,0,0,0,0.00170842,0.00170842,0.00170842
17,999.032,0.4427,0.37655,0.75314,0,0,0,0,0,0,0,0.00137765,0.00137765,0.00137765
18,1057.65,0.4369,0.36387,0.73117,0,0,0,0,0,0,0,0.00104688,0.00104688,0.00104688
19,1116.17,0.42947,0.35684,0.7195,0,0,0,0,0,0,0,0.000716105,0.000716105,0.000716105
20,1176.76,0.4384,0.36902,0.73351,0.86818,0.84958,0.92866,0.69119,0.53179,0.3906,0.66467,0.000385333,0.000385333,0.000385333
1,59.8365,1.01257,1.67636,0.88154,0,0,0,0,0,0,0,0.0653679,0.00175762,0.00175762
2,118.849,0.93868,1.04271,0.82436,0,0,0,0,0,0,0,0.0304249,0.00334753,0.00334753
3,177.656,0.86972,1.00464,0.77184,0,0,0,0,0,0,0,0.00435104,0.00435104,0.00435104
4,236.431,0.85936,0.88625,0.75883,0,0,0,0,0,0,0,0.00411156,0.00411156,0.00411156
5,295.219,0.82867,0.80335,0.76195,0,0,0,0,0,0,0,0.00387208,0.00387208,0.00387208
6,353.973,0.84348,0.77674,0.76482,0,0,0,0,0,0,0,0.00363259,0.00363259,0.00363259
7,412.684,0.82236,0.73517,0.76405,0,0,0,0,0,0,0,0.00339311,0.00339311,0.00339311
8,471.426,0.82084,0.69321,0.75647,0,0,0,0,0,0,0,0.00315363,0.00315363,0.00315363
9,530.151,0.78815,0.64754,0.72628,0,0,0,0,0,0,0,0.00291415,0.00291415,0.00291415
10,588.909,0.7756,0.64806,0.73377,0,0,0,0,0,0,0,0.00267467,0.00267467,0.00267467
11,648.011,0.78649,0.54998,0.74432,0,0,0,0,0,0,0,0.00243519,0.00243519,0.00243519
12,706.668,0.76208,0.52931,0.73109,0,0,0,0,0,0,0,0.00219571,0.00219571,0.00219571
13,765.28,0.77974,0.51585,0.73569,0,0,0,0,0,0,0,0.00195623,0.00195623,0.00195623
14,823.965,0.70829,0.46627,0.69061,0,0,0,0,0,0,0,0.00171675,0.00171675,0.00171675
15,882.615,0.71707,0.45277,0.69588,0,0,0,0,0,0,0,0.00147727,0.00147727,0.00147727
16,941.263,0.71294,0.44079,0.69933,0,0,0,0,0,0,0,0.00123778,0.00123778,0.00123778
17,999.906,0.6636,0.41466,0.67639,0,0,0,0,0,0,0,0.000998303,0.000998303,0.000998303
18,1058.55,0.6637,0.40331,0.6739,0,0,0,0,0,0,0,0.000758822,0.000758822,0.000758822
19,1117.23,0.65071,0.40072,0.6653,0,0,0,0,0,0,0,0.000519341,0.000519341,0.000519341
20,1177.96,0.66037,0.40717,0.66571,0.86036,0.85794,0.93369,0.68808,0.82833,0.4659,0.6119,0.00027986,0.00027986,0.00027986
1,59.861,1.06447,1.80062,1.01982,0,0,0,0,0,0,0,0.0661717,0.0020981,0.0020981
2,118.872,1.00929,1.22709,0.95405,0,0,0,0,0,0,0,0.0320018,0.00399615,0.00399615
3,177.478,0.97393,1.20024,0.91395,0,0,0,0,0,0,0,0.00526129,0.00526129,0.00526129
4,236.12,0.94666,1.0146,0.89475,0,0,0,0,0,0,0,0.00497193,0.00497193,0.00497193
5,294.765,0.91889,0.9012,0.86994,0,0,0,0,0,0,0,0.00468257,0.00468257,0.00468257
6,353.482,0.96551,0.93647,0.91515,0,0,0,0,0,0,0,0.00439321,0.00439321,0.00439321
7,412.134,0.90061,0.87073,0.88752,0,0,0,0,0,0,0,0.00410386,0.00410386,0.00410386
8,470.773,0.89247,0.82709,0.8639,0,0,0,0,0,0,0,0.0038145,0.0038145,0.0038145
9,529.432,0.92301,0.8554,0.89806,0,0,0,0,0,0,0,0.00352514,0.00352514,0.00352514
10,588.086,0.87133,0.76762,0.85486,0,0,0,0,0,0,0,0.00323578,0.00323578,0.00323578
11,647.04,0.85457,0.64421,0.86594,0,0,0,0,0,0,0,0.00294643,0.00294643,0.00294643
12,705.534,0.83778,0.62337,0.86648,0,0,0,0,0,0,0,0.00265707,0.00265707,0.00265707
13,764.105,0.86543,0.6286,0.86558,0,0,0,0,0,0,0,0.00236771,0.00236771,0.00236771
14,822.643,0.80002,0.59798,0.83338,0,0,0,0,0,0,0,0.00207835,0.00207835,0.00207835
15,881.235,0.79141,0.57035,0.80683,0,0,0,0,0,0,0,0.001789,0.001789,0.001789
16,939.802,0.80053,0.56074,0.82858,0,0,0,0,0,0,0,0.00149964,0.00149964,0.00149964
17,998.359,0.72146,0.51907,0.79484,0,0,0,0,0,0,0,0.00121028,0.00121028,0.00121028
18,1056.98,0.71949,0.48639,0.77871,0,0,0,0,0,0,0,0.000920924,0.000920924,0.000920924
19,1115.57,0.7072,0.47551,0.76719,0,0,0,0,0,0,0,0.000631567,0.000631567,0.000631567
20,1176.16,0.72065,0.48705,0.78299,0.8493,0.8634,0.92896,0.68821,0.87531,0.54967,0.7033,0.000342209,0.000342209,0.000342209
1,59.8707,1.07906,1.89282,0.99824,0,0,0,0,0,0,0,0.0623961,0.00208359,0.00208359
2,118.905,0.99373,1.20451,0.92399,0,0,0,0,0,0,0,0.0244371,0.00396837,0.00396837
3,177.672,0.96743,1.15574,0.88998,0,0,0,0,0,0,0,0.00472939,0.00472939,0.00472939
4,236.37,0.95296,1.0559,0.88856,0,0,0,0,0,0,0,0.00446908,0.00446908,0.00446908
5,295.103,0.94889,0.91212,0.89241,0,0,0,0,0,0,0,0.00420878,0.00420878,0.00420878
6,353.833,0.92491,0.90842,0.85756,0,0,0,0,0,0,0,0.00394847,0.00394847,0.00394847
7,412.669,0.88802,0.86094,0.84838,0,0,0,0,0,0,0,0.00368817,0.00368817,0.00368817
8,471.442,0.89576,0.83436,0.84326,0,0,0,0,0,0,0,0.00342786,0.00342786,0.00342786
9,530.081,0.83277,0.73925,0.81782,0,0,0,0,0,0,0,0.00316756,0.00316756,0.00316756
10,588.751,0.81941,0.74806,0.82192,0,0,0,0,0,0,0,0.00290725,0.00290725,0.00290725
11,647.846,0.83669,0.62161,0.82847,0,0,0,0,0,0,0,0.00264694,0.00264694,0.00264694
12,706.568,0.79593,0.58691,0.82593,0,0,0,0,0,0,0,0.00238664,0.00238664,0.00238664
13,765.25,0.81797,0.57221,0.82113,0,0,0,0,0,0,0,0.00212633,0.00212633,0.00212633
14,823.893,0.7465,0.54094,0.78067,0,0,0,0,0,0,0,0.00186603,0.00186603,0.00186603
15,882.591,0.75831,0.53993,0.78224,0,0,0,0,0,0,0,0.00160572,0.00160572,0.00160572
16,941.242,0.77078,0.50506,0.79172,0,0,0,0,0,0,0,0.00134542,0.00134542,0.00134542
17,999.883,0.72137,0.47471,0.77121,0,0,0,0,0,0,0,0.00108511,0.00108511,0.00108511
18,1058.54,0.72537,0.47319,0.7629,0,0,0,0,0,0,0,0.000824807,0.000824807,0.000824807
19,1117.16,0.70327,0.45723,0.76162,0,0,0,0,0,0,0,0.000564501,0.000564501,0.000564501
20,1177.9,0.70057,0.46422,0.75028,0.89486,0.87187,0.93737,0.6921,0.89602,0.5344,0.70239,0.000304196,0.000304196,0.000304196
1,59.8925,1.19761,1.85465,1.13336,0,0,0,0,0,0,0,0.0633459,0.00200648,0.00200648
2,118.77,1.28858,1.31911,1.16474,0,0,0,0,0,0,0,0.0263481,0.0038215,0.0038215
3,177.568,1.27768,1.34056,1.13408,0,0,0,0,0,0,0,0.00467534,0.00467534,0.00467534
4,236.296,1.34031,1.31476,1.17532,0,0,0,0,0,0,0,0.00441801,0.00441801,0.00441801
5,294.992,1.3719,1.31547,1.20497,0,0,0,0,0,0,0,0.00416068,0.00416068,0.00416068
6,353.697,1.41072,1.33803,1.225,0,0,0,0,0,0,0,0.00390335,0.00390335,0.00390335
7,412.291,1.3459,1.29075,1.20541,0,0,0,0,0,0,0,0.00364602,0.00364602,0.00364602
8,470.972,1.34692,1.2546,1.2043,0,0,0,0,0,0,0,0.00338869,0.00338869,0.00338869
9,529.676,1.27414,1.18031,1.14516,0,0,0,0,0,0,0,0.00313136,0.00313136,0.00313136
10,588.363,1.26195,1.17919,1.15877,0,0,0,0,0,0,0,0.00287402,0.00287402,0.00287402
11,647.405,1.26557,1.10141,1.17781,0,0,0,0,0,0,0,0.00261669,0.00261669,0.00261669
12,706.077,1.25415,1.03939,1.17629,0,0,0,0,0,0,0,0.00235936,0.00235936,0.00235936
13,764.692,1.23478,1.03794,1.17269,0,0,0,0,0,0,0,0.00210203,0.00210203,0.00210203
14,823.234,1.17469,0.92954,1.13137,0,0,0,0,0,0,0,0.0018447,0.0018447,0.0018447
15,881.741,1.18357,0.95103,1.12657,0,0,0,0,0,0,0,0.00158737,0.00158737,0.00158737
16,940.319,1.18576,0.95068,1.1228,0,0,0,0,0,0,0,0.00133004,0.00133004,0.00133004
17,998.875,1.1162,0.85433,1.09136,0,0,0,0,0,0,0,0.00107271,0.00107271,0.00107271
18,1057.44,1.05485,0.7948,1.03708,0,0,0,0,0,0,0,0.00081538,0.00081538,0.00081538
19,1115.95,1.05507,0.77627,1.03986,0,0,0,0,0,0,0,0.00055805,0.00055805,0.00055805
20,1176.53,1.03481,0.77195,1.03178,0.8054,0.76088,0.84325,0.58463,1.1566,0.83812,0.88906,0.000300719,0.000300719,0.000300719
1,59.7379,1.03232,1.90294,0.89138,0,0,0,0,0,0,0,0.0589018,0.00254436,0.00254436
2,118.604,0.95304,1.22007,0.81218,0,0,0,0,0,0,0,0.0173892,0.00484629,0.00484629
3,177.37,0.96046,1.40504,0.80126,0,0,0,0,0,0,0,0.00525267,0.00525267,0.00525267
4,236.003,0.95653,1.10176,0.81443,0,0,0,0,0,0,0,0.00496401,0.00496401,0.00496401
5,294.701,0.90715,0.96031,0.77517,0,0,0,0,0,0,0,0.00467535,0.00467535,0.00467535
6,353.43,0.92093,0.89405,0.78363,0,0,0,0,0,0,0,0.00438668,0.00438668,0.00438668
7,412.118,0.8756,0.84831,0.76605,0,0,0,0,0,0,0,0.00409802,0.00409802,0.00409802
8,470.766,0.874,0.81415,0.76197,0,0,0,0,0,0,0,0.00380935,0.00380935,0.00380935
9,529.591,0.84195,0.75179,0.73832,0,0,0,0,0,0,0,0.00352069,0.00352069,0.00352069
10,588.273,0.83892,0.74932,0.74425,0,0,0,0,0,0,0,0.00323203,0.00323203,0.00323203
11,647.28,0.82294,0.6301,0.74479,0,0,0,0,0,0,0,0.00294336,0.00294336,0.00294336
12,705.841,0.81715,0.59988,0.74359,0,0,0,0,0,0,0,0.0026547,0.0026547,0.0026547
13,764.396,0.81321,0.57442,0.73852,0,0,0,0,0,0,0,0.00236604,0.00236604,0.00236604
14,823.011,0.74671,0.53131,0.70993,0,0,0,0,0,0,0,0.00207737,0.00207737,0.00207737
15,881.592,0.76359,0.51854,0.7023,0,0,0,0,0,0,0,0.00178871,0.00178871,0.00178871
16,940.222,0.75777,0.50612,0.70688,0,0,0,0,0,0,0,0.00150004,0.00150004,0.00150004
17,998.806,0.71785,0.47809,0.6941,0,0,0,0,0,0,0,0.00121138,0.00121138,0.00121138
18,1057.33,0.69854,0.45631,0.68557,0,0,0,0,0,0,0,0.000922717,0.000922717,0.000922717
19,1115.95,0.69602,0.44494,0.67379,0,0,0,0,0,0,0,0.000634053,0.000634053,0.000634053
20,1176.51,0.70592,0.4608,0.6839,0.88231,0.86908,0.9315,0.68497,0.89939,0.52175,0.62407,0.00034539,0.00034539,0.00034539
1,59.7483,1.02589,2.12133,1.01812,0,0,0,0,0,0,0,0.0615698,0.00234022,0.00234022
2,118.665,0.89547,1.2665,0.89582,0,0,0,0,0,0,0,0.0227559,0.0044573,0.0044573
3,177.362,0.8965,1.21272,0.89159,0,0,0,0,0,0,0,0.00517119,0.00517119,0.00517119
4,236.088,0.93042,1.06015,0.90148,0,0,0,0,0,0,0,0.00488679,0.00488679,0.00488679
5,294.809,0.87616,0.99358,0.88059,0,0,0,0,0,0,0,0.00460239,0.00460239,0.00460239
6,353.518,0.88833,0.91943,0.88174,0,0,0,0,0,0,0,0.00431799,0.00431799,0.00431799
7,412.203,0.80636,0.81167,0.83897,0,0,0,0,0,0,0,0.00403358,0.00403358,0.00403358
8,470.87,0.81023,0.78599,0.84912,0,0,0,0,0,0,0,0.00374918,0.00374918,0.00374918
9,529.555,0.82002,0.78374,0.84257,0,0,0,0,0,0,0,0.00346478,0.00346478,0.00346478
10,588.222,0.79777,0.75978,0.83059,0,0,0,0,0,0,0,0.00318038,0.00318038,0.00318038
11,647.256,0.79503,0.62203,0.83241,0,0,0,0,0,0,0,0.00289597,0.00289597,0.00289597
12,705.852,0.75498,0.5905,0.81706,0,0,0,0,0,0,0,0.00261157,0.00261157,0.00261157
13,764.497,0.77258,0.56777,0.82303,0,0,0,0,0,0,0,0.00232717,0.00232717,0.00232717
14,823.181,0.71162,0.53231,0.78097,0,0,0,0,0,0,0,0.00204277,0.00204277,0.00204277
15,881.765,0.71567,0.51073,0.78288,0,0,0,0,0,0,0,0.00175836,0.00175836,0.00175836
16,940.405,0.70786,0.50207,0.78536,0,0,0,0,0,0,0,0.00147396,0.00147396,0.00147396
17,999.1,0.65601,0.46676,0.75527,0,0,0,0,0,0,0,0.00118956,0.00118956,0.00118956
18,1057.75,0.66007,0.45103,0.75423,0,0,0,0,0,0,0,0.000905155,0.000905155,0.000905155
19,1116.42,0.64162,0.43501,0.74232,0,0,0,0,0,0,0,0.000620752,0.000620752,0.000620752
20,1177.09,0.64472,0.44579,0.7361,0.8964,0.86765,0.93704,0.70333,0.81213,0.4826,0.6792,0.00033635,0.00033635,0.00033635
1,59.7493,1.07679,1.73857,1.4502,0,0,0,0,0,0,0,0.0624104,0.0029208,0.0029208
2,118.644,1.00438,1.23294,1.31998,0,0,0,0,0,0,0,0.0243833,0.00556353,0.00556353
3,177.444,0.99619,1.18656,1.31538,0,0,0,0,0,0,0,0.00649662,0.00649662,0.00649662
4,236.187,1.03511,1.09263,1.36513,0,0,0,0,0,0,0,0.00613993,0.00613993,0.00613993
5,294.84,0.9726,1.00348,1.32101,0,0,0,0,0,0,0,0.00578324,0.00578324,0.00578324
6,353.527,0.94554,0.94134,1.27191,0,0,0,0,0,0,0,0.00542655,0.00542655,0.00542655
7,412.167,0.9035,0.86028,1.24634,0,0,0,0,0,0,0,0.00506986,0.00506986,0.00506986
8,470.837,0.91467,0.83678,1.27491,0,0,0,0,0,0,0,0.00471317,0.00471317,0.00471317
9,529.536,0.86296,0.74898,1.20871,0,0,0,0,0,0,0,0.00435648,0.00435648,0.00435648
10,588.141,0.8525,0.72705,1.21994,0,0,0,0,0,0,0,0.00399979,0.00399979,0.00399979
11,647.25,0.84913,0.63102,1.22025,0,0,0,0,0,0,0,0.0036431,0.0036431,0.0036431
12,705.868,0.81568,0.57712,1.20191,0,0,0,0,0,0,0,0.00328642,0.00328642,0.00328642
13,764.4,0.81866,0.57392,1.18506,0,0,0,0,0,0,0,0.00292973,0.00292973,0.00292973
14,823.06,0.76161,0.53107,1.15738,0,0,0,0,0,0,0,0.00257304,0.00257304,0.00257304
15,881.728,0.77393,0.52817,1.14947,0,0,0,0,0,0,0,0.00221635,0.00221635,0.00221635
16,940.286,0.76793,0.48516,1.14979,0,0,0,0,0,0,0,0.00185966,0.00185966,0.00185966
17,998.949,0.70736,0.44789,1.1057,0,0,0,0,0,0,0,0.00150297,0.00150297,0.00150297
18,1057.56,0.70429,0.44512,1.10475,0,0,0,0,0,0,0,0.00114628,0.00114628,0.00114628
19,1116.2,0.69269,0.43048,1.07407,0,0,0,0,0,0,0,0.000789589,0.000789589,0.000789589
20,1176.83,0.68739,0.42133,1.07872,0.85893,0.8819,0.93296,0.70063,0.85888,0.48086,0.98035,0.000432899,0.000432899,0.000432899
1,59.855,1.11555,1.72878,1.56059,0,0,0,0,0,0,0,0.0631818,0.00262283,0.00262283
2,118.786,0.9934,0.9968,1.40785,0,0,0,0,0,0,0,0.0259589,0.00499619,0.00499619
3,177.558,1.01042,1.12578,1.39991,0,0,0,0,0,0,0,0.00599262,0.00599262,0.00599262
4,236.203,1.0032,0.9233,1.36882,0,0,0,0,0,0,0,0.00566393,0.00566393,0.00566393
5,294.85,0.98112,0.81237,1.37789,0,0,0,0,0,0,0,0.00533524,0.00533524,0.00533524
6,353.51,1.04526,0.77567,1.41065,0,0,0,0,0,0,0,0.00500655,0.00500655,0.00500655
7,412.249,0.96466,0.7344,1.36531,0,0,0,0,0,0,0,0.00467786,0.00467786,0.00467786
8,470.896,0.92266,0.67086,1.31793,0,0,0,0,0,0,0,0.00434917,0.00434917,0.00434917
9,529.566,0.92727,0.65861,1.31001,0,0,0,0,0,0,0,0.00402048,0.00402048,0.00402048
10,588.235,0.89043,0.64423,1.28008,0,0,0,0,0,0,0,0.00369179,0.00369179,0.00369179
11,647.188,0.86744,0.53288,1.29069,0,0,0,0,0,0,0,0.0033631,0.0033631,0.0033631
12,705.775,0.86169,0.51349,1.28764,0,0,0,0,0,0,0,0.00303441,0.00303441,0.00303441
13,764.367,0.87601,0.49173,1.26337,0,0,0,0,0,0,0,0.00270573,0.00270573,0.00270573
14,823.045,0.77432,0.44822,1.20715,0,0,0,0,0,0,0,0.00237704,0.00237704,0.00237704
15,881.547,0.80317,0.45575,1.22575,0,0,0,0,0,0,0,0.00204835,0.00204835,0.00204835
16,940.163,0.80808,0.42686,1.23282,0,0,0,0,0,0,0,0.00171966,0.00171966,0.00171966
17,998.778,0.75004,0.39929,1.19343,0,0,0,0,0,0,0,0.00139097,0.00139097,0.00139097
18,1057.42,0.72743,0.38195,1.17366,0,0,0,0,0,0,0,0.00106228,0.00106228,0.00106228
19,1115.92,0.71926,0.36217,1.14354,0,0,0,0,0,0,0,0.000733588,0.000733588,0.000733588
20,1176.5,0.71323,0.37712,1.14306,0.89543,0.86908,0.93405,0.68942,0.92557,0.41463,1.07448,0.000404899,0.000404899,0.000404899
1,59.8903,1.07522,1.86684,0.87494,0,0,0,0,0,0,0,0.0641966,0.0022206,0.0022206
2,118.855,0.97656,1.20589,0.7961,0,0,0,0,0,0,0,0.028032,0.00422965,0.00422965
3,177.662,0.97432,1.28578,0.77814,0,0,0,0,0,0,0,0.00526179,0.00526179,0.00526179
4,236.312,0.95731,1.10435,0.77836,0,0,0,0,0,0,0,0.00497268,0.00497268,0.00497268
5,295.017,0.93733,0.92172,0.76816,0,0,0,0,0,0,0,0.00468357,0.00468357,0.00468357
6,353.603,0.93342,0.87712,0.74686,0,0,0,0,0,0,0,0.00439447,0.00439447,0.00439447
7,412.27,0.92317,0.87846,0.75316,0,0,0,0,0,0,0,0.00410536,0.00410536,0.00410536
8,470.94,0.89863,0.82548,0.75103,0,0,0,0,0,0,0,0.00381626,0.00381626,0.00381626
9,529.695,0.87157,0.7791,0.73082,0,0,0,0,0,0,0,0.00352715,0.00352715,0.00352715
10,588.41,0.8685,0.76797,0.72277,0,0,0,0,0,0,0,0.00323804,0.00323804,0.00323804
11,647.425,0.8309,0.61741,0.71202,0,0,0,0,0,0,0,0.00294894,0.00294894,0.00294894
12,705.95,0.81564,0.59631,0.71362,0,0,0,0,0,0,0,0.00265983,0.00265983,0.00265983
13,764.504,0.82924,0.58595,0.71484,0,0,0,0,0,0,0,0.00237072,0.00237072,0.00237072
14,823.035,0.76249,0.53493,0.69319,0,0,0,0,0,0,0,0.00208162,0.00208162,0.00208162
15,881.537,0.76584,0.51995,0.68734,0,0,0,0,0,0,0,0.00179251,0.00179251,0.00179251
16,940.051,0.76466,0.51068,0.68749,0,0,0,0,0,0,0,0.00150341,0.00150341,0.00150341
17,998.584,0.69542,0.45977,0.66389,0,0,0,0,0,0,0,0.0012143,0.0012143,0.0012143
18,1057.07,0.70673,0.4575,0.66567,0,0,0,0,0,0,0,0.000925193,0.000925193,0.000925193
19,1115.65,0.68805,0.44822,0.64532,0,0,0,0,0,0,0,0.000636087,0.000636087,0.000636087
20,1176.27,0.6873,0.443,0.65262,0.91842,0.83844,0.94814,0.70989,0.85701,0.49228,0.58679,0.000346981,0.000346981,0.000346981
